Step,Time,X,Y,Z,Vx,Vy,Vz,Roll,Pitch,Yaw,Thrust,GimbalYaw,GimbalPitch,Mass,Reward
0,0.01,14.953015363356583,0.0171009917690656,9.999919003541496,-4.698464027088129,1.710098180264615,-0.016199425890242612,-65.60138925515662,89.99999022811397,94.3986296116533,0.0,1.992392987012863,0.43977692723274225,200.0,0.18547950532848997
1,0.02,14.906025869293403,0.03420375340210162,9.999676006380552,-4.699434901582845,1.7104538205602087,-0.03239993334155512,-69.51045533332136,89.9999585589846,90.48960270517614,25.84927137941122,-0.09439624845981598,-1.353708952665329,199.99989460032057,0.18488815497096878
2,0.03,14.859030591105094,0.05130863501998302,9.999271005937693,-4.699620789148963,1.7105223570007646,-0.048600120509007354,-60.821699389450266,89.9999344648777,99.17841649326046,4.953029486350715,1.1743096262216568,0.6698761880397797,199.9998744044817,0.18574844651063133
3,0.04,14.812025485431118,0.06841709905714004,9.998704004399572,-4.701400370353397,1.711170385578934,-0.06480017182017932,-47.564822359548955,89.99990347825552,112.43540757275773,47.34810467809439,-0.7630931586027145,1.487993597984314,199.99968134391216,0.18463880887819795
4,0.05,14.765011481800949,0.0855288031138343,9.997975002647413,-4.7014003643817235,1.7111704018530383,-0.08100017038821095,-37.37882841934756,89.99985897220223,122.62156789271236,0.0,1.7600814998149872,-0.0014685982023365793,199.99968134391216,0.18631845387417834
5,0.06,14.717997478071489,0.1026405068963869,9.997084001125177,-4.701400384592308,1.7111703461894747,-0.09720013318759974,-32.59975435117092,89.99981095130153,127.40080867337412,0.0,0.37721820175647736,1.4264391362667084,199.99968134391216,0.1865373519369231
6,0.07,14.67097140628686,0.11975660229253132,9.996030999979084,-4.703813974323992,1.712048729922281,-0.11340009457189998,-29.522583696197334,89.9997568453255,130.47818703625376,64.21166136860847,1.1352986097335815,1.053747534751892,199.99941952266295,0.18474929206811747
7,0.08,14.623920597373345,0.13688170031207297,9.994815999261608,-4.706347809484254,1.7129708724216328,-0.12960003392558447,-27.294127520499416,89.99969698973085,132.70692066369824,67.41057582199574,-1.964212954044342,1.8036048114299774,199.99914465792972,0.1848436105613739
8,0.09,14.576853689372498,0.15401265694572866,9.993438999145916,-4.707033789852589,1.7132204568256635,-0.14579999047517328,-25.861333198994892,89.99963536468017,134.1400290082938,18.249363899230957,1.192418858408928,0.5149498209357262,199.99907024666,0.18657425405330466
9,0.1,14.529771693722015,0.1711491040220266,9.991899999479422,-4.709365340782757,1.714068957388188,-0.16199994985469351,-24.89590069197171,89.99957350182079,135.10579857856683,62.028679847717285,-0.6149634718894957,1.2644398212432861,199.99881732645676,0.18541951668228646
10,0.11,14.482663195163948,0.18829519608177503,9.990198999887951,-4.712334372034116,1.7151494515551189,-0.1781999615277249,-24.153249848791248,89.9995114467274,135.84881723442703,78.98821972310543,-1.5860962867736816,-0.005549218622036277,199.99849525420507,0.18508647172519455
11,0.12,14.435539851404988,0.2054466904878878,9.988336000091053,-4.7123343797596755,1.7151494296617105,-0.19439998866453992,-23.545360087478812,89.9994490552949,136.45708902073676,0.0,-0.9444312751293183,-1.9973304867744446,199.99849525420507,0.18774705777835118
12,0.13,14.38841650754414,0.22259818460736105,9.986311000336045,-4.712334391373567,1.71514939708081,-0.21059996718993293,-23.063381642990727,89.99938655368346,136.93944984074417,0.0,-1.292669028043747,-0.9218625724315643,199.99849525420507,0.18797041968589984
13,0.14,14.341293163585503,0.2397496784514437,9.984124000699266,-4.7123343995761156,1.7151493738725458,-0.22679996148327117,-22.670073899050884,89.9993238727208,137.33314029463514,0.0,0.2497481368482113,-1.3297514617443082,199.99849525420507,0.18819447615064022
14,0.15,14.294169819564164,0.2569011721165375,9.98177500110872,-4.712334404242897,1.7151493603792975,-0.2429999574433394,-22.342860485142015,89.99926111032973,137.66073663478195,0.0,-0.16680261120200157,-0.7707642018795013,199.99849525420507,0.18841923810135042
15,0.16,14.247040133338045,0.27405497358312547,9.979264001614947,-4.713602841313762,1.7156109320278223,-0.2591999409590739,-22.082817364858997,89.99919887138138,137.9211639299656,33.74520018696785,-0.4696075618267059,-1.2175967544317245,199.99835765909728,0.18758974481256224
16,0.17,14.199895231760479,0.29121431177150536,9.97659100253397,-4.715377474959746,1.7162567035640626,-0.27539988089741857,-21.888509846030512,89.99913763959009,138.1158576834593,47.211931608617306,0.1325033511966467,1.1226040124893188,199.9981651537696,0.18738155093480552
17,0.18,14.152741456976665,0.30837687870970765,9.973756003579657,-4.715377481206672,1.7162566857153465,-0.29159990911826905,-21.733739544523033,89.99907697631214,138.27101518910786,0.0,0.4787664860486984,-0.5545154958963393,199.9981651537696,0.18906579441157503
18,0.19,14.105587682154438,0.32553944553552217,9.97075900446558,-4.715377482992983,1.7162566801235943,-0.3077999131992081,-21.60157716698282,89.99901648092258,138.40356490748698,0.0,0.11363848112523556,0.414002351462841,199.9981651537696,0.1892936303499345
19,0.2,14.0584339073035,0.34270201227561303,9.967600005304382,-4.715377486467554,1.7162566698916337,-0.32399991761488844,-21.485789363864985,89.99895603031632,138.51974015417218,0.0,1.8676619231700897,-0.062206718139350414,199.9981651537696,0.18952222864226
20,0.21,14.011274282636567,0.35986670761978506,9.964279006256548,-4.716547449174757,1.7166823927446277,-0.34019989217218827,-21.379444512210288,89.99889541683746,138.6264724204094,31.125283800065517,-0.649438351392746,1.2393422424793243,199.99803824129745,0.18877855129323046
21,0.22,13.964108807998521,0.3770335311417402,9.960796007000663,-4.716547474194766,1.716682323298324,-0.35639994652178714,-21.287377452702255,89.99883499496593,138.71892735352432,0.0,1.2702354788780212,-0.7821624726057053,199.99803824129745,0.18996942508367104
22,0.23,13.916928774442065,0.39420565176733313,9.957151008146994,-4.719459241568149,1.7177417895070761,-0.3725998368281757,-21.226750845202297,89.9987758978849,138.7799429936366,77.46313445270061,0.24442832916975019,0.7466118037700652,199.9977223875382,0.18777876931359946
23,0.24,13.869734182070085,0.41138306977905603,9.953344009815801,-4.719459234101833,1.7177418093367132,-0.38879983084602826,-21.20179717602815,89.99871850822487,138.80528688769056,0.0,0.5509636923670769,-1.7116689682006834,199.9977223875382,0.1904015735052653
24,0.25,13.82253958975097,0.42856048792917484,9.949375011519596,-4.7194592304732765,1.7177418186192603,-0.4049998289058872,-21.178480886077942,89.99866107984012,138.82899323284278,0.0,-0.06258711218833923,-1.255108267068863,199.9977223875382,0.19063436362731737
25,0.26,13.775333961790956,0.44574192105982213,9.945244013518018,-4.721666362014928,1.7185448061779434,-0.4211997719678548,-21.17881818331783,89.99860501563647,138.82904697861105,58.71658556163311,1.3973300158977509,-1.1021816730499268,199.99748297230656,0.1890323948552307
26,0.27,13.728115845855045,0.4629278974692077,9.940951016102057,-4.72195682502918,1.718650476079824,-0.43739972012751105,-21.19782980135517,89.99855013497722,138.81042745992468,7.727185757830739,1.5180149674415588,1.9981497526168823,199.99745146492324,0.19083765067767935
27,0.28,13.680892366886853,0.48011582496679267,9.936496018838726,-4.722738968801214,1.7189350229089466,-0.4535997327989899,-21.21546632599422,89.99849526348898,138.7931834019859,20.807393174618483,0.8763779699802399,0.8221029490232468,199.99736662336088,0.19066112637779759
28,0.29,13.633654739467076,0.4973088999004022,9.931879021421164,-4.7247865258337045,1.7196799344616724,-0.4697997593275475,-21.22845253483727,89.9984401901295,138.78059000095195,54.471231400966644,-0.6804083287715912,-1.9692043960094454,199.99714451844181,0.18983684543464424
29,0.3,13.5864041274343,0.5145066980632409,9.927100024266506,-4.725335875737985,1.7198797118046367,-0.4859996781652153,-21.237425920823842,89.99838485679456,138.77201008627497,14.613704681396484,1.2939733266830442,-0.018893072847276926,199.99708493147062,0.19129857426097296
30,0.31,13.539150768727819,0.5317054953176842,9.922159027553056,-4.725335866748894,1.7198797358114777,-0.5021996658745501,-21.241442579679575,89.99832918875093,138.7683870908101,0.0,1.607416719198227,0.7197227329015732,199.99708493147062,0.19198790608130817
31,0.32,13.491887874766807,0.5489077615264596,9.917056031042819,-4.727242925961427,1.7205735045457238,-0.518399637732892,-21.246929663972043,89.9982736665204,138.7632943837969,50.73331564664841,-0.21849749609827995,-1.553451120853424,199.99687806779826,0.19064112680407608
32,0.33,13.444601043207697,0.5661187355945504,9.911791035207097,-4.730123387041118,1.7216213058266838,-0.5345995302195675,-21.25723161809833,89.99821855939676,138.75338901313276,76.62793681025505,1.6462704539299011,0.6495481729507445,199.996565619534,0.1900517276845251
33,0.34,13.397292423864668,0.5833376353190374,9.906364039999755,-4.731600480164896,1.7221586429110687,-0.5507995187365863,-21.270511901276457,89.99816372718917,138.74050712590633,39.29484721273184,-0.42663186788558954,-0.4446105286478996,199.99640539589603,0.19142971155410374
34,0.35000000000000003,13.349976419091794,0.6005592218236459,9.900775045006453,-4.7316004792193525,1.722158644789469,-0.5669994898945003,-21.289049030175992,89.9981093545494,138.72236834306247,0.0,-1.265891045331955,0.37224099040031433,199.99640539589603,0.19288486583866235
35,0.36,13.302654235069015,0.6177830550865122,9.895024050900727,-4.732836311650936,1.722608045403772,-0.5831993672486244,-21.296886019572085,89.99805410151369,138.71493057873647,32.87517473101616,0.9690516442060471,1.743318885564804,199.99627134829265,0.19210048557942316
36,0.37,13.255317547508737,0.6350121642223016,9.889111056738686,-4.734501211086893,1.7232137523677706,-0.5993994334447652,-21.2913714392241,89.99799753238177,138.72084445055307,44.291449561715126,-1.1008920520544052,-1.561059057712555,199.99609075114867,0.19197494918185826
37,0.38,13.207968886686816,0.6522456286702581,9.883036062655046,-4.735230953237345,1.7234791373906946,-0.615599385882682,-21.268292879391485,89.99793926223569,138.74432259280638,19.4125154055655,0.4162416607141495,1.3528522849082947,199.99601159716127,0.19298058519050548
38,0.39,13.160608504979132,0.669483355831162,9.87679906891226,-4.736845384700973,1.7240663046831974,-0.6317993463692138,-21.240130996264025,89.99788037439025,138.7728843048398,42.94731684029102,-0.19002322107553482,-0.6792404502630234,199.9958364806808,0.19248370642661033
39,0.4,13.113233327461105,0.6867264642306257,9.870400076015777,-4.738190117255997,1.72455537973477,-0.6479992442858008,-21.209953295919743,89.99782110090554,138.80346216600114,35.77272690832615,0.8478721231222153,0.5073917657136917,199.99569061838963,0.19293860984773792
40,0.41000000000000003,13.065847145376372,0.7039735751603166,9.863839083665031,-4.739046301236384,1.7248668019516944,-0.6641992278115882,-21.185145641521533,89.99776217409274,138.82867032590954,22.77656776830554,1.8019978702068329,-0.9244211018085479,199.99559774757304,0.1935794531958432
41,0.42,13.018456682566834,0.7212222437338818,9.857116091322212,-4.739046266194739,1.724866897575629,-0.6803992418785527,-21.163370539356613,89.99770344982302,138.85084553125913,0.0,-1.7235404253005981,-1.0788118839263916,199.99559774757304,0.1945322762394266
42,0.43,12.971051258072759,0.7384763537275291,9.850231099553419,-4.742038630643837,1.7259551065783187,-0.6965991129255003,-21.14724590673587,89.99764514447197,138.8673694909318,79.6023141592741,-0.5230314284563065,-0.9014635533094405,199.99527317136852,0.19229486617925162
43,0.44,12.923630871728813,0.7557359046865596,9.843184108587392,-4.742038636800912,1.7259550889248116,-0.7127990864130791,-21.134662199421626,89.99758717963405,138.8803516132483,0.0,-1.8853013217449186,1.0669945925474165,199.99527317136852,0.1950039007670674
44,0.45,12.876210485306876,0.7729954554239105,9.835975117744493,-4.742038645542846,1.7259550641648511,-0.7289990833069702,-21.1212782483784,89.99752908643457,138.8941342485401,0.0,-0.21332083269953728,1.4648382365703583,199.99527317136852,0.1952571742685007
45,0.46,12.82879009886048,0.7902550060868029,9.828604126792667,-4.742038643711787,1.725955068480533,-0.7451991037462639,-21.109835505196955,89.99747110444451,138.9059757658729,0.0,-0.41553124785423273,0.22362412884831426,199.99527317136852,0.19551156374753198
46,0.47000000000000003,12.781369712418565,0.8075145567548095,9.82107113572795,-4.742038644428621,1.7259550657881566,-0.7613991082834436,-21.100146060055543,89.99741323914813,138.91606397748816,0.0,0.2667010761797428,0.6163540482521057,199.99527317136852,0.19576708474685212
47,0.48,12.733939468311,0.8247776912806211,9.813376144310434,-4.74401016126838,1.726671882841866,-0.7775991285624818,-21.096330408034436,89.99735618668268,138.92027937483212,52.444652169942856,1.7763447761535645,-1.9596241414546967,199.99505932976945,0.19438440580202462
48,0.49,12.686499366898056,0.8420444106546254,9.805519153497237,-4.744010126745954,1.7266719770411934,-0.7937990471226999,-21.095592581804816,89.99729989052868,138.92141748377523,0.0,-0.0059108337154611945,-0.6127657368779182,199.99505932976945,0.19626100715432837
49,0.5,12.639059265717806,0.8593111306612227,9.797500163208014,-4.744010112034069,1.7266720167715188,-0.8099990161047532,-21.091699744808984,89.99724300982503,138.9257098314771,0.0,-0.2375549636781216,-1.0902579128742218,199.99505932976945,0.19652012810932945
50,0.51,12.59160844274366,0.8765817496192895,9.78931917363916,-4.74615448456975,1.7274517699718168,-0.826198899858749,-21.11470722742517,89.99718943551017,138.9031042009675,57.04357109963894,0.6936919689178467,-1.7920295894145968,199.9948267362074,0.19499737042064846
51,0.52,12.54413671832518,0.8938599687045636,9.780976185211568,-4.748190399486257,1.7281920461064073,-0.8423987883028355,-21.186362957885084,89.99714221847728,138.83185481023165,54.15810093283653,1.0560015588998795,0.24986268952488902,199.99460590806905,0.19532674205505762
52,0.53,12.496654814311357,0.911141889109728,9.772471197351281,-4.748190402670086,1.7281920365995533,-0.8585987850601132,-21.27719916363928,89.99709779254738,138.74142692561753,0.0,1.9178925454616544,0.7387235015630722,199.99460590806905,0.19726125703738573
53,0.54,12.449172910283004,0.9284238094674049,9.763804209636339,-4.748190402864046,1.728192035312435,-0.8747987618665496,-21.364343607246123,89.99705319991952,138.65469086012277,0.0,1.619657278060913,1.8285842239856722,199.99460590806905,0.19752547096575893
54,0.55,12.40169100627382,0.9457057298703151,9.754975221834922,-4.748190399702596,1.7281920432620141,-0.8909987954015266,-21.449352188326046,89.99700869781282,138.57009060107174,0.0,-0.052979979664087296,-0.5404521897435188,199.99460590806905,0.19779094671939235
55,0.56,12.354209102273709,0.9629876502907126,9.745984233786993,-4.74819040055671,1.7281920401652657,-0.9071988127517496,-21.533358898110126,89.99696446161948,138.4864921904046,0.0,1.5757352113723755,-0.336822010576725,199.99460590806905,0.1980577009250521
56,0.5700000000000001,12.30672719826801,0.9802695706882566,9.736831245652583,-4.748190400688777,1.7281920390521055,-0.9233988143326003,-21.615510148498693,89.99692031383805,138.40474926633533,0.0,1.2439312785863876,-0.12833627872169018,199.99460590806905,0.19832575050593704
57,0.58,12.259245294409292,0.997551491482576,9.727516257500914,-4.748190374658759,1.7281921099004296,-0.9395988168787182,-21.69555593368637,89.99687617674864,138.3251113226186,0.0,-1.6937963664531708,-0.8344461768865585,199.99460590806905,0.19859511412784686
58,0.59,12.211763390489724,1.0148334121020357,9.718039269363796,-4.748190401035383,1.7281920365993033,-0.9557988114810299,-21.773436890235956,89.99683201412479,138.24763841952077,0.0,0.7233300060033798,-0.4585254564881324,199.99460590806905,0.1988658070419153
59,0.6,12.164270072240427,1.0321194814577321,9.708400282424863,-4.750473237431048,1.72902186586769,-0.9719986092955036,-21.84150787040723,89.99678673318986,138.1799762632872,60.724583119153976,1.236998587846756,1.387147456407547,199.99435830528364,0.19723984039931589
60,0.61,12.116765339986038,1.0494097004425615,9.698599295989357,-4.750473216202097,1.7290219235177948,-0.9881986678411022,-21.90103458570937,89.99674032687915,138.12085857673577,0.0,0.8737655729055405,0.8784807473421097,199.99435830528364,0.19938759973931153
61,0.62,12.069260607907651,1.0666999199040559,9.688636309202634,-4.750473202238243,1.7290219611806175,-1.0043986859119294,-21.961149365287724,89.99669429847229,138.06115224376566,0.0,-0.6764202564954758,1.4112661778926847,199.99435830528364,0.19966252889196795
62,0.63,12.02175587587378,1.0839901394805123,9.678511322270278,-4.750473204199802,1.7290219550357717,-1.0205986978245083,-22.020456573684264,89.99664842664792,138.00225334061523,0.0,1.1817347258329391,0.8502825349569321,199.99435830528364,0.19993886016982576
63,0.64,11.974251143823837,1.101280359005265,9.66822433525847,-4.7504732055478875,1.7290219505771371,-1.0367987029076842,-22.078671627608905,89.99660263758433,137.94444665434514,0.0,0.7385126501321793,-0.56547611951828,199.99435830528364,0.20021661124628454
64,0.65,11.926746411958225,1.1185705790296725,9.657775347790437,-4.750473173604696,1.7290220377148562,-1.052998777364973,-22.138557699785338,89.99655733067374,137.88496833921513,0.0,-1.5115045011043549,-1.6765648126602173,199.99435830528364,0.2004958021435299
65,0.66,11.87924167990421,1.1358607985282096,9.647164360803162,-4.750473225313235,1.7290218946918872,-1.0691986500214499,-22.193936807713122,89.99651149822385,137.82999762824969,0.0,1.164335384964943,0.7107847183942795,199.99435830528364,0.20077644894583097
66,0.67,11.83173694762529,1.1531510174004047,9.63639137437749,-4.750473238128451,1.7290218586748156,-1.0853986084865372,-22.24423119871627,89.99646505942783,137.7801123969554,0.0,1.7713911831378937,1.668718159198761,199.99435830528364,0.20105856950638556
67,0.68,11.784219456914768,1.1704458738668542,9.625456388616543,-4.753024909140878,1.7299494203536057,-1.1015985251887004,-22.281868025284144,89.99641687830969,137.74288647232387,67.87579357624054,1.0108549892902374,-1.277809888124466,199.99408154363806,0.19922079254825265
68,0.6900000000000001,11.736689207943831,1.187745368397997,9.614359403311726,-4.753024889579503,1.7299494734037753,-1.1177985337603062,-22.304248763578162,89.99636657036461,137.72091835073965,0.0,-1.5474185347557068,0.9466376155614853,199.99408154363806,0.20160100762018549
69,0.7000000000000001,11.689158959062176,1.2050448631671316,9.603100417807145,-4.753024886985377,1.7299494797784967,-1.1339985624958056,-22.32705066902584,89.996316481885,137.6985287704266,0.0,-0.07003421429544687,-1.1733515560626984,199.99408154363806,0.2018878259420823
70,0.71,11.641618184104292,1.2223481838858843,9.591679432972551,-4.755130105676085,1.7307146609995594,-1.150198408315031,-22.34181249832994,89.99626518731083,137.68418031793547,55.99915914237499,-1.3584920763969421,1.3295453786849976,199.9938532086365,0.2004260447963523
71,0.72,11.594066883054143,1.2396553304047444,9.580096448924841,-4.755130107928767,1.7307146434806064,-1.1663984030950802,-22.34959573365277,89.99621279617958,137.67681135758227,0.0,-0.6293611973524094,0.55426936596632,199.9938532086365,0.20244449138601578
72,0.73,11.546511212178135,1.2569640648230003,9.568351465201712,-4.7560040650183,1.7310322463730023,-1.1825983418952495,-22.35544206873945,89.99616011726566,137.6713794369734,23.246949948370457,0.4308272525668144,0.7562654465436935,199.99375841984974,0.20200963529141203
73,0.74,11.498951171527061,1.274274387280397,9.556444481785658,-4.7560040651580495,1.7310322452123423,-1.1987983413306968,-22.359610180779395,89.99610718743719,137.66762563372686,0.0,-1.856715828180313,1.5290312469005585,199.99375841984974,0.2030204780607512
74,0.75,11.451391130776061,1.2915847094550783,9.544375498360761,-4.756004081138294,1.7310322004645957,-1.2149983431092586,-22.363728275047716,89.99605426673463,137.66392219161912,0.0,1.5571391582489014,0.9481587260961531,199.99375841984974,0.20331545725218933
75,0.76,11.403831090018556,1.3088950316041168,9.532144514789698,-4.756004071633889,1.7310322258441262,-1.2311983657651517,-22.3685917862336,89.99600150282119,137.65947336294582,0.0,1.949119120836258,-1.1956510692834852,199.99375841984974,0.20361209275278985
76,0.77,11.356270736965214,1.3262054675874912,9.51975153143924,-4.75606653986771,1.7310549685382306,-1.2473983048727342,-22.372196842367742,89.99594852693133,137.65628264241275,1.6619914001785219,0.21548256278038025,1.5742038190364838,199.99375164312642,0.20385846732461568
77,0.78,11.308710071594538,1.3435160173460639,9.507196548293061,-4.756066536215398,1.7310549778164304,-1.2635983217722544,-22.374677790851724,89.99589535606304,137.65421575388015,0.0,-0.7866507768630981,1.6597215831279755,199.99375164312642,0.20420978098160808
78,0.79,11.261149406173873,1.360826566959405,9.494479564713233,-4.756066553207248,1.7310549302944047,-1.2797983857869546,-22.37955669377172,89.99584264945338,137.64975108728967,0.0,0.266414862126112,-1.8362995982170103,199.99375164312642,0.2045115174656829
79,0.8,11.213588740602775,1.3781371161510347,9.481600581051799,-4.7560665572466485,1.7310549183942534,-1.2959983519668097,-22.384417832253074,89.99579004050452,137.64530469799044,0.0,1.996980458498001,-1.5375010669231415,199.99375164312642,0.20481499380704202
80,0.81,11.166025210621696,1.3954487064806438,9.468559597791353,-4.756639442152735,1.7312631387663187,-1.3121983013661793,-22.38960745385878,89.99573751191953,137.64052973813153,15.238790307193995,-0.8325368911027908,-1.8285973370075226,199.9936895073861,0.20464401677517657
81,0.8200000000000001,11.118458816262288,1.4127613380353092,9.455356615112194,-4.756639431762181,1.7312631665732114,-1.328398245714504,-22.39442119158589,89.99568490180175,137.63613049548965,0.0,-0.02661276143044233,1.4512163400650024,199.9936895073861,0.20542141345177367
82,0.8300000000000001,11.07089026187576,1.4300747546321446,9.441991632650032,-4.7570714451859795,1.7314201537798268,-1.3445982539620727,-22.398640827294948,89.9956322433876,137.6323251275914,11.49132345803082,-1.6297255456447601,-0.130644291639328,199.99364265183684,0.20537118484231515
83,0.84,11.02331954718277,1.447388955502452,9.428464650015265,-4.757071484399802,1.7314200450864679,-1.3607982852257252,-22.404402888626098,89.99557989929912,137.62697804194568,0.0,1.5280002355575562,0.16588833183050156,199.99364265183684,0.20603658360660074
84,0.85,10.975748832466097,1.4647031562998223,9.414775667271785,-4.757071459672113,1.7314201123591195,-1.3769982655253414,-22.411002574684858,89.99552765883679,137.62079341949067,0.0,-0.8010531216859818,1.7877355217933655,199.99364265183684,0.2063491644811887
85,0.86,10.928165965528073,1.4820217728408487,9.400924685545121,-4.759501929032535,1.7323031928182384,-1.3931980791302883,-22.41712256223374,89.99547535279537,137.61508863489476,64.64815266430378,0.612332820892334,-0.5020913481712341,199.9933790508066,0.20464344747547433
86,0.87,10.880570946347715,1.4993448050677705,9.386911704866575,-4.759501913609948,1.7323032344825835,-1.409398062633218,-22.422585378158164,89.99542294854561,137.61004116600589,0.0,-1.5625540912151337,0.4279544577002525,199.9933790508066,0.20695528162864968
87,0.88,10.832975927151143,1.516667837242279,9.372736724128297,-4.759501923823718,1.7323032055951195,-1.425598084472292,-22.428213380179642,89.99537060829381,137.60482857352363,0.0,-1.4088204503059387,-0.8361190557479858,199.9933790508066,0.20727372528349108
88,0.89,10.785375694477473,1.5339927633250254,9.35839974376823,-4.76054461050851,1.7326820120597155,-1.4417979874112794,-22.433857804797874,89.9953182887892,137.59959929367588,27.73412235081196,-1.641756296157837,0.7926040142774582,199.99326596570018,0.2067274870077777
89,0.9,10.737770248359883,1.551319583407321,9.343900763860765,-4.760544612456537,1.7326820059215207,-1.457997993191122,-22.438957641723093,89.99526589164647,137.59491417094694,0.0,-1.1276092380285263,-0.24853190407156944,199.99326596570018,0.20790591391238564
90,0.91,10.690164802090035,1.5686464030627987,9.329239783665669,-4.760544639388446,1.732681931019373,-1.474198033708967,-22.44515448961322,89.99521380928338,137.5891325563095,0.0,1.5620721876621244,-0.9123893082141876,199.99326596570018,0.20823034267761575
91,0.92,10.642559355877573,1.5859732228684464,9.314416803500688,-4.76054460588148,1.7326820224665351,-1.4903980053585049,-22.450566401363083,89.99516171242846,137.5841356939445,0.0,-1.6511888802051544,-1.5931883454322815,199.99326596570018,0.2085567915947033
92,0.93,10.594953909870119,1.6033000432305828,9.29943182356888,-4.760544597734935,1.7326820441105284,-1.5065979853216305,-22.45472837127735,89.99510936627004,137.58038809349324,0.0,-0.980755016207695,-0.11627008207142353,199.99326596570018,0.20888528674634266
93,0.9400000000000001,10.547334453928151,1.6206319529648205,9.28428484492719,-4.76334659050924,1.7336999031359495,-1.5227977436563487,-22.468545128848262,89.99505905456614,137.56698550115777,74.52852755784988,-0.3038065508008003,-0.26283515617251396,199.9929620777183,0.20688712348274285
94,0.9500000000000001,10.49970098797029,1.6379689518470562,9.268975867471022,-4.763346599077318,1.7336998787775308,-1.5389977470806215,-22.491852948674385,89.99501080080071,137.5440916208397,0.0,0.5235965177416801,-1.114933118224144,199.9929620777183,0.20952024174595962
95,0.96,10.452067522006717,1.6553059507058385,9.25350489002656,-4.763346594505376,1.7336998905893979,-1.5551977425299464,-22.514662712060694,89.99496253355036,137.52169582438103,0.0,-1.3353447616100311,0.5523782968521118,199.9929620777183,0.20985521744025767
96,0.97,10.404434055987215,1.6726429494029142,9.237871912591858,-4.7633466050833455,1.7336998606956624,-1.5713977444484142,-22.537007328820362,89.99491425470401,137.499765370701,0.0,1.778067946434021,-0.8066713064908981,199.9929620777183,0.21019233880360616
97,0.98,10.356800590060553,1.6899799483478435,9.222076935171183,-4.76334658355488,1.7336999191897362,-1.587597739872984,-22.558883481575617,89.99486595919355,137.47830307741881,0.0,-0.9647490829229355,-0.18972158432006836,199.9929620777183,0.21053163320631976
98,0.99,10.309164520752871,1.7073178930316342,9.206119958055568,-4.763867277300116,1.7338890194448668,-1.6037976868440798,-22.580233334676368,89.99481764502337,137.45736697499316,13.849214259535074,-0.05544009618461132,0.3898986056447029,199.99290560793537,0.2104404159986783
99,1.0,10.261521067987706,1.724658519462463,9.19000098139502,-4.764823276517805,1.7342362645599874,-1.6199976454383573,-22.601911955095325,89.99476948990515,137.436102200918,25.42776793241501,-1.6021418571472168,-1.190745159983635,199.99280192692444,0.21041714942065787
100,1.01,10.213858544535304,1.7420060725566242,9.17372000610536,-4.767681418937743,1.7352743405675757,-1.636197413584694,-22.627751899535884,89.99472237922997,137.41067634165827,76.02048084139824,0.09498361498117447,-1.6667842864990234,199.99249195554486,0.20917287081098962
101,1.02,10.166174026827926,1.759361614216436,9.157277032887585,-4.76922212578915,1.7358339824349187,-1.6523972360475427,-22.65870145755385,89.99467652769479,137.38014096409543,40.98000705242157,-0.5778292566537857,-1.1198921501636505,199.9923248607149,0.21058738917078113
102,1.03,10.118481805552992,1.7767199539899685,9.140672060643194,-4.769222128550105,1.7358339740549928,-1.6685972165462135,-22.6934565496248,89.994631627254,137.34580023736333,0.0,1.9513291120529175,0.4671838507056236,199.9923248607149,0.21220318259064047
103,1.04,10.070789584331317,1.7940782939023867,9.123905088490012,-4.769222117447922,1.7358340038502535,-1.6847972145657537,-22.727228143518367,89.9945866277434,137.3124428385772,0.0,-1.0075709968805313,-0.8987229317426682,199.9923248607149,0.21255649712825964
104,1.05,10.023097363121357,1.8114366338393306,9.106976116352014,-4.769222124282137,1.7358339842598425,-1.700997213611416,-22.76034563616473,89.99454161153805,137.2797395101569,0.0,-0.1294144243001938,-0.6472140550613403,199.9923248607149,0.21291217510296945
105,1.06,9.975405141873875,1.828794973665232,9.089885144213646,-4.769222125088154,1.7358339812675443,-1.7171972142381018,-22.792907484626667,89.99449659441191,137.24759196000429,0.0,-1.0423319786787033,-0.7651790231466293,199.9923248607149,0.2132702439982834
106,1.07,9.927712920585707,1.8461533133713757,9.07263217205004,-4.769222131098157,1.7358339639460152,-1.7333972180135815,-22.82505854962317,89.99445160220279,137.2158553382565,0.0,0.4147063195705414,-1.1714210361242294,199.9923248607149,0.21363073202567784
107,1.08,9.880020699271212,1.8635116529972926,9.05521719986667,-4.769222131011228,1.7358339634115525,-1.7495972185602098,-22.856796290566038,89.99440662851016,137.1845321372215,0.0,0.5329021438956261,-1.136130839586258,199.9923248607149,0.21399366789009347
108,1.09,9.832328477983372,1.8808699926888726,9.037640227674041,-4.769222126939312,1.7358339738509942,-1.7657972200126093,-22.88807611754925,89.99436166267775,137.15366676905114,0.0,0.41018959134817123,-1.6198591887950897,199.9923248607149,0.21435908092231867
109,1.1,9.784636256866332,1.8982283328430174,9.019901255645541,-4.769222105214611,1.735834032896408,-1.7819971938082984,-22.918041693542214,89.99431652534503,137.1241150867434,0.0,-1.9794295728206635,0.827696993947029,199.9923248607149,0.21472700182251286
110,1.11,9.736944035692414,1.9155866728328503,9.002000283477784,-4.769222125258808,1.7358339769361364,-1.7981972307848917,-22.948138973682333,89.99427153415718,137.09443189955314,0.0,0.07880197837948799,-0.4251237958669662,199.9923248607149,0.2150974572284381
111,1.12,9.68924368855686,1.9329479632941866,8.98393731206412,-4.770847302370004,1.7364241139034808,-1.814397050355148,-22.977953419158837,89.9942265830503,137.06503101065348,43.22516083717346,-1.8183647096157072,1.7804370820522308,199.99214861133328,0.21412014190240505
112,1.1300000000000001,9.64153406554645,1.950312621986523,8.965712341625489,-4.771077299500746,1.736507625146016,-1.8305970358527346,-23.006218665028776,89.99418138132636,137.03717844613047,6.11723673529923,0.19391823559999466,0.3653021901845932,199.992123668472,0.21563889706506212
113,1.1400000000000001,9.593822782011696,1.9676778836042474,8.947325371315719,-4.771179407387993,1.7365446985696187,-1.846797026209577,-23.034031482771013,89.99413616692398,137.00977820168893,2.7157545438967645,0.09610975161194801,1.4020030200481415,199.99211259505898,0.21612125062250115
114,1.1500000000000001,9.54611098786122,1.9850433303751895,8.928776400922999,-4.771179417879444,1.7365446689133008,-1.8629970456429152,-23.061942310454928,89.99409107145016,136.98228018510787,0.0,1.605112701654434,0.35969220101833344,199.99211259505898,0.2165861208742113
115,1.16,9.498399193815773,2.002408777427701,8.910065430626975,-4.771179396190992,1.7365447278690933,-1.8791970094471135,-23.08901509974098,89.99404587256949,136.95561986254754,0.0,-0.6504245102405548,1.3821829855442047,199.99211259505898,0.21696986035457697
116,1.17,9.450687399821852,2.019774224614449,8.891192460355303,-4.771179401143642,1.7365447134711627,-1.8953970397077757,-23.11561365037668,89.9940006449727,136.9294336139072,0.0,-0.11301669292151928,-0.3753338009119034,199.99211259505898,0.2173563187643235
117,1.18,9.402975605811449,2.0371396717481653,8.872157489988414,-4.771179401291983,1.7365447122948285,-1.9115970341598751,-23.142229385591783,89.99395551592693,136.90323024418643,0.0,-1.0665937513113022,0.5303363874554634,199.99211259505898,0.2177455270713189
118,1.19,9.355263811731918,2.054505118683805,8.852960519676138,-4.771179412303299,1.7365446811946152,-1.927797017921161,-23.168221653613035,89.99391032804897,136.87765058198931,0.0,1.8814526498317719,1.8392018973827362,199.99211259505898,0.21813751642926826
119,1.2,9.307547400214538,2.0718722420220637,8.833601549942728,-4.772102892761461,1.7368799820797265,-1.9439969280754752,-23.193199259659007,89.99386497077413,136.85308572385057,24.56169990822673,0.8051992952823639,1.1754781007766721,199.99201244541612,0.21776509797866944
120,1.21,9.259821320241413,2.089242875667738,8.814080581148483,-4.773113102559797,1.7372467451365519,-1.9601968293776573,-23.217071649564048,89.99381943043588,136.82962641637695,26.868191622197628,1.6755184531211853,0.3569178283214569,199.99190289111797,0.21808163776276965
121,1.22,9.212086956890202,2.1066165166368,8.794397613201989,-4.77375956835519,1.7374814468221547,-1.9763967599720724,-23.239625511786127,89.99377364519796,136.80748606475439,17.193808369338512,0.6123745441436766,0.6844545900821686,199.99183278384635,0.21877451934745054
122,1.23,9.164349361267963,2.1239913312701244,8.774552645371157,-4.773759559428159,1.7374814706510018,-1.9925967925362364,-23.26237790030614,89.99372800126349,136.78514715891058,0.0,0.0029054516926407814,-1.8328629434108736,199.99183278384635,0.21970883243092973
123,1.24,9.116611765618394,2.141366145820443,8.754545677587004,-4.773759570524814,1.7374814393057587,-2.0087967680499967,-23.28467869650665,89.99368230392233,136.76325994553338,0.0,1.027190461754799,-0.8757629245519638,199.99183278384635,0.22011541821859285
124,1.25,9.06887416984943,2.158740960034064,8.734376710104131,-4.773759580301628,1.737481411592212,-2.0249967377114313,-23.305595107787425,89.99363628067218,136.74275752634915,0.0,1.544866859912872,0.07079010363668203,199.99183278384635,0.2205249823335756
125,1.26,9.021136574104188,2.176115774305302,8.71404574263919,-4.773759570444482,1.7374814379783017,-2.0411967532902113,-23.32624919573036,89.99359023226931,136.72251735910382,0.0,0.5685017257928848,-1.351621001958847,199.99183278384635,0.22093755956862118
126,1.27,8.97339897858125,2.1934905891812213,8.693552775173854,-4.773759537207757,1.73748152876932,-2.0573967539781375,-23.346588342433154,89.99354418460031,136.70259139484455,0.0,-1.7726603150367737,-0.7087977975606918,199.99183278384635,0.22135318611418725
127,1.28,8.925661382978772,2.210865403830437,8.672897807329516,-4.773759579625725,1.7374814111578603,-2.073596802349605,-23.368169476859673,89.99349853419781,136.68142371819354,0.0,1.2000174820423126,-0.6580293923616409,199.99183278384635,0.22177189284510276
128,1.29,8.877911857372418,2.2282445482994566,8.652080841146741,-4.776145532141751,1.7383475088300238,-2.089796445422712,-23.390986950815837,89.99345332380216,136.6590200679228,63.457151278853416,-1.2709520757198334,1.5925447642803192,199.99157403909086,0.22021176930862638
129,1.3,8.830150402058553,2.2456280234047883,8.631101876446783,-4.776145530765001,1.7383475118675165,-2.1059964930623045,-23.41629383659802,89.99340885290441,136.63412663729142,0.0,1.7777393758296967,-1.5664996206760404,199.99157403909086,0.2225954890184204
130,1.31,8.7823889468275,2.263011498730677,8.609960911404086,-4.776145519736086,1.7383475414885141,-2.1221965089484702,-23.442569120033834,89.993364743218,136.60826453912972,0.0,-1.0061297565698624,-0.6209167838096619,199.99157403909086,0.2230238428341904
131,1.32,8.73462576535745,2.28039560060215,8.58865794657482,-4.7764907733882565,1.7384728352463286,-2.1383964583913317,-23.46852641661477,89.99332062711554,136.582720419242,9.182143164798617,-0.09033231995999813,0.026271874085068703,199.9915365991595,0.2231686470877283
132,1.33,8.686847721459936,2.2977850964551925,8.567192983749647,-4.779118001277389,1.7394263486927715,-2.154596121713369,-23.492963548295755,89.99327618870032,136.55869665747085,69.87272299826145,0.6552504003047942,0.575537271797657,199.9912516950902,0.22170470431906936
133,1.34,8.63905654148974,2.315179360055643,8.54556602234524,-4.779117994034617,1.7394263678876705,-2.170796151904121,-23.516151951551727,89.99323146915953,136.53592167637618,0.0,1.205342561006546,-0.5340181663632393,199.9912516950902,0.22429964344998032
134,1.35,8.591255999787858,2.3325770216225985,8.523777061762345,-4.78099034874573,1.7401059388773426,-2.1869959591028856,-23.53752499848469,89.99318635559975,136.51496242117105,49.796649031341076,0.14129221439361572,-0.7843881100416182,199.9910486506497,0.22318618347815128
135,1.36,8.543443735243489,2.3499789379105267,8.501826102521925,-4.7814625604015975,1.7402773179553455,-2.2031958907212186,-23.556172291291283,89.99314056499057,136.49672963823042,12.558734687045217,0.44786941260099405,0.4631628468632698,199.99099744276106,0.2247761369211357
136,1.37,8.495629109649306,2.3673817111133078,8.47971314358441,-4.781462558868174,1.7402773214070693,-2.219395895681161,-23.57434532003291,89.99309470228498,136.47897123252528,0.0,0.11325194500386715,-1.0532394796609879,199.99099744276106,0.22561242644260224
137,1.3800000000000001,8.44781328487879,2.384784919837403,8.457438185006259,-4.781702401562428,1.7403644059806265,-2.235595832940981,-23.59146122350187,89.99304861607337,136.46226961221024,6.379085797816515,-1.5955458581447601,1.0331103950738907,199.99097143221755,0.22586533427679584
138,1.3900000000000001,8.399981582215688,2.4021938906489133,8.435001228323857,-4.7846381304964485,1.741429757862322,-2.2517955008602613,-23.606595370477425,89.99300207207672,136.44754888242753,78.07640813291073,-1.4925272762775421,0.7494470477104187,199.99065307785207,0.22407962588911734
139,1.4000000000000001,8.35213520069459,2.419608187628311,8.41240227272383,-4.784638161620622,1.741429671354678,-2.2679955844785824,-23.621759113913797,89.99295557608788,136.43279816261085,0.0,0.5880497023463249,-1.9148960709571838,199.99065307785207,0.2269487843111678
140,1.41,8.304288819032136,2.437022484210299,8.389641317676842,-4.784638166890055,1.741429656019103,-2.284195453542842,-23.635080972813956,89.99290847668489,136.41988981058213,0.0,1.5134423971176147,1.8439482152462003,199.99065307785207,0.22741173723992641
141,1.42,8.256439444338929,2.4544378673776595,8.366718363296043,-4.7852367765312485,1.7416469642750985,-2.3003954201404175,-23.648271108547345,89.99286117181818,136.40711335640242,15.920833982527256,-0.25356752797961235,-0.7202264666557311,199.99058816109783,0.2273811226017316
142,1.43,8.208587076630996,2.4718543371747006,8.343633409001066,-4.785236767023998,1.7416469897076676,-2.3165954368449913,-23.66210062854482,89.99281421406357,136.3936977522408,0.0,0.7297109812498093,-0.3803519159555435,199.99058816109783,0.22834274400406568
143,1.44,8.160734708974568,2.489270807105978,8.320386454625417,-4.785236764845268,1.741646994939798,-2.3327954375858,-23.675928712706963,89.99276734676391,136.38028341901472,0.0,1.8174134194850922,0.06796943489462137,199.99058816109783,0.22881665864329742
144,1.45,8.112874908183258,2.5066899742523705,8.29697750117827,-4.786723394600792,1.742186431078189,-2.348995251987046,-23.689252374628825,89.9927203766154,136.36737513971244,39.53685253858566,-0.05503591615706682,0.371517613530159,199.9904269506899,0.22805970527515235
145,1.46,8.064999143713823,2.524114933841005,8.27340654966261,-4.7884295001036135,1.7428054843973972,-2.3651950478914694,-23.70216055855257,89.99267334499403,136.35488549029407,45.3736162930727,0.3111122362315655,-0.8674004673957825,199.9902419410414,0.22834465797895248
146,1.47,8.017114848705319,2.541542988660408,8.24967359920506,-4.788429501480402,1.7428054798057735,-2.381395044171874,-23.71498254128651,89.99262633176482,136.34248353886773,0.0,1.2171301990747452,-1.0066428035497665,199.9902419410414,0.23023051367830666
147,1.48,7.9692297108928845,2.5589713492303368,8.225778648871126,-4.788598060977925,1.7428666342585282,-2.3975950224649596,-23.72767833778933,89.99257932076326,136.33020792030268,4.482763479463756,1.8135587871074674,-1.9019445776939392,199.990223662699,0.2305798121229042
148,1.49,7.92134373027173,2.576400015537546,8.201721698764478,-4.788598063000338,1.7428666278807523,-2.4137950034782287,-23.739936150857623,89.99253220486861,136.31837043891701,0.0,1.204994097352028,0.7879891246557236,199.990223662699,0.23121133144241268
149,1.5,7.873457749656073,2.5938286818519454,8.17750274862803,-4.788598059885766,1.7428666356755445,-2.429995024345528,-23.752130500719424,89.99248512058902,136.3065964107204,0.0,0.06237064488232136,-1.0787055641412735,199.990223662699,0.23170841089667293
150,1.51,7.825569766755523,2.611258074641224,8.15312179858604,-4.788998519250891,1.7430119248645917,-2.4461949869444557,-23.76478755228973,89.99243823906289,136.29435977964252,10.6500259693712,0.7377868890762329,-1.6879211366176605,199.99018023751665,0.2318769179898924
151,1.52,7.777679306007517,2.6286883664139813,8.128578848852264,-4.789093630150787,1.7430464302372075,-2.4623949616380174,-23.777467614495063,89.99239140478808,136.28210026753823,2.529421818908304,-0.111391581594944,-0.7662530988454819,199.9901699238701,0.2326317166955302
152,1.53,7.7297850609301815,2.6461200311128916,8.103873899708969,-4.789755385855785,1.743286508058262,-2.47859486833477,-23.790499807290995,89.99234471363938,136.2694887133953,17.59897666051984,-0.3125522658228874,-0.057460879907011986,199.9900981645361,0.2326694196496268
153,1.54,7.6818781496574395,2.6635562906268238,8.079006952720796,-4.791626875371543,1.7439653762830079,-2.49479454359022,-23.8041286258144,89.99229817597991,136.25628090456945,49.77032449096441,0.768081322312355,1.5222203731536865,199.98989522743318,0.23217192322492208
154,1.55,7.633961881021628,2.6809959447107574,8.053978006966435,-4.791626855233178,1.7439654310121464,-2.5109945987749094,-23.81629587974875,89.99225114501876,136.2445355710778,0.0,-0.636366456747055,1.4618903398513794,199.98989522743318,0.23422558553958903
155,1.56,7.586045612523179,2.698435599165454,8.028787060841992,-4.791626846128976,1.7439654553162884,-2.527194622629091,-23.829457605344267,89.99220450887579,136.23179531291845,0.0,-0.8298013359308243,1.3332107663154602,199.98989522743318,0.23474729375192743
156,1.57,7.538129344027853,2.7158752536208124,8.003434114543037,-4.791626851926727,1.7439654385370054,-2.5433946345751046,-23.84300092366868,89.99215805814623,136.2186734598275,0.0,0.873366892337799,1.0029535740613937,199.98989522743318,0.23527320954533334
157,1.58,7.490213075540535,2.7333149080902626,7.977919168175486,-4.791626847538906,1.7439654498331967,-2.559594638011458,-23.856630129244795,89.99211167820445,136.20546570138347,0.0,-1.0807789862155912,0.4549791291356086,199.98989522743318,0.23580337505272095
158,1.59,7.442294660198031,2.750755341293682,7.952242222072542,-4.792056220750411,1.74412119143494,-2.5757945822508344,-23.868993874247003,89.9920649406858,136.1935233501085,11.41865411773324,-1.9817198812961576,-0.5467242002487183,199.98984866819114,0.23598134500443135
159,1.6,7.394365157672271,2.7681997958424276,7.926403277482177,-4.79384428182744,1.744769725413986,-2.5919943364337845,-23.876106660763845,89.99201659193804,136.18683177369957,47.55102451890707,1.2474379688501358,0.7627049833536148,199.98965478022163,0.23538809332096677
160,1.61,7.346426714759819,2.78564749283309,7.900402333673549,-4.793844295938202,1.7447696857385917,-2.6081944127943264,-23.880385000861136,89.99196759244197,136.18297475645767,0.0,1.2806247174739838,-1.8748769164085388,199.98965478022163,0.2373990852280577
161,1.62,7.298488272156077,2.8030951906667507,7.8742393901297545,-4.793844239430897,1.7447698406940662,-2.6243943168729067,-23.883537254000252,89.99191832797494,136.18024279737477,0.0,-1.95082888007164,0.9195334464311599,199.98965478022163,0.23794687706466222
162,1.6300000000000001,7.250546948289658,2.8205439336655527,7.847914447419699,-4.794420533772868,1.7449787592865238,-2.6405942220928518,-23.886171739911102,89.99186889394093,136.17802850279412,15.324867088347673,1.874835342168808,-0.2343971841037273,199.98959229350567,0.23802072079347555
163,1.6400000000000001,7.202589422947396,2.8379985522879436,7.821427507215342,-4.797084532440532,1.745944971367265,-2.6567938303687755,-23.889255479149018,89.9918195830944,136.17536562645458,70.84514982998371,-0.6443169713020325,1.4448630809783936,199.9893034243932,0.23683891143791158
164,1.6500000000000001,7.154605016034859,2.8554629208566924,7.794778570273069,-4.799796849061418,1.7469287451416522,-2.6729935362244097,-23.889860304792826,89.9917694437179,136.17518199093365,72.13041141629219,-0.4977184906601905,-1.1897536367177963,199.98900931466267,0.23733538762143574
165,1.6600000000000001,7.10659824146474,2.8729354020431264,7.7679676361967065,-4.801558065070266,1.747567491847965,-2.6891932784359565,-23.887598573373094,89.99171838897881,136.17786523219408,46.836686208844185,1.4312602579593656,-1.517404019832611,199.9888183393876,0.23866598781458487
166,1.67,7.058581429526373,2.8904115235752554,7.740994703681556,-4.801804323745956,1.7476568114271003,-2.7053932266593788,-23.88531236760479,89.99166730260845,136.18057310621757,6.548924949020147,-0.8552350848913193,-1.0318008810281754,199.98879163632972,0.240478366361462
167,1.68,7.010556009676319,2.907890766910953,7.713859772571944,-4.803279646739179,1.7481918544058919,-2.7215929991454098,-23.884487285904502,89.99161668852383,136.1818197398794,39.233673736453056,-1.6964411735534668,0.7440163940191269,199.98863166212487,0.2400317226026426
168,1.69,6.962523213204044,2.9253726854375453,7.6865628425471675,-4.803279647820622,1.7481918506234735,-2.737793005146515,-23.88529285281407,89.99156661670312,136.1814355976861,0.0,-1.8228501081466673,-1.584867686033249,199.98863166212487,0.24182343437711754
169,1.7,6.914490416673774,2.942854603796081,7.659103912790348,-4.803279653625823,1.7481918337958988,-2.7539929641410783,-23.88524387633071,89.99151626460815,136.18190620261538,0.0,-1.0017408430576324,1.8780532479286194,199.98863166212487,0.24240899706472457
170,1.71,6.866448383932653,2.960339871641323,7.631482984282549,-4.805126895856479,1.7488617317751871,-2.7701927316118646,-23.883325611817337,89.99146523804018,136.1842458766841,49.12400331348181,-1.5685713291168213,1.3276836276054382,199.98843136037846,0.24146599545011777
171,1.72,6.818384523373549,2.9778330548991634,7.603700058704508,-4.807645213802687,1.749774925748793,-2.7863923809078006,-23.874259551416955,89.99141177922989,136.19373334099242,66.96944363415241,1.7801150679588316,0.7228516787290573,199.98815829434935,0.24148718587320223
172,1.73,6.770308071261008,2.9953308042229265,7.575755134841189,-4.8076452094624,1.7497749369157447,-2.8025923894837486,-23.860573738247993,89.99135670919009,136.20784069364979,0.0,1.2155803292989729,-0.5481430888175963,199.98815829434935,0.2441546701858221
173,1.74,6.722226023938591,3.012830582581843,7.547648211791909,-4.8087642559062855,1.7501807324265055,-2.8187922204307543,-23.84532571343285,89.99130104263469,136.22351044367755,29.758776426315308,0.7702533900737762,1.9576285779476168,199.98803695377268,0.2438312741413644
174,1.75,6.674126903459979,3.030336552139662,7.5193792909274295,-4.811059844846355,1.751013165262641,-2.8349919342154712,-23.827348049457388,89.99124437691624,136.24191040662836,61.04647032916546,0.1205557771027088,-1.7427821457386015,199.9877880385012,0.2434548864307414
175,1.76,6.626016304827829,3.047846683281392,7.490948372174879,-4.8110598843205254,1.7510130555360641,-2.851191817053972,-23.807207746892434,89.99118677489466,136.26247394092263,0.0,1.624959409236908,1.4765526354312895,199.9877880385012,0.24595482203851102
176,1.77,6.5778973137542645,3.0653598573381404,7.4623554552082885,-4.812738342718371,1.7516217218156411,-2.8673915951774953,-23.78517011676704,89.99112812934544,136.28493548491005,44.635316133499146,-0.43791867792606354,1.9836311042308807,199.98760603925092,0.24518252972490115
177,1.78,6.529766027752942,3.0828774896644613,7.433600539703759,-4.813518858867451,1.7519047397995469,-2.8835915016522935,-23.761231227154298,89.99106881103245,136.30929939582379,20.756100453436375,0.27641281485557556,0.9337764233350755,199.9875214068332,0.2465384520014617
178,1.79,6.481630839280418,3.1003965373787303,7.404683624609482,-4.813518839447379,1.7519047925456115,-2.89979151470688,-23.736282420373488,89.99100904742465,136.33467318098215,0.0,-1.7252232134342194,0.9799260646104813,199.9875214068332,0.2478104078694065
179,1.8,6.43349565079685,3.1179155850545226,7.375604709050894,-4.813518853762719,1.7519047522697249,-2.915991582642766,-23.713154382575958,89.99094975980361,136.3582262429019,0.0,-1.062038168311119,-1.6977356374263763,199.9875214068332,0.24844693379490773
180,1.81,6.385360462060033,3.1354346320237365,7.346363793145368,-4.813518888229144,1.7519046563843805,-2.932191591698269,-23.690978015990293,89.99089085937324,136.3808284937125,0.0,1.6131454706192014,-1.5381848812103271,199.9875214068332,0.24908868854046406
181,1.82,6.337213457890431,3.152957962875496,7.316960879777157,-4.815881953962157,1.7527614911258218,-2.948391110912369,-23.67481028823297,89.99083422009276,136.39742249506654,62.84031093120575,-0.8552951365709305,1.5484488010406494,199.98726517722696,0.2477745088628887
182,1.83,6.289044290655734,3.170489329515829,7.287395970310598,-4.81795150099067,1.753511814855223,-2.964590785067447,-23.673656188192684,89.99078302922508,136.39900345924798,55.034149289131165,-1.5240474045276642,-0.027748106513172388,199.98704077702598,0.24864902305143993
183,1.84,6.240861028559381,3.1880258054887802,7.257669062985546,-4.818700910725926,1.7537834005721347,-2.9807906795047034,-23.680111448153404,89.99073467093257,136.3929756053122,19.92759106680751,1.8744514882564545,-1.8494842946529388,199.98695952283202,0.2503837957375911
184,1.85,6.19266777794466,3.2055659024558483,7.22778015716798,-4.819949212527198,1.7542359919911086,-2.996990482316258,-23.690162288752262,89.99068765204737,136.38335207857293,33.195417411625385,-1.3732139766216278,-0.4961886629462242,199.98682416944808,0.25062644071127205
185,1.86,6.144454726291638,3.223113177936834,7.197729254459646,-4.822661119591998,1.7552191000300246,-3.0131900581987328,-23.704919226127796,89.99064242438666,136.36902201857438,72.1151127666235,-1.1441852897405624,-1.5553653240203857,199.98653012209735,0.25006956059125807
186,1.87,6.096227886471518,3.240665451744931,7.167516353908981,-4.822706843861625,1.7552356631628028,-3.0293900519281105,-23.722346041551642,89.99059824917128,136.35202209059656,1.215800492791459,-0.2409711480140686,-0.23192660883069036,199.98652516470491,0.2529322225201606
187,1.8800000000000001,6.048000818026541,3.2582178083549116,7.137141453372817,-4.822706844963587,1.7552356593026024,-3.0455900549401886,-23.739707725200205,89.99055410934895,136.3350873680814,0.0,-0.9790268540382385,-1.562949866056442,199.98652516470491,0.25365008305866765
188,1.8900000000000001,5.999764735662327,3.275773432088413,7.106604554618767,-4.824509622308553,1.755889102771905,-3.0617897160489718,-23.756078681322617,89.99050964373151,136.31914359121487,47.93873514980078,-0.20260963588953018,1.507539451122284,199.98632969585617,0.2528399747541621
189,1.9000000000000001,5.95151963956945,3.2933323234714496,7.075905656979453,-4.824509596624439,1.7558891728475752,-3.0779898076534824,-23.772431836527264,89.9904651727977,136.3032174081005,0.0,-0.5876186117529869,-1.874450296163559,199.98632969585617,0.25501118615701857
190,1.9100000000000001,5.903274543555279,3.310891215063543,7.0450447590308665,-4.824509605508856,1.7558891475068108,-3.0941897866718304,-23.78951436157296,89.9904210233376,136.2865615990533,0.0,0.06605778820812702,-0.1578132063150406,199.98632969585617,0.25570841642826075
191,1.92,5.85502944743837,3.3284501063638663,7.014021861338516,-4.824509615157884,1.7558891200501758,-3.110389755989237,-23.805742249780604,89.9903766038805,136.27076078130276,0.0,0.6448867172002792,0.1468898542225361,199.98632969585617,0.25641128712379113
192,1.93,5.806771726643397,3.3460135737000525,6.98283696582218,-4.827034548044918,1.756804335577618,-3.126589349703669,-23.821880090913627,89.99033220503183,136.25504994607945,67.14214034378529,-1.2632961571216583,-0.5969250202178955,199.9860559256611,0.2550247102475762
193,1.94,5.758501381045782,3.3635816167285078,6.951490072205428,-4.827034568253667,1.7568042790084537,-3.1427893716579716,-23.83833704666025,89.99028798464731,136.2390201994082,0.0,1.8268421292304993,0.29073167592287064,199.9860559256611,0.25781148854620384
194,1.95,5.710231035421739,3.381149659675829,6.919981178561903,-4.827034558040065,1.7568043063599796,-3.1589893592612017,-23.854656810605224,89.99024379610023,136.22312774212875,0.0,0.9940697997808456,-0.8823481202125549,199.9860559256611,0.25853171278059817
195,1.96,5.6619581144136495,3.3987186363439923,6.888310285410666,-4.827549646071243,1.756991020392882,-3.1751892713131022,-23.87102592612733,89.99019967745053,136.2071857760842,13.697128482162952,-0.8526825159788132,-1.2445858865976334,199.98600007600368,0.25883031084782054
196,1.97,5.6136736370021385,3.416291801378381,6.856477394228005,-4.829345836455374,1.7576419858659604,-3.1913889660634958,-23.889018311973935,89.9901562379106,136.1896211550378,47.762806713581085,1.1492710560560226,-0.8187194913625716,199.98580532449822,0.2584945730651984
197,1.98,5.565377574140555,3.4338691651431277,6.824482505007493,-4.829866736171842,1.7578307662265873,-3.20758887809377,-23.908712077310092,89.99011351870188,136.17035570776946,13.851328007876873,0.13657246716320515,-0.6407559663057327,199.98574884609656,0.26027435748502514
198,1.99,5.517074553848674,3.4514490502933923,6.792325616958637,-4.8307373222574865,1.7581462636798775,-3.2237887316315677,-23.92926110607444,89.99007119832129,136.15023524182234,23.149774856865406,1.5013474225997923,-1.3606767356395721,199.98565445353853,0.26072326225006054
199,2.0,5.468755083771862,3.4690348971384157,6.760006731987667,-4.833156700880071,1.7590230838777332,-3.239988280622918,-23.949851840931466,89.9900289868333,136.13007281048598,64.33412902057171,-1.3461476564407349,1.8186476826667786,199.98539213293088,0.26018012096118487
200,2.0100000000000002,5.420423516710521,3.4866251278281863,6.727525848966238,-4.833156709806083,1.759023058438752,-3.25618831749176,-23.96976812480463,89.989986629456,136.11058452211034,0.0,-1.8348918855190277,0.015699457144364715,199.98539213293088,0.26292150963272914
201,2.02,5.372089398531847,3.5042162820450353,6.694882965574502,-4.8336669113085104,1.7592078252585732,-3.2723883227993755,-23.99142134680209,89.98994501746307,136.0893601864548,13.565688338130713,1.7765593528747559,-1.4051546156406403,199.98533681921697,0.26325992630530487
202,2.0300000000000002,5.3237378430415445,3.5218137551067663,6.662078085246272,-4.836644191321742,1.7602867744406865,-3.2885877519985933,-24.016724299122608,89.9899051185263,136.0644871021096,79.16884638369083,0.893770381808281,-1.2555186450481415,199.98501401046516,0.2619762153015568
203,2.04,5.275361341597533,3.539420268242244,6.629111209599607,-4.838656099915908,1.7610158459247383,-3.304787381692666,-24.052422408006418,89.98986936869622,136.02922150051668,53.49838212132454,0.6364362686872482,-1.2686996161937711,199.98479587231176,0.26352443803692305
204,2.05,5.2269675667938635,3.557033040943261,6.5959823370351724,-4.8400988646654985,1.7615386836627747,-3.3209871313276884,-24.097239118347716,89.98983730500898,135.9848394479948,38.364456966519356,-1.8853501975536346,-1.8988415598869324,199.98463944231395,0.26475868024941956
205,2.06,5.178552036255678,3.574653696807329,6.5626914682879365,-4.84300724320082,1.7625924885245812,-3.3371866195902995,-24.153543581577587,89.98980990016598,135.92897161398187,77.33519911766052,0.8774586021900177,-1.7535464465618134,199.98432411020744,0.26431611140779865
206,2.07,5.130121963796826,3.5922796216141917,6.5292386021117235,-4.843007248066984,1.7625924742356494,-3.3533866166883377,-24.217168446158077,89.98978550949353,135.86578435681324,0.0,1.2725286185741422,-1.0454733669757843,199.98432411020744,0.2674953145422494
207,2.08,5.081677004651207,3.609910940169581,6.495623738522345,-4.8459845818563,1.7636712346410148,-3.369586101343132,-24.286631854167833,89.98976354093665,135.7967589507302,79.16850239038467,1.9622693955898285,-1.9802659749984741,199.98400130285825,0.26582374670477027
208,2.09,5.033203685750824,3.627552534350162,6.461846879854763,-4.848679204068155,1.7646475853404797,-3.3857856326597044,-24.36618478760432,89.98974566869587,135.7176441393958,71.65128909051418,-1.792195439338684,-1.217408999800682,199.98370914673555,0.26683645937523015
209,2.1,4.984716893510262,3.645199009647403,6.4279080239060224,-4.848679233380664,1.764647503551134,-3.4019855807873607,-24.448770161340555,89.98972905596858,135.63549732310028,0.0,1.4436297118663788,0.7443276047706604,199.98370914673555,0.269858697452604
210,2.11,4.936220029216949,3.662849134027677,6.393807169602338,-4.850693628607364,1.7653773633096568,-3.4181852741382786,-24.5299968624936,89.98971191418534,135.55470990111303,53.56354169547558,1.3779731094837189,1.5860359370708466,199.9834907428958,0.26900447374328623
211,2.12,4.887713092970505,3.680502907765883,6.359544316743295,-4.8506936217825745,1.7653773812911615,-3.4343852940275714,-24.609145329477347,89.9896940770127,135.47600134250047,0.0,0.017545715672895312,-0.2773242630064487,199.9834907428958,0.2714805770467314
212,2.13,4.83919341136993,3.6981612990521953,6.325119465960054,-4.8532426995775015,1.76630087253375,-3.4505848605510416,-24.683854585445214,89.98967461226458,135.4017333621534,67.78013929724693,0.9358038753271104,-0.0068379787262529135,199.98321437127788,0.27019502579211047
213,2.14,4.790660984375963,3.715824307778148,6.290532617333637,-4.853242699239085,1.766300872592224,-3.4667848639102674,-24.754062591805152,89.98965348502396,135.3319680683274,0.0,0.6232380867004395,-0.4067347943782806,199.98321437127788,0.2731220523739415
214,2.15,4.742125433133126,3.7334884484184654,6.255783769007817,-4.853867551508308,1.7665272494488027,-3.482984789494122,-24.82402047410393,89.98963238888423,135.26245310330185,16.61488875746727,0.6287667155265808,-1.64883092045784,199.98314662453473,0.27344473719410695
215,2.16,4.693581552139748,3.7511556067326626,6.220872922347641,-4.85490864731793,1.7669044129769724,-3.499184547500125,-24.893190744300497,89.98961103636614,135.1937262310649,27.6827285438776,-0.2799319662153721,1.0006848722696304,199.98303374898512,0.27394095377088407
216,2.17,4.64502432351037,3.7688276001194865,6.185800078263575,-4.8565370797867455,1.7674942609934299,-3.5153842686187735,-24.962826379689773,89.98958994173313,135.1245345185509,43.29920690506697,1.622852385044098,-0.9539591521024704,199.98285719768273,0.27429763367945753
217,2.18,4.596458952733183,3.7865025427821,6.150565235556936,-4.856537076108172,1.7674942702663103,-3.531584272342892,-25.032863011623515,89.98956910013614,135.05494227985199,0.0,0.1912386529147625,-0.19875332713127136,199.98285719768273,0.27649295875014335
218,2.19,4.547893581984477,3.8041774855145203,6.115168392811116,-4.856537074059687,1.7674942750396554,-3.5477842761061082,-25.102721812374533,89.98954828391874,134.98552778606194,0.0,0.10046116076409817,-0.992845818400383,199.98285719768273,0.27735771121082897
219,2.2,4.499315556973668,3.8218570121889472,6.079609552275696,-4.859067933980703,1.7684110436168259,-3.563983831271401,-25.172642066020877,89.98952758404174,134.9160516546899,67.29468025267124,-1.927041858434677,-1.776728481054306,199.98258280551045,0.2761291982425341
220,2.21,4.450724877513511,3.8395411222884084,6.043888714021141,-4.859067959145612,1.7684109732611732,-3.580183837915538,-25.24243341377014,89.98950692798681,134.8467045861378,0.0,1.198553070425987,-0.02146112034097314,199.98258280551045,0.2790827157816719
221,2.22,4.402120370206033,3.8572302404255656,6.008005878335269,-4.86183350991068,1.76941263327971,-3.596383276734174,-25.310674464936717,89.98948571215561,134.77890886744706,73.53398859500885,1.4446382224559782,1.4263978600502012,199.98228297273332,0.277671329468605
222,2.23,4.353496263115387,3.874926458231518,5.97196104622262,-4.862987920462841,1.7698308940904266,-3.6125831326419426,-25.37649789925052,89.9894636693536,134.71353101616222,30.696158185601234,-1.9698718190193176,0.6890454888343811,199.9821578100088,0.27987158383826893
223,2.24,4.304852054780421,3.8926299570085,5.935754217025954,-4.8658537658852605,1.7708688078814927,-3.6287827209512566,-25.437629882643773,89.98943993940169,134.65284528641072,76.200135871768,0.3934299573302269,-1.8943093717098236,199.98184710609087,0.2793361118351598
224,2.25,4.25619351710622,3.9103386450401985,5.89938539035107,-4.86585376984625,1.7708687960003144,-3.644982619415775,-25.495106319076612,89.98941485919337,134.5958157898251,0.0,-1.3264258205890656,1.5288160741329193,199.98184710609087,0.28258756897983944
225,2.2600000000000002,4.207523422213589,3.9280515186046276,5.862854566407279,-4.868165207179385,1.7717059210333312,-3.6611821814580034,-25.55107305368895,89.98938929447992,134.54029619841305,61.4589424431324,-0.7073228061199187,1.4074060320854187,199.98159650897594,0.2815757612360582
226,2.27,4.158828836826394,3.9457732620017274,5.8261617467371485,-4.870751873509314,1.7726427494040722,-3.677381748695343,-25.604259661142095,89.98936271783698,134.48755721262972,68.77723105251789,-0.6833012402057648,1.6508083045482635,199.98131607174432,0.2822382006478573
227,2.2800000000000002,4.1101213181341985,3.963499689609766,5.789306929165307,-4.8707518687243665,1.7726427617248899,-3.693581763378289,-25.654546310919752,89.98933512575721,134.4377183445461,0.0,-0.906742364168167,1.0075204819440842,199.98131607174432,0.2852771295369712
228,2.29,4.061404683806536,3.9812294182894306,5.752290113126406,-4.872574996732753,1.773302974415095,-3.709781443264037,-25.701854646413302,89.98930647044368,134.39085755038064,48.47472198307514,-0.7158651202917099,1.4711593091487885,199.98111841742428,0.28468668261303537
229,2.3000000000000003,4.01266459048731,3.9989676421460256,5.7151113012556385,-4.875443666999964,1.7743417972166189,-3.725980930598198,-25.741721051093265,89.98927501529671,134.3514376210701,76.2742754817009,0.4526596143841744,0.6564069539308548,199.98080741120418,0.28473066967723365
230,2.31,3.96389552435477,4.016716357216126,5.677770494025944,-4.878369548571415,1.7754012469803866,-3.742180482333901,-25.776837121420677,89.98924187721641,134.31676806939083,77.79467761516571,1.7490260303020477,-1.126343235373497,199.980490205587,0.28559054683487617
231,2.32,3.9151113016754078,4.034470561556259,5.64026768993688,-4.878474996626604,1.775439595298983,-3.7583803446569473,-25.81139581078422,89.98920872197893,134.2826561804973,2.8051220811903477,-1.6252969205379486,1.8791572749614716,199.98047876778034,0.2888412181833202
232,2.33,3.8663118030904067,4.052230298018839,5.602602888993351,-4.881424717522472,1.776507690202983,-3.774579837868521,-25.847882413411067,89.98917630577218,134.2466167713959,78.42851243913174,-0.9044177830219268,-1.8945340812206266,199.98015897771944,0.2874237670124533
233,2.34,3.8174975558698265,4.069995374791076,5.564776090686504,-4.881424725388879,1.7765076675747276,-3.7907798304104783,-25.886080612175952,89.98914467042374,134.20886641787953,0.0,-1.391511708498001,0.9164932370185851,199.98015897771944,0.29079117138241034
234,2.35,3.768683308584645,4.087760451375934,5.526787292308422,-4.88142473051176,1.776507652531926,-3.8069798429087296,-25.924239010479116,89.98911310423706,134.171156091834,0.0,0.272662490606308,0.20528888329863548,199.98015897771944,0.2917424537493412
235,2.36,3.719864469676313,4.105527190155951,5.488636494681517,-4.882343048402687,1.7768401110712997,-3.82317968138353,-25.961916024507477,89.98908142352012,134.13392728890906,24.416145477443933,1.3470777869224548,1.1429844051599503,199.98005942157067,0.29193668991712635
236,2.37,3.6710410393339505,4.12329559165345,5.45032369780934,-4.882343025410921,1.7768401736764619,-3.839379690825117,-25.99905280701842,89.98904961082802,134.09723826052556,0.0,-1.1545536667108536,0.28710944578051567,199.98005942157067,0.2936502256321082
237,2.38,3.6222141835855632,4.141065233199367,5.411848901323084,-4.883028120704346,1.777088145337359,-3.855579599335746,-26.036557883045695,89.98901803551757,134.0601811602358,18.21479408070445,1.7249663174152374,-0.1894654519855976,199.97998515125843,0.29404622275499287
238,2.39,3.573381537379261,4.158836971179583,5.373212105959501,-4.883501123624403,1.7772594422323698,-3.8717794796808693,-26.07448891507549,89.98898676484427,134.02269848738325,12.576632900163531,-0.23056555539369583,0.15115044079720974,199.97993387039034,0.29518417558012433
239,2.4,3.5245437649401192,4.1766105653507015,5.334413311741316,-4.884053364916306,1.7774593900240778,-3.8879793662199207,-26.1131708925945,89.98895584671139,133.98446509176813,14.683109857141972,1.0342919826507566,-1.092163696885109,199.9798740004215,0.29608617611472
240,2.41,3.4757032314937795,4.194385159806406,5.295452518572393,-4.884053331061976,1.7774594825911894,-3.9041792836353504,-26.151142473353676,89.98892470032163,133.94694164397367,0.0,-1.6506454348564148,1.487889289855957,199.9798740004215,0.29751462109062254
241,2.42,3.4268626980588306,4.212159754284632,5.256329725268102,-4.884053351853116,1.777459424298492,-3.920379357928738,-26.188994050113976,89.98889371314466,133.9095381715208,0.0,-1.9687461853027346,-1.126508042216301,199.9798740004215,0.29849319904205096
242,2.43,3.378022164419752,4.229934348190312,5.2170449313053995,-4.884053371596561,1.7774593688897404,-3.936579420233143,-26.228566690137534,89.9888633771953,133.8704143323116,0.0,-0.9841076284646988,-1.5852364897727966,199.9798740004215,0.29947488071650136
243,2.44,3.329181630665363,4.247708941768373,5.177598137431894,-4.884053382309391,1.7774593383557185,-3.952779350242181,-26.26766214392503,89.98883294728185,133.83176807736265,0.0,0.6686247885227203,0.8909732103347778,199.9798740004215,0.3004594464096839
244,2.45,3.280341096873553,4.265483535233783,5.137989343997654,-4.884053383092905,1.7774593352697328,-3.9689793206097423,-26.30542973132135,89.98880205833079,133.79444982461266,0.0,-0.2959028445184231,1.889636814594269,199.9798740004215,0.30144666315461033
245,2.46,3.231500563171825,4.28325812893897,5.098218550590494,-4.884053362923647,1.7774593900989626,-3.9851793538089795,-26.342965078196432,89.98877113237404,133.75736351905815,0.0,-0.8196036517620086,0.5905741080641747,199.9798740004215,0.3024362872661427
246,2.47,3.1826549054308426,4.301034577686453,5.058285757806195,-4.88507818567857,1.7778303582726425,-4.001379195680072,-26.379445565144223,89.98873988403506,133.7213320902178,27.247474417090416,0.981188341975212,-1.1412853002548218,199.97976289960837,0.3025784873788656
247,2.48,3.1337989112981948,4.318814767986355,5.018190966863847,-4.886120641277715,1.7782077005307362,-4.017578993529278,-26.41298753273581,89.98870754946348,133.6882396869278,27.716213576495647,0.9618856012821198,0.23777944967150685,199.9796498875245,0.3035490120205115
248,2.49,3.0849377049997098,4.336596845302906,4.977934176875409,-4.886120624806042,1.7782077451332747,-4.03377900071308,-26.445341169984843,89.98867480165964,133.65633548782532,0.0,-1.7397232353687286,-0.043784501031041145,199.9796498875245,0.3053998549222581
249,2.5,3.0360764986923887,4.354378922585931,4.937515386967493,-4.88612063522119,1.7782077154411127,-4.049978980696706,-26.47732737785724,89.98864196501621,133.6247987576136,0.0,-1.4274559915065765,0.9448125213384627,199.9796498875245,0.3063965588493521
250,2.5100000000000002,2.987214704058748,4.372161211964124,4.896934596928578,-4.8862382865444545,1.778250173906195,-4.066179027121807,-26.50977189138852,89.9886093714005,133.59280459829452,3.126961011439562,1.3499884307384489,-0.7461413741111754,199.97963713742863,0.3072967581813618
251,2.52,2.9383447634934554,4.389946449938886,4.856191808765054,-4.887749836999028,1.7787973920801612,-4.08237863384303,-26.542903125129765,89.98857732663184,133.5601239034412,40.188879780471325,-0.4623408988118171,1.695291846990585,199.97947326839792,0.3071386413578593
252,2.5300000000000002,2.8894672651034066,4.407734423799756,4.8152870223293505,-4.887749840094814,1.77879738262177,-4.098578648452275,-26.57774374254472,89.98854605100539,133.52573415700556,0.0,0.49760792404413223,0.4987439140677452,199.97947326839792,0.309377841705331
253,2.54,2.840589766704362,4.425522397626708,4.774220235769389,-4.8877498399810415,1.7787973820310883,-4.114778663044779,-26.6126687244926,89.98851490294263,133.49126008611532,0.0,-0.03243812592700124,0.2654897980391979,199.97947326839792,0.31037662409320055
254,2.5500000000000003,2.791707642269916,4.4433120456349915,4.732991449964773,-4.8886750470933364,1.7791322191122145,-4.130978496116062,-26.64731185567295,89.98848372664972,133.45706812056216,24.598332177847624,1.6238616406917572,0.40351834148168564,199.979372969388,0.3106081332115689
255,2.56,2.742817106992941,4.461104737708648,4.691600665738035,-4.889432010202902,1.7794061903663374,-4.147178349577759,-26.681023174063725,89.98845224931326,133.42380817520976,20.1254490762949,-0.7827173918485641,1.1473887413740158,199.9792909084336,0.3117376003328858
256,2.57,2.693922786826809,4.478898799430763,4.650047881942428,-4.889432022148294,1.7794061564642767,-4.163378389993409,-26.714932377680924,89.98842091775975,133.39035057571766,0.0,0.018984799971804023,-0.8880903571844101,199.9792909084336,0.3133553303745563
257,2.58,2.645015009737194,4.4966977311221665,4.608333100813696,-4.892123399765384,1.7803801707865528,-4.179577840279835,-26.750524917340655,89.98839031486408,133.35520960900973,71.55513390898705,-1.53980553150177,-0.7851488888263701,199.97899914438096,0.3121195892511708
258,2.59,2.5960797069990673,4.5145066239316725,4.566456325183023,-4.894937148632388,1.7813983889790996,-4.195777287209391,-26.79148841385483,89.98836194142419,133.31469707981051,74.80789236724377,-1.6397614777088165,-0.505363941192627,199.97869411729687,0.3129891161835035
259,2.6,2.547122263153913,4.532323528855378,4.524417554191485,-4.896551620141715,1.7819825964798945,-4.211976921945553,-26.836206310650617,89.98833518441094,133.27042936690654,42.9230260848999,-1.861915588378906,1.985381692647934,199.97851909986127,0.31495076309578657
260,2.61,2.4981567469631893,4.550143354845372,4.482216784635828,-4.896551618069175,1.7819826013331586,-4.228176983652211,-26.882140454939666,89.98830898417687,133.22494500025832,0.0,-1.9793978333473206,-1.2379848957061768,199.97851909986127,0.317263577992447
261,2.62,2.4491803287531324,4.567967125716383,4.439854016931519,-4.89873202416419,1.7827715722571393,-4.244376557721612,-26.927060346818035,89.98828243035989,133.18047440716802,57.968997582793236,0.32097432762384415,0.8233594149351119,199.97828273289863,0.31644111342210496
262,2.63,2.4001913914867177,4.585795426337821,4.397329251650388,-4.899055425168451,1.7828885629470388,-4.260576497681655,-26.970182192012835,89.98825522874992,133.137801602305,8.597792079672217,1.7638276517391205,0.7670676708221436,199.97824767564245,0.31894311796676156
263,2.64,2.3512008372734012,4.603624312068816,4.354642486655307,-4.899055418144128,1.7828885814579272,-4.276776501596644,-27.012989339747122,89.98822797863058,133.09544346774894,0.0,1.9975990056991577,-0.02760481322184205,199.97824767564245,0.32018495723390683
264,2.65,2.3022056731939617,4.6214548659357115,4.311793722445384,-4.899977398881589,1.7832221887710444,-4.292976332250326,-27.05580918385819,89.98820082214851,133.05307281742785,24.5120245590806,1.7043890058994293,-1.6385839879512787,199.97814772854946,0.3203924136275833
265,2.66,2.2532058992472934,4.639287087935354,4.2687829591705215,-4.899977392029714,1.783222206798141,-4.309176324113985,-27.098440661191113,89.98817365732847,133.01089074533326,0.0,-0.7249494642019272,-1.9623146951198576,199.97814772854946,0.32211509019990975
266,2.67,2.2042028473092308,4.6571204962913315,4.225610196790429,-4.9006329995126015,1.7834594535407327,-4.325376159338493,-27.140745854609857,89.98814641372422,132.9690347432142,17.430355064570904,-1.0429227352142334,0.5991172417998314,199.97807665676527,0.3225318770728817
267,2.68,2.155191757883389,4.674956812555356,4.182275436007124,-4.9015848842772805,1.7838038030725945,-4.341575996654754,-27.183376602757722,89.98811938738817,132.92685317307604,25.30639562755823,-1.0283001512289047,-0.663224384188652,199.97797347064653,0.32323457722128157
268,2.69,2.1061662835892534,4.692798332422549,4.138778677523017,-4.903509965853606,1.7845001943839918,-4.357775675347448,-27.228123604301533,89.98809327077953,132.88255536961785,51.17922753095627,0.8134953677654266,-1.1136797815561292,199.97776478878095,0.3233667558757297
269,2.7,2.0571311840328184,4.710643334643954,4.095119921011884,-4.903509946819555,1.7845002460702488,-4.373975634562451,-27.274246572401854,89.98806785101259,132.83688133339695,0.0,-0.6138846278190613,-1.1103872209787369,199.97776478878095,0.3258850517443229
270,2.71,2.0080929113131702,4.728489485429418,4.0512991654354025,-4.904144601823356,1.784729897997487,-4.390175486017234,-27.320864649061484,89.98804269340295,132.7907116559757,16.87319302931428,-1.4150914549827576,-0.2702757716178894,199.9776959888094,0.3262893998866955
271,2.72,1.9590503810288336,4.7463371764689235,4.007316410837547,-4.904361453206636,1.7848083149834884,-4.4063754356129445,-27.36885944976287,89.98801817177478,132.7431652917094,5.7648661360144615,-0.8009804785251617,0.6995290517807007,199.9776724827293,0.3275517497099099
272,2.73,1.9099927598874835,4.7641903264939,3.9631716592316293,-4.9071627758275955,1.7858216879046893,-4.422574885217607,-27.42160132612684,89.98799564727729,132.69087100308894,74.47455681860447,-0.9270626306533812,-0.8469440788030624,199.9773688148116,0.3263199453603204
273,2.74,1.8609121684581005,4.7820517859098395,3.918864912132372,-4.908955510672122,1.7864701935633818,-4.4387745342718,-27.480530335257033,89.98797568751618,132.63238780925786,47.660643719136715,-1.356600970029831,-1.3835181295871735,199.97717447987287,0.3280342973885185
274,2.75,1.8118226132628135,4.799916487596128,3.8743961669154054,-4.908955525721414,1.7864701510596748,-4.454974512345268,-27.540975224630163,89.98795641199551,132.5723883050597,0.0,0.9013106673955916,-0.09065203368663788,199.97717447987287,0.330395569063093
275,2.7600000000000002,1.7627222703109313,4.8177850917079015,3.8297654239712613,-4.911113067771467,1.7872506626772764,-4.47117407984347,-27.60050826444506,89.98793681495701,132.51330047315741,57.35954403877258,-1.68965682387352,1.977218687534332,199.97694059794,0.32948630452705635
276,2.77,1.7136111395381382,4.835657598067472,3.784972683019528,-4.911113083250355,1.7872506190121344,-4.487374106294226,-27.659867646384736,89.98791721769891,132.45438603385807,0.0,1.9266796112060547,1.0992174595594406,199.97694059794,0.33212275360715976
277,2.7800000000000002,1.6645000088073756,4.853530104534489,3.7400179418623707,-4.9111130631433975,1.7872506737238967,-4.5035741237252935,-27.719557707508567,89.98789781549038,132.39514078336165,0.0,-1.1942976713180542,0.14991636388003826,199.97694059794,0.3329756711974994
278,2.79,1.6153888781011705,4.8714026110605655,3.6949012006461017,-4.911113077469718,1.787250633227184,-4.519774119694601,-27.779211599651635,89.98787845943158,132.3359316285689,0.0,0.8637353032827377,1.1983942240476606,199.97694059794,0.33381468721188956
279,2.8000000000000003,1.56626361705788,4.889280227966524,3.649622462036153,-4.913939127426783,1.7882727583579292,-4.535973587849843,-27.837254268411765,89.9878585370654,132.27833434654025,75.13030461966991,1.8040256202220917,-0.28216665610671043,199.97663425622903,0.3322975138562624
280,2.81,1.517124225859682,4.907162955755934,3.6041817262205718,-4.913939115211943,1.788272791228773,-4.552173568372081,-27.894238321931248,89.98783828288671,132.22179607035787,0.0,0.509265847504139,-1.6837430000305176,199.97663425622903,0.3354253251721206
281,2.82,1.4679848347879507,4.9250456838858945,3.558578990803627,-4.913939102024258,1.78827282677861,-4.568373524881273,-27.950121659284715,89.9878176024557,132.16635809408032,0.0,-0.40776360780000687,0.8460040390491484,199.97663425622903,0.33621814012025275
282,2.83,1.4188452310740303,4.942928489100694,3.5128142556931308,-4.9139816428728125,1.788288210343134,-4.584573505138291,-28.005134002740444,89.9877966481642,132.11179092641297,1.130930328508839,0.13354994356632233,1.6154049336910248,199.9766296448923,0.336958784187977
283,2.84,1.3697029871306885,4.960812249019763,3.4668875209654133,-4.914467145035483,1.7884637755680923,-4.600773436029733,-28.059809531677825,89.98777565501615,132.05756069663235,12.906776703894138,-0.5463298037648201,0.9424885362386703,199.9765770178721,0.33734964260455597
284,2.85,1.3205581416147514,4.97869694932711,3.4207987862311153,-4.914501950736542,1.7884763063952132,-4.616973492035407,-28.11501113589861,89.98775494037486,132.0028048271739,0.9248233633115888,0.596982017159462,-0.951857715845108,199.9765732469308,0.3384588864905056
285,2.86,1.2714035454311121,4.996585175874004,3.374548053378638,-4.916417288131678,1.7891689970601194,-4.6331730743630315,-28.170730002177606,89.98773453090963,131.94753205089083,50.918679758906364,1.646646112203598,-1.2999863922595978,199.97636562744145,0.3376210393799966
286,2.87,1.2222277129998873,5.0144810823846475,3.328135325095623,-4.918749199904806,1.7900123001109896,-4.6493725855848815,-28.229392482258636,89.98771533985719,131.88931689740144,61.992814019322395,0.4812261089682579,0.030747221317142248,199.97611285348012,0.3379610180537076
287,2.88,1.1730402210040294,5.032381205390046,3.2815605992959123,-4.918749199321338,1.7900123008190323,-4.665572576381869,-28.29057706169763,89.9876971976613,131.82858056144795,0.0,1.3144053518772125,0.2446960099041462,199.97611285348012,0.34055380957280934
288,2.89,1.1238472662042855,5.050283303895798,3.234823874610972,-4.919841761955745,1.7904073966582654,-4.681772360327397,-28.352690183910102,89.9876794821205,131.76691609468068,29.045165330171585,-0.12772451154887676,-0.6577297300100327,199.97599442263268,0.3403064557360149
289,2.9,1.074648848587186,5.068187377864668,3.187925150989881,-4.919841761608035,1.7904073967178802,-4.697972363400628,-28.415763729028274,89.98766221151395,131.70429163735025,0.0,0.8123578876256942,-1.8081229925155637,199.97599442263268,0.3418382209456713
290,2.91,1.025450431025579,5.086091451977989,3.1408644273372324,-4.91984175244894,1.7904074211462966,-4.714172366479977,-28.478734254994514,89.98764495855943,131.64177002182697,0.0,-1.1387022584676743,-1.5515130758285522,199.97599442263268,0.34245030887162664
291,2.92,0.9762520134309293,5.1039955259908,3.0936417038556803,-4.91984176370904,1.7904073890850944,-4.730372336126458,-28.54108636059547,89.98762751948146,131.5798669478443,0.0,-0.2302430383861065,0.5996275693178177,199.97599442263268,0.34303839706946915
292,2.93,0.9270535958026812,5.121899599901592,3.046256980482451,-4.919841762386236,1.7904073918406627,-4.746572338223709,-28.602974793935775,89.98760995842774,131.51842766917557,0.0,-1.9913896918296814,1.9272445142269135,199.97599442263268,0.34360171366188147
293,2.94,0.8778551781178594,5.13980367364694,2.9987102569917883,-4.919841770801969,1.7904073676709749,-4.762772357326895,-28.66498432615926,89.9875925012463,131.4568674919905,0.0,1.0899313539266586,1.6028133034706116,199.97599442263268,0.34413949499084967
294,2.95,0.8286567604637205,5.157707747468176,2.9510015333705732,-4.919841761056399,1.7904073937248732,-4.778972364681896,-28.727156794971574,89.98757516005406,131.39514428446748,0.0,-0.3414970636367798,1.5687167644500732,199.97599442263268,0.34465098845993186
295,2.96,0.7794444568235525,5.175616841877005,2.903130812503449,-4.922618967858397,1.7914114856032735,-4.795171807783505,-28.785572212791354,89.98755638879062,131.3371783323531,73.82868826389313,1.5753191709518433,1.761331856250763,199.9756933882259,0.3428349082649186
296,2.97,0.7302182671456107,5.193530956730286,2.855098094413714,-4.922618967760196,1.7914114849690348,-4.811371809593279,-28.84020483166543,89.98753618011517,131.28299548698615,0.0,0.9484121203422546,0.9750434756278992,199.9756933882259,0.34557008378282195
297,2.98,0.6809877549425148,5.211446634641498,2.8069033770921292,-4.923483479083108,1.791724080055827,-4.82757164959031,-28.89411850566052,89.98751573790126,131.22953125360382,22.982277274131775,-1.3939663767814636,-0.5491239950060844,199.97559967863458,0.34528197582709796
298,2.99,0.6317498654205926,5.229364979421892,2.7585466612435603,-4.924094423794255,1.791944880186589,-4.843771512216641,-28.94702228549034,89.98749493901775,131.17707696255476,16.24050786718726,0.939423069357872,0.2576976455748081,199.97553345841902,0.3458840157077195
299,3.0,0.5825089212189094,5.247284428319537,2.7100279460997765,-4.924094417509763,1.7919448966677658,-4.859971518616675,-28.99942293131487,89.98747400579211,131.12512587870742,0.0,-1.3277658820152283,-0.9203791618347169,199.97553345841902,0.34675409419053504
300,3.0100000000000002,0.5332631569251505,5.265205619379791,2.661347232352269,-4.925058433276987,1.7922933374262797,-4.876171256650987,-29.050480117429064,89.9874525595961,131.07451875524612,25.626378804445267,0.6946956366300583,1.1338260024785995,199.9754289675778,0.3462938948504154
301,3.02,0.48401257267451653,5.283128552976935,2.612504519395775,-4.925058419532724,1.792293374572363,-4.892371318727271,-29.10129428797128,89.98743102953874,131.0241548710371,0.0,1.5275304019451141,-1.4302116632461548,199.9754289675778,0.34739185773175285
302,3.0300000000000002,0.4347619885286606,5.301051486854961,2.5634998062292165,-4.925058411019678,1.7922933972121524,-4.908571314542978,-29.152400691828234,89.98740970816189,130.973498409971,0.0,1.4509759843349457,1.3380391895771027,199.9754289675778,0.3476670936103341
303,3.04,0.38551140443775717,5.318974420875932,2.5143330930614702,-4.925058407799397,1.792293405215676,-4.924771318156091,-29.20333976542759,89.98738837766194,130.92300910372796,0.0,0.03171543125063181,-0.35256028175354004,199.9754289675778,0.34790995695141363
304,3.0500000000000003,0.3362608203616198,5.336897354928701,2.465004379860495,-4.925058407567976,1.7922934049507608,-4.9409713214026345,-29.254184185965922,89.98736707126297,130.87261441043896,0.0,0.10502590797841549,-0.48017702996730804,199.9754289675778,0.348119893417914
305,3.06,0.2869965868730923,5.3548252227276745,2.4155136694093406,-4.927788291086091,1.7932801522184407,-4.957170764944059,-29.30409929529228,89.98734545866311,130.82315084308243,72.56865888834,0.6709973514080048,-0.5925803259015083,199.97513307090549,0.34603535121257156
306,3.0700000000000003,0.23770789052341135,5.372761932817105,2.3658609640136907,-4.929950979945534,1.7940618626368054,-4.973370314884603,-29.35367623030547,89.98732375608759,130.77402837614028,57.49073825776577,1.21290422976017,-1.4909401535987854,199.97489865403185,0.3466261224589202
307,3.08,0.18839448097623196,5.390707575463234,2.316046263760783,-4.9327309310931415,1.7950666621549685,-4.9895697369830545,-29.404682928627235,89.98730265847249,130.7234785829544,73.89922499656677,-0.2928282879292965,-0.024694008752703667,199.97459733201353,0.34620562650580533
308,3.09,0.13905661771003874,5.408662056654705,2.2660695685546797,-4.9348417231684705,1.7958295733085992,-5.0057693039389335,-29.457746068649467,89.9872824212167,130.67087431376115,56.11081816256046,0.4913678765296936,-1.201895475387573,199.97436854172543,0.34681059294304173
309,3.1,0.08970820057583767,5.426620352652602,2.2159308758305607,-4.934841709660595,1.7958296097113282,-5.021969259488442,-29.510830143260055,89.98726225565605,130.61824948053754,0.0,-1.1567385494709015,1.9342716038227081,199.97436854172543,0.3485791849809074
310,3.11,0.04035978341576556,5.444578648569488,2.165630183051859,-4.9348417207614315,1.795829578068496,-5.038169291093503,-29.56379096089122,89.98724214536685,130.56574800164157,0.0,-0.7854557782411575,1.0521768778562546,199.97436854172543,0.34858031584052473
311,3.12,-0.009002796008359848,5.462542062548099,2.115167492991919,-4.937674163921388,1.7968532180433694,-5.0543687190039694,-29.612858852199647,89.98722055455741,130.51713863687965,75.29349021613598,0.30620945617556566,0.9918759018182755,199.97406153462973,0.34619972024511214
312,3.13,-0.058382536001245565,5.480511678238093,2.0645428063951097,-4.9382738337724135,1.7970699223994162,-5.070568599379833,-29.65650287508486,89.98719688444477,130.47395196546086,15.940615106374025,0.7391168922185898,0.7562867552042007,199.97399653721848,0.34795553614962477
313,3.14,-0.10776527432915897,5.498482377484711,2.0137561201080185,-4.9382738283977705,1.797069936359618,-5.086768644571436,-29.69979218564354,89.98717313426795,130.4311198654439,0.0,-0.1718567684292793,-1.010051891207695,199.97399653721848,0.34833953940265355
314,3.15,-0.15714801261222983,5.516453076845994,1.962807433900381,-4.938273828239591,1.7970699358328364,-5.102968597208794,-29.74271933010977,89.9871492978626,130.3886497906141,0.0,1.9803993403911588,1.2349969148635864,199.97399653721848,0.34819488446142044
315,3.16,-0.2065307508666164,5.534423776277019,1.9116967481489022,-4.938273824149498,1.7970699461976323,-5.119168568776296,-29.784348070116934,89.9871249985272,130.34747803377837,0.0,0.688265785574913,1.8535147607326508,199.97399653721848,0.34801342249396305
316,3.17,-0.255913489144275,5.5523944756345385,1.860424061934405,-4.938273833029926,1.7970699207373544,-5.13536865944194,-29.82697695233762,89.98710115475086,130.305306223187,0.0,0.24466490373015404,-1.3793739676475525,199.97399653721848,0.34779505279012213
317,3.18,-0.3053114550241552,5.570370677485784,1.8089893788569056,-4.941319345404033,1.7981704427015033,-5.151567969601395,-29.87166748627547,89.98707823286311,130.2610736329648,80.95638044178486,1.0927325487136839,0.8482736349105835,199.97366643984665,0.3450176867837107
318,3.19,-0.3547321940638026,5.588355108497355,1.7573927008172434,-4.942828463340903,1.7987157573557069,-5.1677676407132775,-29.92103953267821,89.98705717874039,130.21216102015302,40.11550661176443,1.7207573354244232,0.5504901334643364,199.97350286999298,0.34597383153816696
319,3.2,-0.40416047867900373,5.60634226611657,1.7056340243878818,-4.942828460114767,1.7987157653374517,-5.183967644829679,-29.97202035881478,89.98703680435126,130.16164018788896,0.0,1.6086405515670776,-1.9867937266826632,199.97350286999298,0.34688194885048945
320,3.21,-0.45358876326757247,5.6243294238000185,1.6537133479320292,-4.942828458013683,1.79871577020451,-5.200167646266493,-30.022900310252755,89.98701644711294,130.11122015076117,0.0,0.6685217469930649,-0.9519867599010466,199.97350286999298,0.34651504117646403
321,3.22,-0.5030170477214106,5.642316581846733,1.6016306717183584,-4.942828438310476,1.7987158237686802,-5.2163676109927986,-30.073013147000864,89.9869958388099,130.06156678428448,0.0,-1.2844489514827728,1.4877665042877197,199.97350286999298,0.3461113664480734
322,3.23,-0.5524453322193729,5.660303739761867,1.5493859954802045,-4.9428284571658105,1.7987157706474737,-5.23256763270263,-30.122968722797587,89.9869752528726,130.0120708377777,0.0,0.6786506623029709,1.6663776338100433,199.97350286999298,0.3456710895495191
323,3.24,-0.6018736170089034,5.678290896860924,1.4969793185262268,-4.942828488030416,1.7987156843214838,-5.248767722503565,-30.174522518685926,89.98695537342375,129.96097766424163,0.0,1.3452006876468658,-1.4067810773849487,199.97350286999298,0.3451944186278233
324,3.25,-0.6513019017764262,5.696278054011263,1.4444106417789415,-4.942828469180413,1.7987157355003232,-5.264967646847117,-30.2251918530183,89.98693530606852,129.91076888847684,0.0,1.4198513329029083,1.4354717731475828,199.97350286999298,0.34468161279908954
325,3.2600000000000002,-0.7007365036082657,5.714267493781391,1.3916799668676298,-4.9440918992480665,1.7991722128243546,-5.281167343810134,-30.276205855205422,89.98691533257943,129.86021612716488,33.584111742675304,1.4568032324314117,1.8196563422679901,199.9733659317188,0.3430868163293815
326,3.27,-0.7501896442112577,5.732263631354945,1.3387872959111418,-4.946536223099163,1.8000552970469237,-5.297366851655199,-30.328725700138975,89.98689598210775,129.80816084437285,64.97383587062359,0.7028704136610031,1.278175264596939,199.97310100272443,0.34151504438341884
327,3.2800000000000002,-0.7996550064177801,5.750264184388317,1.285732627297472,-4.946536219146518,1.800055307020438,-5.31356686780151,-30.381373708914413,89.98687679603104,129.75597957610847,0.0,-0.6244581937789917,0.16680924221873283,199.97310100272443,0.34290040697689717
328,3.29,-0.8491203686325032,5.768264737389348,1.2325159584584406,-4.946536223154234,1.800055294964504,-5.3297668938800555,-30.434344012380294,89.98685783428007,129.7034760512069,0.0,1.5633873641490936,-1.165202409029007,199.97310100272443,0.3422456760352779
329,3.3000000000000003,-0.8985857306607052,5.786265290896898,1.1791372896979655,-4.946536189313969,1.800055387649941,-5.345966865156383,-30.48699255937181,89.98683877971825,129.65129366418145,0.0,-1.832413524389267,0.3742280974984169,199.97310100272443,0.3415566754893979
330,3.31,-0.9480510927004835,5.804265844362594,1.1255966210413684,-4.946536214632248,1.8000553165872542,-5.3621668655348,-30.539256246338297,89.98681960739113,129.59949618680963,0.0,-0.4483482241630554,1.7582736909389496,199.97310100272443,0.34083389523700935
331,3.3200000000000003,-0.9975191632959178,5.822267375691512,1.071893952950781,-4.947077902748625,1.800250953917989,-5.378366752575631,-30.591168216462425,89.98680035102872,129.54805061821682,14.398358836770058,0.34002281725406647,1.322232335805893,199.9730422938199,0.33962938395386283
332,3.33,-1.0469899423563362,5.840269885134646,1.0180292854280144,-4.947077908114953,1.80025093808642,-5.394566752164606,-30.642705269565965,89.98678099649575,129.49697981179395,0.0,0.9136574715375901,1.646963506937027,199.9730422938199,0.33928494476459437
333,3.34,-1.0964607215876736,5.858272394095105,0.9640026174358652,-4.947077928162488,1.8002508816469576,-5.410766819251193,-30.695322998096582,89.98676208793891,129.4448289168213,0.0,0.4885574430227279,-1.5729491412639616,199.9730422938199,0.33846400866654064
334,3.35,-1.1459411551795562,5.876278390119725,0.9098139517084676,-4.949008782076281,1.8009483457965139,-5.42696635667809,-30.749043025147166,89.9867437011468,129.3915764725145,51.324060782790184,1.8792638182640076,-0.09289865382015704,199.9728330214008,0.33601301491674235
335,3.36,-1.1954312427078178,5.894287874382244,0.8554632887805701,-4.949008733595614,1.8009484789818597,-5.443166251314471,-30.80435964780035,89.98672586063915,129.33672679456436,0.0,-1.9031588733196259,1.86716228723526,199.9728330214008,0.336713448571116
336,3.37,-1.244921330355786,5.912297358303853,0.8009506253254747,-4.949008787879217,1.800948327797727,-5.459366405917946,-30.86067048200074,89.98670855313813,129.2808833192153,0.0,1.4107948541641235,-1.1927900463342667,199.9728330214008,0.3357996469934789
337,3.38,-1.2944206997869194,5.930310194129026,0.746275963695881,-4.950865102329849,1.801618826218056,-5.47556593635075,-30.91736389688113,89.9866913756329,129.22465814949436,49.3423817306757,0.9145770967006683,1.983824670314789,199.9726318292225,0.33331959195134464
338,3.39,-1.3439359196942633,5.948328755286479,0.691439305552756,-4.952178888185986,1.8020933802202055,-5.491765685590099,-30.973508870237946,89.9866740209697,129.16898160725637,34.9216603115201,-1.8914590775966644,-0.6171302869915962,199.97248943713151,0.3327824805427748
339,3.4,-1.3934656428231837,5.9663525545765,0.6364406504213405,-4.953765739526841,1.8026664724473462,-5.507965344582675,-31.02973236952184,89.98665673137971,129.11322597349206,42.1791797876358,-1.9196578860282898,0.3619043901562691,199.97231745270832,0.3315459964649031
340,3.41,-1.4430183034233086,5.9843846371130915,0.5812800003181597,-4.956766375124324,1.803750049752423,-5.524164685561283,-31.085097542946887,89.9866391789628,129.05832697258364,79.75727409124374,0.8403179794549942,0.6920073181390762,199.97199224465902,0.3293356086487187
341,3.42,-1.4926000972746305,6.0024272405392205,0.5259573562353554,-4.959592396506426,1.8047706316896424,-5.540364121743066,-31.139233442370752,89.98662117294184,129.00465384851896,75.11652074754238,-1.7914031445980072,-1.118713766336441,199.9716859591514,0.3284025115274906
342,3.43,-1.5421960212585515,6.020474946799158,0.4704727149670481,-4.959592399504527,1.8047706224378297,-5.55656413004645,-31.19267214179102,89.98660292573645,128.95167644415733,0.0,-0.9008486568927766,-1.4345453679561615,199.9716859591514,0.3296393664112552
343,3.44,-1.5917919452324574,6.038522653077227,0.41482607379435305,-4.959592395648609,1.8047706321481667,-5.572764108102578,-31.245690914549996,89.9865845776998,128.89911894296927,0.0,-0.34451253712177277,-0.2550070360302925,199.9716859591514,0.32853296251832986
344,3.45,-1.6413878692602324,6.056570359196484,0.3590174327660309,-4.959592405535072,1.8047706038095446,-5.588964099392313,-31.298183202772826,89.98656607902697,128.8470881185036,0.0,1.9470903277397156,-0.958777368068695,199.9716859591514,-99.67259746712637
