#{"t_start": 1764911276.609733, "env_id": "None"}
r,l,t,success,semi_success
-83.193231,392,1.007904,False,False
-86.168815,405,1.281973,False,False
-90.262196,398,1.561637,False,False
-83.972018,403,1.835339,False,False
-87.287545,395,2.1151,False,False
-84.843819,378,4.581782,False,False
-83.787074,389,4.824912,False,False
-85.494877,393,5.077461,False,False
-89.530728,390,5.319796,False,False
-77.988763,401,5.584525,False,False
-87.416744,400,7.994804,False,False
-85.985,403,8.281318,False,False
-90.337273,386,8.586421,False,False
-83.682781,390,8.876507,False,False
-87.079747,395,9.152724,False,False
-88.943466,394,11.820411,False,False
-87.187153,399,12.067898,False,False
-87.982828,397,12.340519,False,False
-87.495348,420,12.620644,False,False
-84.948199,396,12.937068,False,False
-90.133883,389,15.592519,False,False
-88.603342,399,15.877201,False,False
-91.795643,383,16.188137,False,False
-79.408585,411,16.647816,False,False
-85.457879,396,16.945687,False,False
-88.91902,392,19.525819,False,False
-37.31872,393,19.771618,False,False
-83.135573,431,20.055462,False,False
-89.878412,376,20.300451,False,False
-73.60889,422,20.579362,False,False
-82.776259,391,23.159264,False,False
-79.695718,412,23.578877,False,False
-85.188105,396,23.95637,False,False
-87.476852,400,24.229004,False,False
-81.856374,401,24.481761,False,False
-88.62341,384,24.718475,False,False
-40.475875,376,27.295718,False,False
-90.542445,397,27.543859,False,False
-89.541696,381,27.790132,False,False
-87.197979,393,28.050024,False,False
-84.676,418,28.332485,False,False
-89.667424,381,31.265755,False,False
-86.733949,392,31.612007,False,False
-86.461602,385,31.905801,False,False
-89.616801,383,32.25395,False,False
-85.475633,412,32.629127,False,False
-90.711239,374,35.480901,False,False
-87.957915,370,35.795777,False,False
-91.569942,382,36.080299,False,False
-82.257941,377,36.409327,False,False
-80.145676,471,36.931266,False,False
-93.317913,368,39.578366,False,False
-83.901712,383,39.827938,False,False
-89.253684,391,40.081056,False,False
-88.41918,386,40.33344,False,False
-92.413893,369,40.570314,False,False
-85.744891,453,43.24891,False,False
-83.377927,417,43.54981,False,False
-81.184401,463,43.854489,False,False
-84.879357,426,44.158375,False,False
-93.212714,369,44.487077,False,False
-90.209759,371,47.181602,False,False
-92.434376,376,47.515899,False,False
-90.032575,384,47.849785,False,False
-81.381936,476,48.196696,False,False
-91.446557,376,48.464196,False,False
-90.583718,394,48.739517,False,False
-83.826907,492,51.567513,False,False
-87.885593,423,51.853946,False,False
-86.982732,423,52.126995,False,False
-91.928057,374,52.362983,False,False
-90.332216,402,55.145736,False,False
-84.232621,520,55.578486,False,False
-87.591419,421,55.887157,False,False
-93.016656,368,56.124017,False,False
-84.624398,474,56.466422,False,False
-84.732883,504,59.330967,False,False
-87.648635,344,59.573369,False,False
-76.69644,526,59.91091,False,False
-84.886421,466,60.222634,False,False
-79.139467,490,63.159823,False,False
-92.910515,371,63.425057,False,False
-83.213974,519,63.803996,False,False
-84.882509,528,64.168928,False,False
-28.488397,544,64.600985,False,False
-90.806016,405,67.44941,False,False
-85.078134,429,67.735777,False,False
-85.132745,499,68.15881,False,False
-86.312777,452,68.535583,False,False
-30.05485,514,71.265278,False,False
-86.830835,445,71.574564,False,False
-90.24585,414,71.871402,False,False
-26.352913,510,72.32892,False,False
-84.240736,452,72.672523,False,False
-30.343937,509,75.360821,False,False
-92.831463,377,75.651923,False,False
-89.951659,464,75.985576,False,False
-91.573956,370,76.361868,False,False
-24.858275,516,79.074189,False,False
-39.949732,407,79.34937,False,False
-84.760405,442,79.682561,False,False
-29.855035,515,80.047334,False,False
-32.297322,507,83.026922,False,False
-26.750083,508,83.422395,False,False
-90.334325,441,83.722941,False,False
-28.771458,510,84.078459,False,False
-88.98836,438,84.396148,False,False
-39.797367,436,87.229657,False,False
-40.984811,441,87.54478,False,False
-39.741553,455,87.882807,False,False
-34.93862,470,88.264897,False,False
-37.900891,482,91.145678,False,False
-91.422757,448,91.47847,False,False
-35.555567,472,91.800027,False,False
-37.207645,457,92.120534,False,False
-26.537552,503,92.536662,False,False
-37.032976,468,95.478916,False,False
-38.954821,458,95.809601,False,False
-22.484016,503,96.192717,False,False
-35.617398,466,96.548009,False,False
-26.580217,496,99.801713,False,False
-37.834031,461,100.153238,False,False
-20.445244,505,100.644487,False,False
-36.034505,452,101.02671,False,False
-27.108613,474,104.066274,False,False
-22.946143,496,104.51679,False,False
-30.667664,480,105.015181,False,False
-21.980101,496,105.440225,False,False
-29.761523,480,108.352897,False,False
-28.590053,483,108.820736,False,False
-21.687514,498,109.211896,False,False
-20.84847,502,109.592101,False,False
-22.637964,502,109.935569,False,False
-31.325727,470,112.904286,False,False
-20.071654,499,113.259615,False,True
-28.907225,482,113.596908,False,False
-23.861763,490,113.927468,False,False
-23.937742,488,116.696763,False,False
-27.129582,485,117.038908,False,False
-22.310245,493,117.427999,False,False
-22.0453,494,118.009323,False,False
-24.178504,493,120.732232,False,False
-22.36741,493,121.205759,False,False
-22.078167,492,121.609425,False,False
-20.227892,496,121.942587,False,False
-23.001843,494,124.885536,False,False
-21.633792,493,125.236323,False,True
-21.031743,495,125.604394,False,True
-21.395989,494,125.949277,False,True
-23.759141,483,128.909176,False,False
-22.246725,493,129.343585,False,True
-22.054174,491,129.740926,False,True
-27.145085,475,130.039927,False,False
-21.501302,494,130.371475,False,True
-27.590838,475,133.259061,False,False
-21.259796,495,133.680002,False,True
-22.354504,490,134.020112,False,False
-19.88821,494,134.368031,False,True
-26.182573,486,137.213687,False,False
-20.989855,493,137.668815,False,True
-27.76635,481,138.014918,False,False
-21.746503,494,138.396094,False,True
-21.255631,493,141.248654,False,True
-20.779173,493,141.712734,False,True
-21.831659,493,142.0474,False,True
-21.446933,494,142.398777,False,True
-20.309733,495,145.212399,False,True
-21.067574,492,145.689677,False,True
-20.206211,493,146.227539,False,True
-20.758503,492,146.585658,False,True
-21.000613,494,149.472252,False,True
-20.673964,492,149.932213,False,True
-20.176301,492,150.326292,False,True
-20.774988,492,150.68628,False,True
-20.823026,492,153.506098,False,True
-20.537044,492,154.021862,False,True
-20.450033,492,154.396984,False,True
-19.630307,494,154.723555,False,True
-20.528171,492,155.06267,False,True
-19.93332,493,157.987043,False,True
-20.096226,492,158.333125,False,True
-20.697255,492,158.653501,False,True
-20.38251,492,159.028029,False,True
-19.887266,492,162.183295,False,True
-19.735692,493,162.541307,False,True
-20.544446,492,162.870607,False,True
-20.073501,492,163.195453,False,True
-19.773659,492,166.151946,False,True
-19.941092,492,166.48976,False,True
-19.810087,492,166.832178,False,True
-19.920371,493,167.181596,False,True
-19.844722,492,170.177871,False,True
-19.54119,492,170.592646,False,True
-19.527504,493,170.93974,False,True
-19.611027,493,171.330599,False,True
-19.493811,492,174.151498,False,True
-19.63766,493,174.611065,False,True
-19.64636,492,174.959136,False,True
-19.805043,492,175.287078,False,True
-19.899974,492,178.019388,False,True
-19.842206,492,178.392374,False,True
-19.524948,492,178.794922,False,True
-19.671199,493,179.258484,False,True
-19.863262,492,182.020037,False,True
-19.757034,492,182.3447,False,True
-19.362597,492,182.696594,False,True
-19.89804,492,183.042304,False,True
-19.602094,492,183.453948,False,True
-19.39646,493,186.256418,False,True
-19.60474,492,186.619733,False,True
-19.538554,492,187.002477,False,True
-19.433272,493,187.539201,False,True
-19.655238,492,190.273598,False,True
-20.149024,492,190.681965,False,True
-19.693568,492,191.050504,False,True
-19.482792,493,191.379283,False,True
-19.338214,492,194.188379,False,True
-19.511716,493,194.627155,False,True
-19.63981,492,194.952327,False,True
-19.787632,492,195.303518,False,True
-19.40903,492,198.2391,False,True
-19.463265,493,198.586272,False,True
-19.411074,493,198.923114,False,True
-19.508876,492,199.270634,False,True
-19.488908,492,202.100288,False,True
-19.498637,492,202.463246,False,True
-19.254351,493,202.837774,False,True
-19.803123,492,203.259992,False,True
-19.592243,492,205.996124,False,True
-19.529133,492,206.421426,False,True
-19.489918,492,206.831466,False,True
-19.659812,492,207.175357,False,True
-19.790529,493,207.497934,False,True
-19.713948,492,210.262458,False,True
-19.337882,493,210.671628,False,True
-19.582107,492,211.05032,False,True
-19.584086,492,211.38135,False,True
-19.692206,492,214.112995,False,True
-19.340465,492,214.486405,False,True
-19.100669,493,214.872813,False,True
-20.12112,491,215.226387,False,True
-19.320652,493,218.031744,False,True
-19.048589,492,218.357832,False,True
-19.504583,492,218.675712,False,True
-19.484549,492,218.997581,False,True
-19.33737,492,221.771197,False,True
-19.167221,493,222.097497,False,True
-19.307277,493,222.416403,False,True
-19.111716,493,222.726256,False,True
-19.067846,493,225.412527,False,True
-19.19349,492,225.86873,False,True
-28.254975,480,226.281852,False,False
-19.111675,493,226.610382,False,True
-18.614906,493,229.254366,False,True
-19.07576,493,229.596593,False,True
-19.08064,493,229.912561,False,True
-18.56419,492,230.256977,False,True
-19.347138,493,230.629081,False,True
-18.121107,492,233.741577,False,True
-19.287872,493,234.09971,False,True
-19.106605,492,234.465562,False,True
-19.315014,493,234.778565,False,True
-18.256165,493,237.558556,False,True
-19.031993,493,237.897695,False,True
-19.29195,493,238.213128,False,True
-16.527721,492,238.561624,False,True
-19.140987,493,241.265154,False,True
-19.130314,492,241.825668,False,True
-19.173269,493,242.17379,False,True
-16.498861,492,242.512808,False,True
-18.973273,492,245.54932,False,True
-30.696494,477,245.88313,False,False
-18.913231,492,246.211746,False,True
-18.679187,493,246.561365,False,True
-19.25805,493,249.318225,False,True
-17.050563,493,249.65908,False,True
-19.213568,491,250.091771,False,False
-94.690333,426,250.424108,False,False
-17.913774,492,250.74838,False,True
-18.913019,493,253.435694,False,True
-18.677572,494,253.820013,False,True
-22.024642,489,254.192264,False,False
-18.486753,494,254.6546,False,True
-18.550723,493,257.381275,False,True
-18.317776,493,257.841446,False,True
-18.716774,493,258.211852,False,True
-18.622357,493,258.560773,False,True
-17.659671,493,261.444561,False,True
-18.378557,493,261.804363,False,True
-33.711083,456,262.155973,False,False
-17.872579,493,262.604752,False,True
-16.82604,493,265.388197,False,False
-18.423237,494,265.782991,False,True
-17.929395,494,266.274754,False,True
-18.676617,494,266.669236,False,False
-18.299052,493,269.447438,False,True
-14.154073,493,269.939191,False,True
-19.242524,491,270.319499,False,False
-16.690659,494,270.663451,False,True
-18.591489,494,273.498274,False,True
-17.943289,494,273.888153,False,True
-18.185073,493,274.243162,False,False
-92.55493,413,274.527857,False,False
-17.491862,492,274.864165,False,True
-19.033861,492,277.826831,False,False
-19.315062,492,278.240025,False,False
-18.247134,494,278.667202,False,True
-18.142122,493,279.003446,False,False
-15.319953,493,281.829211,False,True
-17.003993,492,282.202171,False,True
-19.516573,489,282.518587,False,False
-19.519768,491,282.854164,False,False
-18.624512,495,285.729097,False,True
-91.279553,457,286.066447,False,False
-18.561046,495,286.498651,False,True
-18.217844,494,286.947534,False,True
-18.220393,494,289.622077,False,True
-35.2682,485,290.033181,False,False
-18.965014,494,290.491324,False,False
-18.758106,494,290.837268,False,True
-18.763759,495,293.57933,False,False
-18.213596,494,294.001758,False,True
-18.025585,494,294.349396,False,True
-16.36187,492,294.670968,False,True
-18.162737,495,295.02997,False,True
-19.219332,495,297.804817,False,False
-15.452149,493,298.209763,False,True
-18.301296,495,298.549382,False,True
-17.187135,493,298.892946,False,True
-18.754778,497,301.534501,False,False
-15.310298,494,301.856647,False,True
-16.80442,493,302.238579,False,True
-27.101419,488,302.622831,False,False
-17.681087,494,305.525312,False,True
-17.257008,494,305.944817,False,True
-19.009886,490,306.289328,False,True
-17.983435,495,306.631789,False,True
-18.252082,495,309.371458,False,True
-41.502529,456,309.69876,False,False
-18.713628,495,310.022043,False,False
-17.982324,495,310.342528,False,True
-17.834013,494,313.051745,False,True
-17.329789,494,313.385474,False,True
-18.195719,496,313.742049,False,False
-17.274276,494,314.155673,False,True
-16.784342,497,316.981502,False,False
-16.385769,493,317.322898,False,True
-24.065463,483,317.64177,False,False
-17.898925,494,317.977065,False,True
-17.41363,496,318.310005,False,True
-17.244046,495,320.958695,False,True
-15.909604,494,321.325636,False,True
-17.07279,494,321.646584,False,False
-11.772797,493,321.991706,False,True
-15.645865,494,324.800864,False,True
-17.205913,494,325.145134,False,True
-88.623758,441,325.434035,False,False
-17.771088,497,325.821798,False,False
-16.716529,495,328.542369,False,False
-17.939636,496,328.93633,False,True
-18.046445,496,329.305633,False,False
-18.699777,496,329.620092,False,False
-29.102458,495,332.393639,False,False
-17.881061,496,332.782473,False,True
-18.031722,497,333.119516,False,False
-14.589675,494,333.451202,False,True
-13.905553,494,336.146977,False,True
-16.55542,494,336.674135,False,True
-15.716692,494,337.148242,False,True
-18.578802,498,337.514476,False,False
-16.31236,495,340.242462,False,True
-18.089767,497,340.671376,False,False
-17.778389,496,341.025257,False,False
-88.76419,402,341.299974,False,False
-13.786068,494,341.629624,False,True
-14.5674,495,344.499102,False,True
-21.113908,500,344.826732,False,False
-13.002418,495,345.13916,False,False
-18.631422,497,345.467895,False,False
-15.230009,495,348.271909,False,True
-18.222449,497,348.613595,False,False
-14.99225,496,348.93983,False,False
-14.719168,496,349.264125,False,False
-14.178201,495,351.92987,False,False
-19.247471,498,352.328891,False,False
-13.495636,495,352.697147,False,True
-11.775095,496,353.054588,False,False
-18.445962,504,355.812238,False,False
-16.698197,497,356.235906,False,False
-12.476666,495,356.655948,False,True
-10.206024,494,357.049208,False,True
-18.865527,497,359.93602,False,False
-17.40281,502,360.265312,False,False
-17.654193,501,360.598726,False,False
-17.808515,498,360.946481,False,False
-17.016509,496,363.692581,False,False
-12.530711,495,364.163881,False,True
-11.873104,495,364.529885,False,False
-14.195915,496,364.876258,False,False
-15.092019,496,367.57857,False,False
-15.940338,496,367.912034,False,False
-20.478151,496,368.247751,False,False
-18.638763,497,368.563752,False,False
-16.197294,497,371.288033,False,False
-18.78209,493,371.713322,False,False
-14.224005,496,372.117647,False,False
-15.433287,496,372.458417,False,False
-18.433531,497,372.851947,False,False
-17.829491,499,375.550526,False,False
-19.925799,496,375.876746,False,False
-15.913155,496,376.186799,False,False
-17.218041,498,376.523607,False,False
-16.145744,497,379.253949,False,False
-17.292868,497,379.694662,False,False
-14.672096,497,380.148586,False,True
-12.387549,497,380.490977,False,False
-19.289421,497,383.174326,False,False
-8.987332,496,383.540146,False,False
-14.863597,497,383.892301,False,False
-13.206069,497,384.259876,False,False
-10.27161,496,387.020392,False,False
-15.029102,497,387.367684,False,False
-22.890084,498,387.766205,False,False
-11.72467,496,388.139044,False,False
-8.790351,496,390.669889,False,False
-14.012982,497,390.993626,False,False
-11.35059,497,391.308012,False,False
-15.913047,497,391.628125,False,False
-16.55985,501,394.300134,False,False
-2.004881,497,394.614825,False,False
-10.560539,498,394.934131,False,False
-9.359784,497,395.281859,False,False
-15.415168,501,398.021454,False,False
-19.231555,503,398.441332,False,False
-4.922724,496,398.777932,False,False
-23.676971,497,399.103106,False,False
-20.809755,499,401.582481,False,False
-14.89194,499,401.939541,False,False
-13.888689,504,402.34282,False,False
-14.38995,497,402.795394,False,False
-76.735457,498,403.156379,False,False
-20.474895,501,405.881452,False,False
-10.236992,498,406.216246,False,False
-17.489651,496,406.558145,False,False
-7.546417,497,406.944269,False,False
-3.58648,496,409.700243,False,False
-19.152357,506,410.064775,False,False
-4.204415,496,410.430472,False,False
-16.635851,504,410.919843,False,False
-85.769736,329,413.659725,False,False
-7.419837,496,414.054574,False,False
-6.680738,497,414.447007,False,False
-5.693657,497,414.835434,False,False
-2.054112,498,417.45992,False,False
11.140686,759,417.976033,False,False
-12.003947,503,418.357346,False,False
-2.33241,497,418.731994,False,False
-5.781128,496,421.543375,False,False
14.366761,808,422.094344,False,False
-86.838421,353,422.348239,False,False
-9.20738,496,422.748024,False,False
-6.639814,497,425.543821,False,False
-13.369835,497,425.865566,False,False
-12.936236,502,426.198844,False,False
-4.664049,496,426.544946,False,False
-10.417973,505,429.321736,False,False
24.554435,691,429.775555,False,False
-9.806942,498,430.087631,False,False
0.944827,618,433.107122,False,False
-18.299033,500,433.443818,False,False
-7.639137,511,433.799699,False,False
-87.238822,376,434.059421,False,False
-4.243277,498,436.913773,False,False
-1.041127,637,437.389595,False,False
-6.205517,498,437.751704,False,False
-7.947045,515,438.114568,False,False
-2.308571,497,440.777741,False,False
-2.502493,499,441.221727,False,False
-6.951046,497,441.60917,False,False
-7.270945,498,441.957095,False,False
-19.252064,498,444.77804,False,False
-83.815403,334,445.001927,False,False
9.879888,635,445.405472,False,False
-4.128007,497,445.722458,False,False
-31.781037,800,448.653034,False,False
-2.945542,498,449.110844,False,False
-5.614104,498,449.440295,False,False
-2.290026,498,449.79103,False,False
-3.356161,498,452.43606,False,False
3.38042,498,452.860035,False,False
-3.593374,498,453.271836,False,False
-18.582417,500,453.599926,False,False
-4.805675,499,456.343853,False,False
-2.686282,498,456.677952,False,False
-6.33555,500,456.999207,False,False
-4.077609,499,457.335286,False,False
-19.145762,500,460.125599,False,False
-1.609836,498,460.509789,False,False
2.12996,501,460.875496,False,False
-1.279333,499,461.201107,False,False
-4.499991,498,463.99765,False,False
-13.144781,499,464.368741,False,False
-3.082682,500,464.688171,False,False
-2.93888,499,465.043227,False,False
-3.747539,500,467.813489,False,False
-18.763253,500,468.162326,False,False
-16.327737,499,468.535252,False,False
0.161921,500,469.025077,False,False
3.630118,500,469.439903,False,False
-79.334093,340,472.021389,False,False
-16.635725,499,472.458975,False,False
-3.723406,497,472.851431,False,False
-11.077277,498,473.191725,False,False
-15.229361,498,476.063266,False,False
-2.17678,498,476.409945,False,False
-1.357624,498,476.751119,False,False
-8.205924,498,477.079043,False,False
-2.585175,498,479.866971,False,False
-1.247524,497,480.24618,False,False
-3.360575,498,480.590122,False,False
-0.814083,497,480.924286,False,False
-2.919171,498,483.64991,False,False
-2.823198,498,484.077421,False,False
0.142426,497,484.418688,False,False
-18.400267,499,484.755817,False,False
-0.97812,497,487.576144,False,False
-18.694674,498,487.979247,False,False
-2.184715,498,488.346607,False,False
-16.162158,498,488.682418,False,False
-15.013761,498,491.297898,False,False
-0.154047,496,491.637863,False,False
0.108283,497,492.110886,False,False
-11.046645,502,492.491542,False,False
-10.326803,498,492.839767,False,False
-3.378871,497,495.797357,False,False
0.118977,497,496.14421,False,False
0.367919,497,496.459599,False,False
-5.396772,497,496.820022,False,False
-18.316267,498,499.639986,False,False
-3.911255,497,500.049661,False,False
-2.736342,496,500.394194,False,False
-14.6328,503,500.727672,False,False
0.17201,497,503.403925,False,False
-11.49478,498,503.825012,False,False
-1.102995,497,504.209714,False,False
-1.351006,497,504.542664,False,False
-1.766574,497,507.222566,False,False
-0.81382,496,507.588798,False,False
-0.119267,498,507.929424,False,False
-18.594636,498,508.259464,False,False
-1.48805,496,511.151027,False,False
-9.233624,497,511.464212,False,False
8.92321,500,511.799437,False,False
-1.404567,497,512.171532,False,False
-7.323332,497,514.915712,False,False
0.442127,496,515.304567,False,False
0.532247,497,515.70361,False,False
-1.187325,496,516.166262,False,False
0.311767,497,518.780551,False,False
0.121146,496,519.214108,False,False
21.19504,501,519.667883,False,False
0.924959,496,520.030956,False,False
-5.508631,496,522.835158,False,False
-15.523475,497,523.246292,False,False
0.470602,495,523.616581,False,False
1.335976,495,523.999486,False,False
1.475629,496,524.407751,False,False
-1.101073,497,527.360888,False,False
1.310336,496,527.771143,False,False
0.625528,496,528.115401,False,False
0.152241,496,528.453841,False,False
0.43214,497,531.351236,False,False
-2.35577,496,531.738043,False,False
1.343328,495,532.058304,False,False
16.249736,499,532.397045,False,False
0.202655,497,535.171768,False,False
-0.987869,496,535.535434,False,False
0.180466,496,535.866041,False,False
0.641353,497,536.187197,False,False
0.531761,495,538.952474,False,False
1.413166,496,539.329844,False,False
11.645163,522,539.674713,False,False
0.204447,496,540.027629,False,False
-2.013633,497,542.781614,False,False
0.525118,496,543.099802,False,False
0.416581,496,543.438462,False,False
0.457065,496,543.822826,False,False
14.018992,504,546.649491,False,False
-2.174567,497,546.985794,False,False
-18.241935,498,547.325149,False,False
17.42069,509,547.652294,False,False
-1.239194,497,550.294301,False,False
-0.48412,496,550.694278,False,False
-1.812277,495,551.077033,False,False
-0.708806,496,551.500116,False,False
0.674716,496,554.285267,False,False
1.345466,495,554.622656,False,False
-1.034171,497,554.957654,False,False
14.043942,504,555.288595,False,False
1.065562,497,557.904331,False,False
-1.121556,496,558.364222,False,False
0.248311,496,558.743557,False,False
-64.4857,430,559.042059,False,False
-0.394916,496,559.386403,False,False
11.649829,498,562.178063,False,False
-0.171947,497,562.538525,False,False
2.719973,496,562.940242,False,False
0.859531,497,563.283607,False,False
-9.632133,497,565.931316,False,False
-4.689348,497,566.304206,False,False
-0.180246,496,566.702143,False,False
0.492923,497,567.080022,False,False
-18.655668,498,570.148177,False,False
0.845607,497,570.555225,False,False
-1.145901,497,570.936979,False,False
-0.00933,496,571.36164,False,False
0.862874,497,574.49651,False,False
-1.882088,497,574.922119,False,False
-5.2125,497,575.368744,False,False
-18.994913,499,575.774902,False,False
-0.216084,497,578.727219,False,False
1.536042,496,579.144584,False,False
1.248619,496,579.531549,False,False
11.372192,506,579.905432,False,False
-1.167687,498,582.620013,False,False
0.83258,496,582.994089,False,False
0.470839,497,583.373898,False,False
-0.070426,497,583.748833,False,False
0.960616,497,586.636408,False,False
0.462194,497,587.044621,False,False
1.19832,497,587.393884,False,False
0.311907,497,587.760345,False,False
0.747451,497,588.099201,False,False
1.671253,497,590.994179,False,False
-72.932492,379,591.303116,False,False
-1.047657,498,591.68871,False,False
0.542427,497,592.049959,False,False
0.917244,496,594.929076,False,False
1.751633,496,595.29976,False,False
1.230464,496,595.716937,False,False
-0.005485,496,596.155995,False,False
0.223033,497,599.055888,False,False
1.631445,496,599.599602,False,False
-29.697589,349,599.892262,False,False
-62.56633,425,600.26702,False,False
0.118655,497,600.64033,False,False
0.261566,496,603.500372,False,False
0.372947,496,603.866104,False,False
-9.555945,496,604.292598,False,False
9.684867,500,604.720133,False,False
0.981847,496,607.507989,False,False
-1.851441,497,607.873867,False,False
1.460374,496,608.247366,False,False
0.914994,496,608.65269,False,False
1.171553,496,611.586961,False,False
6.862865,497,611.969415,False,False
-0.798153,496,612.500589,False,False
-0.137165,496,612.924232,False,False
0.274977,496,615.895161,False,False
1.469172,496,616.289083,False,False
1.709722,496,616.693439,False,False
-1.430175,497,617.216572,False,False
1.033164,495,619.849544,False,False
-0.015637,496,620.184441,False,False
20.333007,502,620.559282,False,False
1.866478,497,620.890879,False,False
1.699416,497,623.474104,False,False
1.886842,495,623.813552,False,False
1.28657,496,624.149287,False,False
1.087536,496,624.501476,False,False
-44.372455,504,627.297147,False,False
16.318546,499,627.675626,False,False
3.897838,496,628.026901,False,False
0.864031,496,628.377623,False,False
1.397821,496,631.098752,False,False
1.21377,496,631.562788,False,False
1.613718,496,631.983422,False,False
1.539672,496,632.346135,False,False
-0.030318,641,635.044166,False,False
0.470334,495,635.383393,False,False
0.104398,496,635.729121,False,False
0.758284,495,636.093786,False,False
0.995665,495,638.705689,False,False
-1.280467,496,639.06338,False,False
18.524307,499,639.428353,False,False
2.118524,496,639.792675,False,False
-10.7134,497,640.16759,False,False
1.400092,496,642.757934,False,False
0.87356,496,643.131148,False,False
3.895621,496,643.48944,False,False
1.392848,496,643.857402,False,False
0.670713,496,646.641304,False,False
-0.490502,496,647.119666,False,False
0.527747,496,647.504114,False,False
-24.94955,376,647.808939,False,False
10.510606,496,650.756327,False,False
-0.235981,497,651.423123,False,False
-0.075604,497,651.902143,False,False
1.243223,497,652.299334,False,False
1.511435,496,655.010145,False,False
2.775634,496,655.427605,False,False
1.955443,496,655.85264,False,False
8.668286,496,656.292309,False,False
2.059486,496,658.985064,False,False
0.838825,496,659.371491,False,False
0.948599,496,659.792982,False,False
1.551481,496,660.163902,False,False
1.556862,497,663.069806,False,False
-13.402414,497,663.406694,False,False
1.609987,496,663.777841,False,False
1.605354,496,664.166631,False,False
1.099981,496,664.55667,False,False
2.032086,496,667.504734,False,False
1.444388,497,667.865696,False,False
2.270017,496,668.214271,False,False
1.473139,497,668.561761,False,False
1.274404,497,671.297934,False,False
-48.196028,479,671.668745,False,False
1.991181,497,672.022685,False,False
-47.925324,478,672.36284,False,False
1.361516,497,675.271886,False,False
1.749587,496,675.628459,False,False
1.781263,497,675.987557,False,False
1.716325,497,676.379685,False,False
1.693639,497,679.544032,False,False
1.572124,496,680.105957,False,False
8.801739,496,680.544809,False,False
2.137329,497,680.912386,False,False
1.922628,497,683.810758,False,False
1.503737,497,684.248427,False,False
2.014355,496,684.607401,False,False
1.982377,497,685.032189,False,False
1.346322,497,688.192196,False,False
1.863118,497,688.580955,False,False
17.255591,499,689.01162,False,False
1.551078,497,689.424934,False,False
1.315238,497,692.255977,False,False
1.55744,497,692.677166,False,False
1.969571,497,693.112102,False,False
1.437397,497,693.474431,False,False
1.008435,497,696.299943,False,False
1.582041,497,696.657449,False,False
14.540408,497,697.007148,False,False
1.78946,496,697.351436,False,False
1.066333,497,697.73046,False,False
1.594771,497,700.78524,False,False
1.447053,497,701.134145,False,False
2.136699,497,701.511704,False,False
1.539424,497,701.872445,False,False
1.637454,497,704.700927,False,False
9.272944,497,705.081012,False,False
2.103614,497,705.455073,False,False
1.128226,497,705.888881,False,False
1.700497,497,708.921789,False,False
20.006192,507,709.524749,False,False
1.726403,497,709.917615,False,False
22.913091,500,710.260744,False,False
1.301703,497,713.07853,False,False
1.668992,497,713.519966,False,False
15.729868,496,713.930277,False,False
1.714215,497,714.341265,False,False
1.377651,497,717.07837,False,False
22.21557,499,717.458864,False,False
1.916196,497,717.841937,False,False
7.02567,499,718.227669,False,False
2.349284,497,721.165503,False,False
1.377293,497,721.559392,False,False
1.932861,497,722.025316,False,False
1.6615,497,722.520013,False,False
-18.579427,374,722.812564,False,False
1.547016,497,725.496906,False,False
16.808392,498,725.822243,False,False
-18.699227,375,726.062598,False,False
1.495948,498,726.381625,False,False
1.944696,498,728.952267,False,False
1.908813,497,729.4665,False,False
1.667968,497,729.829515,False,False
4.079005,497,730.147244,False,False
1.611091,497,732.720685,False,False
1.249928,498,733.066694,False,False
1.408593,498,733.4175,False,False
1.4575,498,733.76638,False,False
19.774274,499,736.457556,False,False
0.879463,498,736.779124,False,False
1.404612,498,737.117713,False,False
0.727588,498,737.441016,False,False
1.097131,498,740.016726,False,False
1.170724,498,740.337277,False,False
1.74498,498,740.687784,False,False
18.71256,498,741.058556,False,False
1.333856,498,743.666365,False,False
1.145769,498,744.016327,False,False
1.518508,498,744.381756,False,False
1.396804,498,744.7568,False,False
16.237951,510,747.715707,False,False
1.357335,498,748.106069,False,False
1.620136,498,748.452335,False,False
0.802704,498,748.776668,False,False
0.869116,498,749.098263,False,False
0.63108,498,751.774523,False,False
21.981796,501,752.123657,False,False
-9.697083,420,752.405973,False,False
1.720503,498,752.766624,False,False
1.31857,497,755.432456,False,False
2.96688,498,755.755573,False,False
0.881217,498,756.089293,False,False
1.308983,498,756.462819,False,False
1.238279,498,759.36479,False,False
-31.581819,463,759.682113,False,False
1.123006,498,760.008756,False,False
1.119683,498,760.339398,False,False
0.902788,498,763.160257,False,False
1.504836,498,763.556216,False,False
1.496315,498,763.895576,False,False
1.408396,498,764.21214,False,False
16.60981,499,766.813574,False,False
1.236057,498,767.166661,False,False
1.331317,498,767.534152,False,False
1.091618,498,768.188141,False,False
1.417818,498,771.380548,False,False
0.897903,498,771.770815,False,False
1.285733,498,772.150943,False,False
1.223361,498,772.552684,False,False
1.384619,498,775.37894,False,False
1.350315,498,775.737769,False,False
10.593867,506,776.114286,False,False
1.160167,498,776.495528,False,False
1.421772,498,776.825792,False,False
0.474996,498,779.514406,False,False
0.850737,498,779.907594,False,False
0.863664,498,780.291285,False,False
0.919458,498,780.609291,False,False
1.18069,498,783.34508,False,False
0.770316,499,783.670982,False,False
0.559984,499,784.000435,False,False
0.944773,499,784.347113,False,False
0.906765,499,787.14533,False,False
0.885868,499,787.536016,False,False
0.626563,499,787.954179,False,False
0.529464,499,788.319641,False,False
1.161936,499,790.954761,False,False
0.771632,499,791.273616,False,False
0.763785,499,791.619077,False,False
0.484781,499,792.086992,False,False
0.427466,499,794.865512,False,False
0.766957,499,795.206771,False,False
0.927134,499,795.569798,False,False
0.853058,499,795.986263,False,False
0.85013,499,798.65071,False,False
1.202338,499,798.977257,False,False
0.919904,499,799.315522,False,False
1.000085,499,799.693464,False,False
11.432484,497,802.728959,False,False
1.008147,499,803.108831,False,False
9.448194,497,803.547342,False,False
0.772667,499,803.92642,False,False
5.0739,499,806.751022,False,False
6.593059,498,807.096825,False,False
1.385023,499,807.467464,False,False
1.347074,499,807.880552,False,False
0.815099,498,810.816673,False,False
1.216416,499,811.134055,False,False
13.384023,497,811.45593,False,False
11.731792,496,811.766362,False,False
4.348259,498,812.093983,False,False
8.929891,498,814.730222,False,False
1.171808,498,815.040427,False,False
1.502646,499,815.356595,False,False
1.119961,499,815.665616,False,False
1.169023,499,818.336402,False,False
1.139539,499,818.73782,False,False
1.26093,499,819.112247,False,False
1.442514,499,819.440391,False,False
1.300757,499,822.107804,False,False
16.643881,498,822.60775,False,False
11.001731,497,823.000958,False,False
1.192614,499,823.372988,False,False
11.367753,486,826.400015,False,False
5.896255,498,826.740843,False,False
2.36554,449,827.034872,False,False
-13.604946,388,827.295156,False,False
1.048769,499,829.862882,False,False
1.083616,499,830.28474,False,False
0.908142,498,830.687853,False,False
1.620039,499,831.050516,False,False
1.786179,499,833.909592,False,False
19.079476,497,834.235271,False,False
17.516932,497,834.571974,False,False
4.543234,498,834.937588,False,False
-2.990647,429,835.372787,False,False
-3.631124,429,838.266724,False,False
0.908596,498,838.626455,False,False
0.835004,499,839.003306,False,False
7.873857,498,839.373676,False,False
0.985738,499,842.279667,False,False
1.342073,498,842.648463,False,False
3.680654,454,842.994915,False,False
1.492404,498,843.381857,False,False
1.242664,499,846.072346,False,False
17.619833,495,846.421542,False,False
1.624516,498,846.777311,False,False
15.644994,492,847.161215,False,False
2.035302,499,850.061041,False,False
6.752656,460,850.415327,False,False
1.167148,499,850.793508,False,False
10.805325,497,851.188939,False,False
15.607138,497,853.928989,False,False
-17.812177,373,854.221107,False,False
-18.24352,371,854.512556,False,False
19.779108,497,854.894453,False,False
-14.887657,384,855.17022,False,False
15.527611,497,857.89824,False,False
1.287672,499,858.265753,False,False
1.482871,499,858.627825,False,False
22.568622,496,858.980514,False,False
24.371065,496,861.706048,False,False
11.105031,497,862.111262,False,False
14.669652,497,862.508801,False,False
23.10607,496,862.926297,False,False
1.3552,499,866.199808,False,False
15.654292,497,866.546185,False,False
1.10626,499,866.885587,False,False
22.64277,495,867.208399,False,False
1.21504,499,867.540511,False,False
1.040079,499,870.262596,False,False
1.490285,499,870.579297,False,False
1.697424,499,870.910596,False,False
1.254452,499,871.271026,False,False
1.024419,499,873.952189,False,False
1.752728,498,874.29832,False,False
21.19709,496,874.607963,False,False
1.756676,498,874.924207,False,False
8.962119,497,877.91186,False,False
1.565132,498,878.293015,False,False
1.678272,499,878.667673,False,False
1.172687,499,879.082389,False,False
4.261021,498,881.924579,False,False
13.313728,497,882.391541,False,False
24.280742,495,882.859688,False,False
-17.087356,371,883.16223,False,False
1.583687,499,885.924538,False,False
1.250567,499,886.321276,False,False
2.001944,499,886.7001,False,False
1.36838,499,887.082482,False,False
14.736766,497,889.697954,False,False
19.034994,498,890.013008,False,False
11.030836,476,890.375586,False,False
14.626868,484,890.703729,False,False
15.964694,495,891.078979,False,False
1.816108,498,893.913752,False,False
-18.326966,368,894.159949,False,False
8.782894,497,894.502635,False,False
1.948502,498,894.860906,False,False
21.364293,499,897.553843,False,False
15.964882,496,897.880292,False,False
1.975114,498,898.227952,False,False
23.092615,498,898.564899,False,False
15.16794,492,901.389788,False,False
1.180139,499,901.752318,False,False
18.214744,495,902.095955,False,False
1.769214,499,902.47329,False,False
14.228114,485,905.214018,False,False
23.226607,496,905.623709,False,False
-1.268566,431,905.96488,False,False
-14.619514,380,906.255523,False,False
1.522869,499,906.591738,False,False
12.4702,478,909.317696,False,False
9.693623,497,909.681881,False,False
3.871655,498,910.047919,False,False
10.435661,470,910.389259,False,False
-17.476866,371,913.292844,False,False
20.949007,496,913.800304,False,False
2.164564,498,914.352999,False,False
23.865825,496,914.771807,False,False
22.001944,498,918.163795,False,False
2.340946,499,918.689416,False,False
-13.353379,385,919.008089,False,False
9.987612,468,919.429257,False,False
2.307876,498,919.848824,False,False
-16.851899,374,922.968376,False,False
6.299315,498,923.354356,False,False
10.49933,497,923.791818,False,False
1.340807,498,924.1957,False,False
20.836629,495,927.631723,False,False
18.22393,492,928.001412,False,False
24.102193,495,928.385136,False,False
2.0107,498,928.830683,False,False
-8.623948,402,931.762289,False,False
13.758654,497,932.154135,False,False
1.865716,498,932.628937,False,False
-15.665378,378,932.921715,False,False
19.086113,492,933.276876,False,False
17.591753,496,936.435879,False,False
21.15455,496,936.815141,False,False
16.653226,484,937.170827,False,False
19.032742,496,937.54066,False,False
2.494412,498,940.537369,False,False
1.635698,498,940.905388,False,False
5.600383,498,941.326005,False,False
11.240588,497,941.793575,False,False
1.927781,498,944.963838,False,False
14.319715,496,945.330242,False,False
2.346465,498,945.693123,False,False
21.874737,494,946.082242,False,False
21.81807,494,949.10846,False,False
14.741082,497,949.626419,False,False
25.065954,495,950.00867,False,False
-2.261977,422,950.405039,False,False
20.418865,493,953.591946,False,False
23.878447,494,953.975602,False,False
5.640562,449,954.411114,False,False
16.886898,479,954.820573,False,False
24.873718,494,955.172296,False,False
-12.552561,389,957.955228,False,False
-12.624415,389,958.238403,False,False
24.271871,494,958.602884,False,False
-6.786858,410,958.884409,False,False
9.072364,497,962.099502,False,False
-5.89656,411,962.421737,False,False
3.591129,439,962.781013,False,False
5.562131,445,963.144795,False,False
3.278347,498,963.643382,False,False
22.231675,494,966.574876,False,False
21.444708,495,966.938834,False,False
21.434912,492,967.315861,False,False
-1.14837,425,967.684758,False,False
21.972794,493,970.693605,False,False
2.683575,498,971.149681,False,False
24.921462,494,971.592566,False,False
-12.613404,390,971.932832,False,False
2.772847,498,972.312834,False,False
-1.183427,424,975.117995,False,False
2.60015,498,975.492654,False,False
-11.430881,394,975.776839,False,False
24.611714,494,976.160393,False,False
6.409993,447,979.447178,False,False
21.819786,492,979.842102,False,False
21.72874,493,980.286481,False,False
2.307643,498,980.709044,False,False
24.833258,494,983.687467,False,False
3.57856,497,984.155718,False,False
22.699217,495,984.510225,False,False
2.745059,498,984.885193,False,False
-11.870711,392,985.175536,False,False
16.146157,496,988.299665,False,False
25.260049,494,988.670362,False,False
2.239914,498,989.064619,False,False
-11.214716,395,989.390391,False,False
20.589025,485,992.368183,False,False
22.529689,495,992.746722,False,False
2.760284,498,993.232008,False,False
2.445805,498,993.855089,False,False
-11.251995,395,996.803172,False,False
19.511783,493,997.240924,False,False
2.339303,498,997.696876,False,False
22.599937,493,998.060909,False,False
17.399964,496,1000.991489,False,False
1.943269,498,1001.390544,False,False
10.006234,456,1001.74701,False,False
24.814157,495,1002.145398,False,False
22.966453,491,1002.606114,False,False
2.558745,498,1005.667902,False,False
1.95939,498,1006.143731,False,False
21.407108,495,1006.55686,False,False
21.416102,495,1006.96243,False,False
22.676008,489,1009.935938,False,False
22.169143,490,1010.272354,False,False
15.805979,496,1010.648629,False,False
22.625007,489,1011.054484,False,False
2.315996,498,1013.955873,False,False
24.529751,493,1014.320245,False,False
2.562915,498,1014.695912,False,False
24.347814,493,1015.181215,False,False
10.714723,497,1018.086151,False,False
8.753971,451,1018.417995,False,False
25.216819,494,1018.767133,False,False
22.948504,495,1019.109476,False,False
-7.203413,406,1019.415586,False,False
2.38397,498,1022.506865,False,False
12.060049,497,1022.894144,False,False
25.240502,494,1023.253551,False,False
21.704865,495,1023.650132,False,False
20.973798,482,1026.519622,False,False
6.665657,497,1026.94085,False,False
24.837961,493,1027.301457,False,False
3.444582,498,1027.680045,False,False
25.219933,493,1030.638298,False,False
2.429788,498,1031.047772,False,False
8.770411,450,1031.499198,False,False
25.205166,494,1031.867332,False,False
13.715962,496,1034.878158,False,False
19.262119,495,1035.293591,False,False
24.431005,492,1035.636027,False,False
24.189237,492,1036.029697,False,False
3.03943,498,1039.16625,False,False
20.974332,482,1039.525769,False,False
-8.409586,404,1039.846647,False,False
25.646668,493,1040.215656,False,False
3.878065,497,1040.647543,False,False
16.43055,496,1043.61033,False,False
2.27006,498,1044.040007,False,False
20.661074,495,1044.508957,False,False
23.980471,495,1044.885833,False,False
24.259513,492,1048.026632,False,False
19.70675,495,1048.407342,False,False
19.705757,481,1048.750354,False,False
19.508732,495,1049.139842,False,False
22.605616,495,1051.996776,False,False
25.359697,493,1052.450478,False,False
1.404206,497,1052.956217,False,False
2.604991,498,1053.364673,False,False
-1.003305,426,1056.43119,False,False
2.76936,498,1056.884605,False,False
-8.817083,406,1057.230675,False,False
12.599148,460,1057.583484,False,False
2.482213,497,1060.470651,False,False
24.578087,492,1060.952623,False,False
24.78257,493,1061.407506,False,False
23.46937,495,1061.79014,False,False
22.808181,495,1062.182549,False,False
2.514382,498,1065.247158,False,False
19.468791,478,1065.599463,False,False
25.74845,494,1065.958846,False,False
-8.443558,406,1066.260131,False,False
25.959957,494,1069.098839,False,False
2.87187,436,1069.445738,False,False
24.737503,493,1069.936725,False,False
5.416418,442,1070.34917,False,False
24.235982,493,1073.283901,False,False
8.515522,449,1073.674941,False,False
22.808143,495,1074.150437,False,False
12.521263,496,1074.622294,False,False
25.359594,493,1075.003453,False,False
4.3373,497,1077.993771,False,False
22.457357,495,1078.358707,False,False
9.072392,497,1078.722243,False,False
23.822315,492,1079.104637,False,False
25.418208,493,1082.36745,False,False
18.143128,473,1082.859776,False,False
25.099624,494,1083.224782,False,False
2.774851,497,1083.580938,False,False
-8.200787,407,1086.354156,False,False
15.676813,496,1086.769887,False,False
18.54651,475,1087.143536,False,False
25.170699,494,1087.521808,False,False
2.73958,497,1090.598591,False,False
25.869174,491,1090.975265,False,False
7.995833,497,1091.344905,False,False
25.333937,494,1091.736923,False,False
11.942934,457,1094.727283,False,False
1.771753,497,1095.174339,False,False
24.364948,492,1095.640173,False,False
24.112436,492,1096.008524,False,False
2.748931,497,1096.402932,False,False
23.756999,495,1099.506671,False,False
2.713982,497,1099.892895,False,False
-13.04723,443,1100.246744,False,False
21.994666,495,1100.714628,False,False
12.41252,496,1103.546988,False,False
23.804807,494,1104.043132,False,False
-7.655843,408,1104.539827,False,False
23.165488,485,1104.983251,False,False
14.15619,496,1108.154155,False,False
11.545981,457,1108.633196,False,False
24.250593,487,1109.069418,False,False
13.982273,464,1109.40843,False,False
24.521182,492,1112.432712,False,False
15.179523,467,1112.800788,False,False
24.043014,492,1113.325874,False,False
-0.290931,428,1113.716171,False,False
25.349528,492,1114.088586,False,False
-6.910563,411,1117.409984,False,False
17.708128,472,1117.886019,False,False
26.374462,493,1118.317969,False,False
23.554565,494,1118.681433,False,False
18.801927,475,1121.615601,False,False
26.258668,490,1122.028679,False,False
3.257166,497,1122.544884,False,False
25.327323,493,1122.97458,False,False
8.241991,450,1126.038175,False,False
26.604253,491,1126.438699,False,False
-2.373424,424,1126.768005,False,False
-7.047412,412,1127.103225,False,False
18.900812,495,1127.502434,False,False
4.395519,441,1130.269188,False,False
25.510468,493,1130.833869,False,False
25.700752,493,1131.357921,False,False
-6.663756,415,1131.673918,False,False
3.983312,497,1134.638971,False,False
-5.594007,416,1134.961174,False,False
-5.959348,414,1135.311679,False,False
14.040233,465,1135.697794,False,False
3.330242,497,1136.117801,False,False
16.174146,496,1139.182105,False,False
25.956298,493,1139.625505,False,False
25.132293,493,1140.022205,False,False
4.691955,443,1140.37592,False,False
22.53517,483,1143.329887,False,False
23.264336,485,1143.85446,False,False
25.290626,494,1144.320192,False,False
10.770586,497,1144.700136,False,False
23.996905,494,1147.550764,False,False
25.536484,493,1148.006755,False,False
-5.292985,417,1148.357573,False,False
26.305934,492,1148.766658,False,False
25.530588,494,1149.145633,False,False
24.980082,492,1152.133412,False,False
2.76088,497,1152.528283,False,False
25.386011,492,1152.912657,False,False
-21.998571,537,1153.306675,False,False
14.202655,496,1156.293824,False,False
5.396674,497,1156.814361,False,False
15.698042,469,1157.148889,False,False
11.939536,459,1157.484984,False,False
26.255894,490,1160.725057,False,False
23.986492,493,1161.099341,False,False
-5.14263,420,1161.424353,False,False
25.230916,493,1161.837388,False,False
24.398159,494,1164.837396,False,False
21.834926,495,1165.290287,False,False
25.793337,489,1165.739847,False,False
14.388174,496,1166.102846,False,False
27.440625,491,1169.189585,False,False
16.839096,496,1169.595869,False,False
9.37283,495,1170.005434,False,False
-23.792311,530,1170.509729,False,False
25.221857,492,1173.585451,False,False
18.934869,476,1173.949322,False,False
3.935965,441,1174.323003,False,False
25.505645,493,1174.736789,False,False
22.082859,483,1175.154244,False,False
24.669556,493,1178.218617,False,False
4.362442,497,1178.69839,False,False
25.942908,492,1179.106061,False,False
27.261141,491,1179.501986,False,False
25.838365,489,1182.559334,False,False
8.43544,452,1182.915157,False,False
16.227361,496,1183.310946,False,False
13.270854,463,1183.733592,False,False
25.809568,493,1186.801948,False,False
25.303735,493,1187.176168,False,False
25.633932,493,1187.59882,False,False
16.332812,471,1188.090323,False,False
21.470767,495,1191.241322,False,False
26.89242,492,1191.63165,False,False
26.144476,492,1192.007953,False,False
4.077007,498,1192.452592,False,False
14.872171,468,1192.826712,False,False
23.165118,495,1195.99059,False,False
26.070904,492,1196.363655,False,False
25.916883,490,1196.758962,False,False
4.583075,498,1197.296885,False,False
14.596459,496,1200.357313,False,False
-0.167082,433,1200.677397,False,False
25.710513,494,1201.044128,False,False
25.17628,492,1201.44535,False,False
-2.999638,427,1204.509269,False,False
18.90366,496,1205.075877,False,False
5.676535,447,1205.460126,False,False
27.022034,491,1205.859962,False,False
24.931202,493,1208.752311,False,False
-3.965135,424,1209.126506,False,False
24.82115,492,1209.617169,False,False
24.853134,492,1210.027069,False,False
3.219941,498,1210.393996,False,False
22.651751,485,1213.614778,False,False
-3.765701,424,1213.962207,False,False
24.412845,492,1214.368497,False,False
3.079797,498,1214.8125,False,False
10.91638,460,1217.940791,False,False
3.527145,498,1218.326347,False,False
27.399487,491,1218.736674,False,False
25.335352,494,1219.177405,False,False
24.676333,493,1222.273554,False,False
-3.572904,426,1222.617602,False,False
25.532584,494,1223.143951,False,False
24.569174,492,1223.554618,False,False
13.91774,496,1226.578069,False,False
26.023577,492,1227.080118,False,False
-2.04707,430,1227.417927,False,False
25.659076,492,1227.789372,False,False
3.246075,498,1228.215701,False,False
3.152731,498,1231.47268,False,False
5.074921,446,1231.846436,False,False
23.6963,486,1232.232522,False,False
4.256779,444,1232.58798,False,False
5.08704,497,1235.392694,False,False
4.265395,497,1235.779347,False,False
25.082962,493,1236.198814,False,False
24.816558,493,1236.599657,False,False
27.011232,492,1239.787123,False,False
21.538183,495,1240.233621,False,False
27.50012,491,1240.654237,False,False
10.140565,459,1241.03271,False,False
27.603074,491,1244.219447,False,False
23.886612,492,1244.648256,False,False
-3.248036,428,1245.011709,False,False
3.076522,498,1245.413407,False,False
24.34821,492,1245.800848,False,False
24.425011,492,1249.685978,False,False
25.547808,493,1250.101453,False,False
5.800414,497,1250.468954,False,False
3.246938,498,1250.832712,False,False
25.486941,494,1253.50773,False,False
22.392424,484,1253.871199,False,False
25.56186,494,1254.255798,False,False
23.639519,495,1254.631532,False,False
-2.807761,429,1257.506286,False,False
24.008779,494,1257.914055,False,False
24.243043,495,1258.319321,False,False
24.098148,492,1258.698762,False,False
27.214994,491,1261.495487,False,False
16.759279,489,1261.879782,False,False
25.455292,493,1262.245463,False,False
23.652536,487,1262.612174,False,False
-2.477384,431,1262.961473,False,False
25.732895,494,1265.911268,False,False
22.896146,495,1266.368606,False,False
0.222334,438,1266.722927,False,False
24.287398,492,1267.089865,False,False
7.162175,453,1269.830143,False,False
18.220638,496,1270.21491,False,False
26.645327,490,1270.574373,False,False
15.405362,496,1270.956026,False,False
8.948699,497,1273.888197,False,False
21.47694,495,1274.281897,False,False
25.303171,494,1274.693447,False,False
23.178376,495,1275.087417,False,False
16.610428,474,1277.945962,False,False
14.652818,496,1278.377009,False,False
27.186952,492,1278.807908,False,False
8.086338,497,1279.177991,False,False
24.420977,488,1282.200552,False,False
27.157749,492,1282.591642,False,False
24.344307,493,1282.989712,False,False
20.772446,483,1283.3624,False,False
9.425443,497,1283.835649,False,False
7.344027,490,1286.669015,False,False
27.332264,491,1287.066229,False,False
6.743978,497,1287.44658,False,False
23.768084,494,1287.817478,False,False
27.096332,492,1290.428205,False,False
16.381415,473,1290.819891,False,False
27.594164,491,1291.205625,False,False
9.453342,497,1291.592981,False,False
24.72101,494,1294.352162,False,False
13.350518,496,1294.778374,False,False
24.863612,493,1295.159361,False,False
15.207419,472,1295.512649,False,False
25.197905,494,1298.490266,False,False
16.671815,496,1298.875094,False,False
21.384778,484,1299.265055,False,False
-1.807323,436,1299.633371,False,False
24.324459,493,1302.432698,False,False
26.816287,491,1302.802773,False,False
14.371787,496,1303.209673,False,False
25.061319,493,1303.940445,False,False
19.596673,481,1304.366488,False,False
24.288782,492,1307.169152,False,False
24.971121,492,1307.542233,False,False
19.915589,495,1307.908571,False,False
25.683482,494,1308.285284,False,False
8.07885,497,1311.016061,False,False
16.445963,476,1311.362934,False,False
27.510345,491,1311.716499,False,False
25.483664,493,1312.08783,False,False
16.377366,492,1314.897164,False,False
25.130561,493,1315.26851,False,False
27.241797,491,1315.652904,False,False
22.373496,495,1316.09426,False,False
24.458529,492,1318.811429,False,False
14.025057,496,1319.22636,False,False
18.723842,495,1319.613645,False,False
25.270517,492,1320.011263,False,False
18.307546,492,1322.973119,False,False
19.662818,495,1323.35547,False,False
21.951332,495,1323.746095,False,False
18.407002,496,1324.13776,False,False
25.497508,493,1327.063566,False,False
25.055427,493,1327.433531,False,False
25.256469,493,1327.798909,False,False
25.828949,492,1328.379001,False,False
24.365545,489,1328.739891,False,False
25.312826,493,1331.593592,False,False
-14.946818,494,1331.979637,False,False
-21.60497,494,1332.361395,False,False
25.545788,492,1332.752205,False,False
25.506084,492,1335.49283,False,False
14.863981,473,1335.860865,False,False
18.927202,496,1336.252719,False,False
25.287009,493,1336.899677,False,False
25.34896,493,1339.756372,False,False
17.453957,478,1340.165208,False,False
24.72687,492,1340.562998,False,False
25.270359,493,1341.00509,False,False
26.801817,492,1343.741952,False,False
-15.513533,468,1344.094065,False,False
24.099666,492,1344.459219,False,False
0.461442,444,1344.794428,False,False
-0.026433,443,1345.12973,False,False
19.818102,482,1347.960652,False,False
25.320867,493,1348.345129,False,False
20.582489,495,1348.729957,False,False
27.336063,491,1349.115417,False,False
24.04257,492,1351.849586,False,False
24.304691,492,1352.212319,False,False
6.211983,497,1352.575645,False,False
12.942631,471,1352.926532,False,False
24.348202,493,1355.728525,False,False
25.534626,493,1356.103247,False,False
24.165473,492,1356.523998,False,False
24.719075,493,1356.912595,False,False
27.017481,491,1359.66979,False,False
14.44007,476,1360.028709,False,False
-23.385953,626,1360.493929,False,False
2.781713,498,1360.983734,False,False
21.826855,495,1364.484182,False,False
25.527911,493,1364.947855,False,False
27.182543,492,1365.418805,False,False
25.423967,492,1365.913726,False,False
26.310371,492,1369.474372,False,False
23.992489,492,1369.951138,False,False
24.721003,493,1370.43154,False,False
25.483868,493,1370.915276,False,False
16.942127,480,1374.350963,False,False
26.859894,491,1374.841265,False,False
25.140442,493,1375.343675,False,False
23.670662,489,1375.871811,False,False
24.62178,494,1379.405454,False,False
24.326728,492,1379.857206,False,False
15.347002,496,1380.312936,False,False
27.446463,491,1380.74739,False,False
9.319738,497,1381.206773,False,False
26.145169,490,1384.429246,False,False
3.189138,498,1384.88453,False,False
9.761372,468,1385.313173,False,False
24.308551,489,1385.783441,False,False
24.590332,492,1388.834203,False,False
24.297619,492,1389.25948,False,False
27.43394,491,1389.67348,False,False
24.014275,492,1390.084172,False,False
18.466679,483,1393.444634,False,False
17.763936,496,1393.872065,False,False
23.4993,495,1394.288864,False,False
24.583017,493,1394.72467,False,False
23.97471,492,1397.712052,False,False
2.577776,458,1398.090887,False,False
22.188353,495,1398.519649,False,False
27.150792,491,1398.966908,False,False
24.587385,493,1402.066138,False,False
3.265944,498,1402.491409,False,False
26.454805,492,1402.933169,False,False
10.470791,491,1403.356675,False,False
26.201169,492,1403.819396,False,False
3.466688,498,1406.875677,False,False
24.219477,493,1407.284918,False,False
15.773101,480,1407.690613,False,False
27.192242,492,1408.12147,False,False
26.97166,491,1411.219003,False,False
11.428123,497,1411.679028,False,False
27.595334,492,1412.120196,False,False
24.717155,493,1412.847968,False,False
26.066152,492,1415.937526,False,False
14.294792,496,1416.347616,False,False
-57.378262,495,1416.759969,False,False
24.930178,494,1417.189137,False,False
24.262725,493,1420.277984,False,False
25.255511,492,1420.703567,False,False
24.73046,492,1421.321403,False,False
7.958932,497,1421.779714,False,False
25.466637,493,1424.831537,False,False
23.524813,489,1425.246504,False,False
27.217498,492,1425.666572,False,False
24.34973,492,1426.083157,False,False
2.33945,460,1429.146009,False,False
24.119489,492,1429.554005,False,False
27.192476,492,1429.987318,False,False
27.325822,491,1430.397517,False,False
23.956039,492,1430.842226,False,False
26.3083,490,1433.966855,False,False
24.975496,493,1434.375019,False,False
23.76237,492,1434.78151,False,False
24.2047,492,1435.201115,False,False
24.963379,493,1438.571387,False,False
27.050527,491,1439.034733,False,False
24.710611,494,1439.45756,False,False
-22.53981,493,1439.915831,False,False
25.051829,492,1443.239796,False,False
27.257273,491,1443.642657,False,False
2.119626,460,1444.021362,False,False
24.00624,494,1444.42628,False,False
24.063572,492,1447.481288,False,False
27.274334,491,1447.943133,False,False
24.031195,492,1448.406347,False,False
25.197546,494,1448.8362,False,False
24.971534,492,1451.874635,False,False
24.139764,493,1452.281545,False,False
25.574429,492,1452.694672,False,False
26.691538,491,1453.118602,False,False
23.872825,492,1456.109132,False,False
5.541197,498,1456.48933,False,False
23.95154,492,1456.857037,False,False
26.914701,491,1457.224813,False,False
25.863201,492,1457.590432,False,False
24.792013,493,1460.322848,False,False
27.025258,491,1460.679684,False,False
16.742382,496,1461.039319,False,False
26.918952,491,1461.386985,False,False
25.078602,493,1464.231232,False,False
25.451276,493,1464.60056,False,False
25.757764,490,1464.983751,False,False
25.408238,493,1465.359458,False,False
26.679528,492,1468.165009,False,False
24.235439,492,1468.530467,False,False
25.071586,493,1468.945267,False,False
26.752603,492,1469.332659,False,False
25.172516,490,1472.511525,False,False
27.230661,491,1472.894576,False,False
26.262537,492,1473.277921,False,False
7.05057,466,1473.65084,False,False
23.963217,492,1476.467794,False,False
26.080492,492,1476.841487,False,False
26.911281,492,1477.231467,False,False
25.661257,490,1477.593024,False,False
27.237096,492,1480.447185,False,False
20.311978,495,1480.826155,False,False
26.785006,491,1481.210019,False,False
24.648516,492,1481.585131,False,False
9.586533,497,1481.958525,False,False
26.722012,492,1484.690687,False,False
24.143225,490,1485.055196,False,False
26.670049,491,1485.429744,False,False
15.683999,482,1485.785797,False,False
12.33117,476,1488.630527,False,False
26.904299,491,1489.002466,False,False
26.503174,492,1489.382514,False,False
23.845231,494,1489.790357,False,False
26.776139,491,1492.800765,False,False
25.803607,490,1493.155298,False,False
24.47613,493,1493.50286,False,False
27.06235,491,1493.868968,False,False
24.879595,494,1496.761431,False,False
20.869403,495,1497.266604,False,False
18.474683,485,1497.644709,False,False
27.099916,491,1498.029157,False,False
25.425585,494,1500.882217,False,False
20.03377,495,1501.262537,False,False
24.568977,493,1501.63946,False,False
23.003651,489,1502.021848,False,False
26.940697,491,1504.884706,False,False
26.970668,491,1505.25764,False,False
5.874773,468,1505.611284,False,False
24.777208,494,1505.992022,False,False
24.852177,492,1506.366556,False,False
22.809993,489,1509.24929,False,False
23.05253,489,1509.639888,False,False
23.805874,494,1510.001304,False,False
20.800486,488,1510.363533,False,False
26.716228,491,1513.203729,False,False
24.515096,490,1513.577826,False,False
13.613434,481,1513.947713,False,False
8.735413,474,1514.332717,False,False
22.52086,489,1517.206822,False,False
23.992805,490,1517.580353,False,False
13.518294,482,1518.073558,False,False
5.941838,469,1518.590215,False,False
25.191857,493,1521.524137,False,False
18.252799,486,1521.896418,False,False
26.696309,492,1522.267246,False,False
27.155838,492,1522.651358,False,False
26.976086,492,1525.485997,False,False
25.578,493,1525.870097,False,False
25.085655,493,1526.242132,False,False
25.843083,494,1526.650086,False,False
24.742044,490,1527.043028,False,False
3.628926,468,1529.877421,False,False
5.466006,471,1530.24757,False,False
17.541026,486,1530.624187,False,False
25.368012,493,1530.999861,False,False
24.430463,493,1533.769158,False,False
18.809221,487,1534.132523,False,False
25.354691,492,1534.485619,False,False
27.130973,491,1534.853205,False,False
25.553232,494,1537.934222,False,False
3.491812,469,1538.285549,False,False
24.527619,494,1538.644513,False,False
11.926028,480,1538.991331,False,False
27.188952,492,1541.657922,False,False
24.734722,492,1542.013607,False,False
25.407752,490,1542.348462,False,False
17.239375,486,1542.705442,False,False
24.206576,492,1545.418162,False,False
26.623324,491,1545.787294,False,False
18.206452,496,1546.243459,False,False
27.145215,492,1546.703537,False,False
25.244835,493,1547.059597,False,False
24.749988,490,1549.821684,False,False
24.659492,494,1550.183289,False,False
21.758721,489,1550.537039,False,False
25.495941,494,1550.884597,False,False
20.150509,488,1553.612291,False,False
24.569049,490,1553.952184,False,False
18.08222,487,1554.299674,False,False
12.16619,482,1554.653294,False,False
25.416788,490,1557.491754,False,False
26.601373,492,1557.964836,False,False
26.819017,492,1558.328561,False,False
25.774336,492,1558.674259,False,False
19.618495,488,1561.534213,False,False
14.289803,496,1561.909733,False,False
14.317685,485,1562.284169,False,False
23.748708,490,1562.717465,False,False
25.099607,494,1565.683178,False,False
24.959087,490,1566.042455,False,False
27.001396,491,1566.387226,False,False
3.982333,473,1566.731381,False,False
27.202974,491,1567.073255,False,False
13.152119,496,1569.890191,False,False
24.761697,492,1570.255589,False,False
25.774962,492,1570.630354,False,False
23.026314,490,1571.043373,False,False
25.642945,494,1573.9321,False,False
21.372127,489,1574.282839,False,False
18.960313,488,1574.650581,False,False
27.032678,492,1574.989591,False,False
23.987234,492,1577.873539,False,False
24.089938,492,1578.230176,False,False
18.621743,488,1578.584149,False,False
25.427595,490,1579.011349,False,False
25.05262,490,1581.930562,False,False
27.001742,491,1582.264891,False,False
26.028054,492,1582.571351,False,False
9.215454,482,1582.924358,False,False
27.037821,491,1585.932977,False,False
26.603895,492,1586.306327,False,False
23.715537,490,1586.671489,False,False
24.178043,492,1587.042113,False,False
26.924593,492,1589.828933,False,False
24.483377,492,1590.169823,False,False
24.471109,492,1590.544706,False,False
26.953731,491,1590.947067,False,False
27.126607,492,1591.325751,False,False
23.975582,492,1594.116837,False,False
26.829777,492,1594.462796,False,False
24.060578,492,1594.831043,False,False
27.076059,491,1595.231208,False,False
25.536413,490,1598.010157,False,False
24.332373,492,1598.332697,False,False
27.183839,491,1598.697,False,False
23.881458,492,1599.055708,False,False
24.901822,490,1601.964915,False,False
25.35334,490,1602.308102,False,False
18.647371,495,1602.656064,False,False
20.133779,489,1603.029893,False,False
26.583912,492,1606.256575,False,False
25.479008,493,1606.595,False,False
27.35724,491,1606.949126,False,False
24.994071,493,1607.424993,False,False
24.179254,490,1610.283017,False,False
21.376155,495,1610.633113,False,False
21.531305,495,1610.980512,False,False
22.573167,490,1611.332046,False,False
24.756053,493,1614.144495,False,False
26.733597,491,1614.492659,False,False
26.882735,491,1614.867682,False,False
25.270095,490,1615.22933,False,False
25.885055,492,1615.641919,False,False
27.129732,491,1618.453261,False,False
6.68572,478,1618.802974,False,False
27.324399,491,1619.185646,False,False
7.054153,479,1619.596131,False,False
24.06728,492,1622.312405,False,False
24.232205,492,1622.707106,False,False
26.706627,491,1623.040936,False,False
26.577706,492,1623.384336,False,False
23.796038,494,1626.13741,False,False
23.110466,490,1626.477631,False,False
25.0672,492,1626.808367,False,False
27.493856,492,1627.162759,False,False
24.635364,490,1630.04733,False,False
25.976437,492,1630.397699,False,False
24.299792,492,1630.731729,False,False
25.538132,493,1631.057929,False,False
26.86429,492,1633.929853,False,False
14.78565,484,1634.331195,False,False
25.252264,493,1634.67167,False,False
23.634397,490,1634.996787,False,False
24.596255,490,1637.807424,False,False
27.272612,492,1638.145801,False,False
25.370558,493,1638.505101,False,False
25.418992,493,1638.881215,False,False
27.1489,491,1639.24709,False,False
27.138209,492,1642.063621,False,False
24.520634,493,1642.423469,False,False
24.952557,494,1642.766732,False,False
21.139276,495,1643.100438,False,False
27.276181,491,1645.869143,False,False
12.937895,497,1646.214756,False,False
23.051952,490,1646.564684,False,False
25.390947,492,1646.933343,False,False
19.976755,489,1649.820042,False,False
2.382869,470,1650.144027,False,False
25.343734,494,1650.550611,False,False
24.845587,490,1650.916477,False,False
25.643035,493,1653.620974,False,False
25.378838,493,1653.945927,False,False
24.886102,494,1654.312674,False,False
25.054002,493,1654.695937,False,False
25.402234,493,1657.51531,False,False
25.227966,494,1657.856403,False,False
24.70996,492,1658.193792,False,False
24.690201,494,1658.51697,False,False
27.069124,491,1661.474844,False,False
25.524063,492,1661.863344,False,False
25.411153,493,1662.209066,False,False
24.419817,492,1662.551254,False,False
24.130391,492,1662.880182,False,False
23.749818,490,1665.697319,False,False
25.688826,493,1666.089037,False,False
24.225265,492,1666.473244,False,False
25.200467,493,1666.832247,False,False
11.323808,484,1669.546709,False,False
15.48171,487,1669.925894,False,False
25.171436,494,1670.29866,False,False
21.192087,495,1670.64749,False,False
17.134288,488,1673.431217,False,False
27.422422,492,1673.840391,False,False
26.398719,491,1674.235812,False,False
25.86531,490,1674.56451,False,False
25.154855,492,1677.366316,False,False
26.820927,492,1677.733393,False,False
27.018764,491,1678.148387,False,False
27.280986,492,1678.486133,False,False
20.304069,495,1681.256751,False,False
23.055244,495,1681.630698,False,False
26.941091,491,1681.962991,False,False
-23.169984,463,1682.288822,False,False
24.695746,493,1682.650699,False,False
18.135639,496,1685.489375,False,False
25.104051,493,1685.923426,False,False
23.865077,495,1686.283522,False,False
24.086948,490,1686.648328,False,False
26.278902,491,1689.474711,False,False
24.969344,492,1689.821897,False,False
-21.15326,490,1690.174142,False,False
23.417504,490,1690.565461,False,False
24.154608,492,1693.293914,False,False
20.445495,489,1693.653016,False,False
-5.42647,497,1693.998312,False,False
24.116808,492,1694.341977,False,False
26.7993,492,1697.247438,False,False
24.788764,493,1697.660928,False,False
22.610841,490,1698.012986,False,False
18.861241,489,1698.347351,False,False
23.826078,494,1701.071703,False,False
26.75928,491,1701.433475,False,False
27.143046,491,1701.819179,False,False
25.995944,492,1702.212302,False,False
11.283212,497,1705.049676,False,False
24.537951,493,1705.4169,False,False
22.457487,495,1705.813276,False,False
24.544559,493,1706.16965,False,False
25.085481,492,1708.908181,False,False
25.548545,492,1709.318485,False,False
25.562654,494,1709.693584,False,False
24.570708,494,1710.044966,False,False
27.354528,492,1710.377358,False,False
21.298602,495,1713.247732,False,False
26.428353,492,1713.580595,False,False
20.384532,489,1713.901024,False,False
27.227441,491,1714.260229,False,False
25.791942,492,1717.04479,False,False
23.480242,490,1717.372856,False,False
27.021101,491,1717.730411,False,False
27.115791,491,1718.102821,False,False
25.392957,490,1720.924701,False,False
24.110583,492,1721.368741,False,False
25.579833,490,1721.715989,False,False
26.984781,492,1722.061522,False,False
27.125501,492,1724.776652,False,False
24.223099,493,1725.140175,False,False
26.421301,491,1725.53238,False,False
27.208003,491,1725.867643,False,False
24.239685,490,1728.816216,False,False
25.409458,493,1729.187668,False,False
24.303794,492,1729.557909,False,False
27.254228,491,1729.910238,False,False
1.374279,466,1730.280406,False,False
9.053112,480,1732.999239,False,False
24.435074,492,1733.337157,False,False
24.017382,492,1733.661551,False,False
24.752069,490,1734.013348,False,False
10.637219,482,1736.791336,False,False
22.260185,489,1737.126067,False,False
27.121757,491,1737.449869,False,False
26.747714,491,1737.783428,False,False
27.286927,491,1740.569295,False,False
25.255434,493,1740.971556,False,False
23.964559,492,1741.345262,False,False
23.791669,492,1741.676269,False,False
24.222293,493,1744.44606,False,False
26.166428,492,1744.822455,False,False
25.474412,492,1745.252174,False,False
24.518427,493,1745.687901,False,False
23.795981,492,1748.403877,False,False
20.556714,489,1748.739609,False,False
27.030884,491,1749.122938,False,False
25.368762,490,1749.488207,False,False
26.864573,491,1752.286315,False,False
23.862145,494,1752.643946,False,False
23.136745,490,1752.979899,False,False
27.4511,491,1753.340341,False,False
19.911107,489,1753.695853,False,False
27.070652,491,1756.493166,False,False
25.274411,493,1756.837293,False,False
25.16899,494,1757.183391,False,False
26.041226,490,1757.557827,False,False
23.025968,495,1760.482133,False,False
25.469438,494,1760.817091,False,False
26.301092,491,1761.137227,False,False
25.234862,493,1761.478949,False,False
25.749912,492,1764.603303,False,False
25.105957,492,1764.980951,False,False
22.939278,490,1765.329323,False,False
27.075421,492,1765.706817,False,False
23.603657,490,1768.642488,False,False
26.188865,492,1769.010848,False,False
13.818765,486,1769.372503,False,False
24.662441,490,1769.727745,False,False
24.699861,493,1772.519717,False,False
24.929924,492,1772.863731,False,False
12.719834,485,1773.181969,False,False
25.557188,492,1773.526759,False,False
23.890581,490,1776.372406,False,False
26.60796,491,1776.745152,False,False
26.561676,491,1777.136845,False,False
27.25469,491,1777.55863,False,False
17.657351,488,1777.975576,False,False
27.104854,491,1780.71052,False,False
21.553131,489,1781.085902,False,False
24.095984,490,1781.470263,False,False
24.641317,493,1781.806693,False,False
25.221936,494,1784.726254,False,False
24.376963,492,1785.10544,False,False
25.065092,490,1785.448691,False,False
26.93562,491,1785.791018,False,False
20.58788,489,1788.572619,False,False
24.470016,494,1788.987486,False,False
24.911811,490,1789.362347,False,False
27.026198,492,1789.731857,False,False
24.666073,492,1792.668509,False,False
23.979289,490,1793.002339,False,False
25.662189,492,1793.360872,False,False
23.999109,492,1793.712414,False,False
27.045649,492,1796.703275,False,False
26.998519,491,1797.035239,False,False
26.855979,491,1797.377193,False,False
25.162525,492,1797.710751,False,False
23.157605,490,1800.615777,False,False
23.548818,490,1800.964652,False,False
27.116466,491,1801.320049,False,False
26.555637,492,1801.709543,False,False
11.122762,484,1802.077047,False,False
25.342999,493,1804.791953,False,False
16.995821,488,1805.140579,False,False
25.814666,490,1805.595057,False,False
24.777944,492,1806.021662,False,False
23.708325,492,1808.811995,False,False
20.313655,489,1809.156761,False,False
27.113463,491,1809.488817,False,False
12.532474,486,1809.812102,False,False
24.795512,493,1812.452975,False,False
24.449086,493,1812.797545,False,False
24.964118,493,1813.200385,False,False
24.343484,490,1813.597915,False,False
25.152959,493,1816.739813,False,False
26.883908,491,1817.134465,False,False
26.583866,492,1817.529518,False,False
27.102583,491,1817.872326,False,False
26.896379,491,1821.150802,False,False
25.073481,490,1821.491957,False,False
25.339443,492,1821.831926,False,False
26.896344,492,1822.183937,False,False
26.822777,491,1825.063042,False,False
25.545994,493,1825.409195,False,False
21.174097,489,1825.77045,False,False
25.505062,493,1826.127461,False,False
24.550995,493,1826.512254,False,False
26.540996,491,1829.261105,False,False
20.902711,489,1829.800084,False,False
23.382901,490,1830.169536,False,False
26.996713,491,1830.523493,False,False
24.633532,492,1833.323674,False,False
24.748659,493,1833.742378,False,False
25.079395,490,1834.144152,False,False
25.283019,494,1834.48608,False,False
25.120927,493,1837.457145,False,False
25.049517,492,1837.812579,False,False
26.671148,491,1838.166401,False,False
24.668597,493,1838.553966,False,False
24.286988,493,1841.459824,False,False
25.584697,491,1841.809923,False,False
24.999502,492,1842.157453,False,False
23.986057,489,1842.529753,False,False
23.433888,493,1845.296554,False,False
3.844271,478,1845.643348,False,False
23.335955,493,1846.020946,False,False
23.897625,489,1846.458413,False,False
24.187956,492,1846.823155,False,False
19.180945,487,1849.57582,False,False
24.815884,492,1849.926222,False,False
23.338861,493,1850.346716,False,False
17.729973,487,1850.743831,False,False
20.506002,488,1853.511991,False,False
25.659866,490,1853.853451,False,False
22.084342,496,1854.217831,False,False
23.956716,493,1854.595163,False,False
25.441641,491,1857.405838,False,False
25.706859,490,1857.753382,False,False
25.63144,491,1858.08995,False,False
19.725437,487,1858.413938,False,False
23.18816,493,1861.277841,False,False
19.161305,497,1861.706521,False,False
22.760205,492,1862.095505,False,False
24.351898,494,1862.441873,False,False
24.386537,492,1865.224786,False,False
25.601585,490,1865.54481,False,False
25.658948,490,1865.83223,False,False
23.709602,493,1866.268551,False,False
22.556856,492,1869.228632,False,False
22.886127,489,1869.57076,False,False
23.255106,492,1869.911452,False,False
25.38459,490,1870.281224,False,False
24.133651,494,1870.673915,False,False
23.762219,489,1873.492381,False,False
25.190487,490,1873.82283,False,False
22.534578,492,1874.161779,False,False
23.520416,489,1874.516179,False,False
25.057677,491,1877.24657,False,False
23.191306,489,1877.71791,False,False
23.485376,489,1878.089828,False,False
24.771919,491,1878.375557,False,False
24.215132,492,1881.184044,False,False
18.957537,487,1881.539893,False,False
18.102676,487,1881.913799,False,False
25.159472,490,1882.280546,False,False
22.135301,492,1884.969268,False,False
21.450122,488,1885.326859,False,False
25.638278,491,1885.673213,False,False
22.905193,493,1886.006529,False,False
25.09542,490,1888.836967,False,False
23.285465,491,1889.244643,False,False
24.442968,491,1889.662,False,False
22.086451,496,1890.036044,False,False
23.39825,491,1892.889236,False,False
22.523182,491,1893.277572,False,False
20.222135,492,1893.681503,False,False
21.787164,494,1894.054324,False,False
20.241445,492,1894.39967,False,False
22.024251,495,1897.18386,False,False
20.197493,493,1897.549497,False,False
21.279624,494,1897.941326,False,False
20.168896,493,1898.348747,False,False
22.883601,490,1901.089135,False,False
22.421094,488,1901.490089,False,False
21.120349,487,1901.849813,False,False
21.835622,495,1902.198815,False,False
21.962108,495,1905.088485,False,False
20.253554,492,1905.459104,False,False
21.618327,487,1905.802585,False,False
21.753688,495,1906.153129,False,False
17.295395,484,1908.917804,False,False
20.173466,492,1909.280853,False,False
20.844489,492,1909.664715,False,False
22.592822,491,1910.076588,False,False
18.215264,499,1912.845956,False,False
22.899955,490,1913.190746,False,False
19.549895,485,1913.571647,False,False
20.250178,486,1913.97561,False,False
22.934783,490,1916.738353,False,False
21.179831,492,1917.07387,False,False
22.785841,491,1917.409752,False,False
10.183032,480,1917.748402,False,False
18.430829,485,1918.122756,False,False
17.61339,484,1921.09986,False,False
22.993934,489,1921.46301,False,False
21.377264,494,1921.845207,False,False
22.751443,491,1922.188803,False,False
21.935285,495,1924.991739,False,False
23.067746,489,1925.343516,False,False
20.856925,492,1925.705857,False,False
21.367901,492,1926.116871,False,False
21.420614,492,1928.854395,False,False
21.248722,496,1929.268836,False,False
8.553007,479,1929.611106,False,False
21.706177,496,1929.954496,False,False
20.020991,486,1932.716057,False,False
21.776531,487,1933.079418,False,False
15.394998,483,1933.432787,False,False
22.142759,492,1933.805996,False,False
22.668959,491,1936.537992,False,False
20.707498,492,1936.892144,False,False
23.225906,490,1937.248217,False,False
18.938414,485,1937.658574,False,False
20.529168,493,1938.028745,False,False
21.764669,496,1940.750883,False,False
18.947087,485,1941.100036,False,False
20.564694,493,1941.393807,False,False
20.39842,493,1941.668171,False,False
22.614534,491,1944.948657,False,False
21.442837,497,1945.31343,False,False
21.618746,487,1945.704059,False,False
22.742481,488,1946.059944,False,False
21.84122,494,1948.788285,False,False
23.013774,488,1949.17195,False,False
20.541883,492,1949.532205,False,False
23.275434,490,1949.881612,False,False
16.96347,484,1952.713326,False,False
22.676947,491,1953.084027,False,False
22.834789,488,1953.426247,False,False
21.52686,492,1953.754407,False,False
21.938761,495,1956.495052,False,False
20.273002,493,1956.845874,False,False
21.682967,494,1957.195256,False,False
21.83251,496,1957.574731,False,False
22.153818,487,1960.401339,False,False
20.674139,486,1960.735415,False,False
20.423169,492,1961.067014,False,False
21.368531,487,1961.410544,False,False
23.225936,489,1961.762819,False,False
23.26046,490,1964.556605,False,False
17.304907,484,1964.959181,False,False
22.762536,491,1965.3584,False,False
22.962487,491,1965.706151,False,False
21.759843,487,1968.507256,False,False
22.736481,491,1968.9109,False,False
1.522894,475,1969.289245,False,False
23.349694,490,1969.616495,False,False
21.855414,496,1972.638421,False,False
19.88222,486,1972.994854,False,False
23.295009,489,1973.367664,False,False
23.083324,491,1973.766025,False,False
22.031632,492,1976.548316,False,False
21.869296,494,1976.896024,False,False
20.861384,486,1977.256189,False,False
23.467088,490,1977.735621,False,False
19.441329,498,1980.47427,False,False
20.695734,486,1980.803865,False,False
20.09516,486,1981.165899,False,False
22.396767,495,1981.568426,False,False
21.570794,493,1984.316776,False,False
22.056148,495,1984.672554,False,False
20.63863,493,1985.07312,False,False
21.092337,487,1985.443999,False,False
21.252861,492,1985.790393,False,False
21.184126,492,1988.516888,False,False
22.769252,488,1988.885106,False,False
21.555666,487,1989.251997,False,False
23.456184,490,1989.642855,False,False
17.223653,484,1992.47267,False,False
20.763408,493,1992.811862,False,False
21.107842,492,1993.170493,False,False
22.765673,491,1993.532971,False,False
22.239105,491,1996.188003,False,False
23.10006,490,1996.538232,False,False
20.524752,493,1996.900383,False,False
2.236954,476,1997.291531,False,False
21.618308,492,2000.159451,False,False
23.199474,491,2000.500964,False,False
21.390594,487,2000.857964,False,False
20.460074,492,2001.247906,False,False
22.37724,492,2004.011922,False,False
23.482083,490,2004.371172,False,False
21.14416,492,2004.711317,False,False
23.440549,490,2005.051834,False,False
21.958458,487,2005.379738,False,False
21.791523,487,2009.012079,False,False
20.826628,486,2009.371086,False,False
20.896677,493,2009.746717,False,False
21.096036,492,2010.131445,False,False
20.516516,492,2013.069387,False,False
22.220371,487,2013.428619,False,False
22.314307,491,2013.776818,False,False
21.59605,493,2014.143483,False,False
20.540303,486,2016.888516,False,False
22.217672,492,2017.285676,False,False
20.695848,492,2017.680247,False,False
23.508611,490,2018.00782,False,False
20.758647,492,2021.040531,False,False
20.841386,492,2021.420903,False,False
20.501208,492,2021.791848,False,False
23.307764,489,2022.137876,False,False
17.82245,484,2025.06084,False,False
21.198022,493,2025.412102,False,False
19.264475,485,2025.742087,False,False
20.698842,492,2026.129383,False,False
20.289795,492,2029.028881,False,False
20.409374,492,2029.409514,False,False
20.93343,493,2029.758894,False,False
22.000452,494,2030.123021,False,False
21.115827,493,2030.510024,False,False
21.044956,493,2033.382964,False,False
22.328522,492,2033.773082,False,False
22.160426,496,2034.118219,False,False
21.700863,487,2034.493403,False,False
22.111188,494,2037.370734,False,False
23.436388,489,2037.725177,False,False
23.300102,491,2038.12048,False,False
23.47495,489,2038.531099,False,False
21.286269,492,2041.345114,False,False
22.126637,487,2041.728453,False,False
20.645419,492,2042.143216,False,False
22.847733,492,2042.538586,False,False
22.60542,492,2045.736414,False,False
23.573413,491,2046.145302,False,False
20.86349,493,2046.528935,False,False
20.983049,492,2046.916775,False,False
22.371014,495,2050.354052,False,False
23.334927,491,2050.717779,False,False
20.784978,493,2051.074959,False,False
21.339987,492,2051.504496,False,False
21.642006,493,2054.543802,False,False
19.182621,485,2054.897198,False,False
18.301199,485,2055.244257,False,False
21.458978,493,2055.600802,False,False
19.865196,486,2055.961094,False,False
22.101421,492,2058.836618,False,False
21.016225,493,2059.209388,False,False
14.635981,483,2059.600634,False,False
22.031345,487,2060.005326,False,False
23.391969,489,2062.932164,False,False
8.34724,480,2063.27619,False,False
21.312053,493,2063.657705,False,False
20.760815,486,2064.023655,False,False
23.528095,489,2066.836664,False,False
23.218439,491,2067.202214,False,False
23.568826,489,2067.600728,False,False
23.478171,489,2068.02065,False,False
23.744365,490,2070.948199,False,False
23.587426,490,2071.370194,False,False
23.581574,489,2071.72436,False,False
21.705231,487,2072.08302,False,False
21.822676,493,2074.995316,False,False
23.841656,490,2075.361248,False,False
21.232583,493,2075.731372,False,False
23.881027,490,2076.101181,False,False
15.586247,484,2076.505808,False,False
21.993135,492,2079.379689,False,False
23.608106,490,2079.826981,False,False
23.543338,489,2080.207862,False,False
22.757032,491,2080.582655,False,False
23.672368,491,2083.309076,False,False
23.456713,489,2083.676269,False,False
22.070442,492,2084.109198,False,False
18.805639,485,2084.538603,False,False
13.741547,501,2087.473491,False,False
5.928567,478,2087.816026,False,False
23.591055,490,2088.202359,False,False
22.974409,491,2088.588526,False,False
21.562027,492,2091.460601,False,False
22.708447,492,2091.811707,False,False
21.305738,492,2092.175833,False,False
23.749004,491,2092.561133,False,False
12.877657,482,2095.498595,False,False
22.16,494,2095.858402,False,False
21.732572,487,2096.205259,False,False
10.297878,481,2096.580543,False,False
23.833724,490,2099.427853,False,False
22.703918,495,2099.818403,False,False
23.027084,488,2100.152431,False,False
23.720326,489,2100.495372,False,False
22.528986,495,2100.836465,False,False
20.869941,492,2103.754161,False,False
15.904731,484,2104.099789,False,False
22.496197,488,2104.483712,False,False
22.957592,488,2104.832271,False,False
21.019193,492,2107.652234,False,False
23.552193,491,2108.135292,False,False
18.811446,485,2108.514883,False,False
23.265661,488,2108.871757,False,False
21.843967,493,2111.825329,False,False
23.977314,490,2112.233385,False,False
23.993553,490,2112.591753,False,False
22.641358,492,2112.95969,False,False
23.335143,491,2115.825632,False,False
23.438307,491,2116.172141,False,False
24.137041,490,2116.545987,False,False
23.777011,490,2116.933156,False,False
23.592487,489,2119.918701,False,False
10.586785,481,2120.291464,False,False
23.829801,491,2120.672513,False,False
23.573832,491,2121.042992,False,False
22.356518,492,2121.471571,False,False
23.785305,489,2124.368188,False,False
21.608468,493,2124.789303,False,False
21.738595,492,2125.125284,False,False
23.971079,489,2125.47322,False,False
24.089678,489,2128.35409,False,False
22.067244,492,2128.73676,False,False
19.079514,485,2129.112829,False,False
13.336481,483,2129.584393,False,False
13.437576,483,2132.399569,False,False
21.914296,493,2132.767447,False,False
21.746222,492,2133.109792,False,False
22.709178,492,2133.452189,False,False
23.160338,488,2136.293136,False,False
21.385539,493,2136.657688,False,False
22.751948,492,2137.042629,False,False
21.023381,492,2137.573303,False,False
23.976569,490,2140.397371,False,False
23.640964,489,2140.736928,False,False
19.371797,498,2141.092544,False,False
21.208684,492,2141.459555,False,False
24.1441,490,2144.424,False,False
21.458374,492,2144.794649,False,False
22.580002,495,2145.161035,False,False
21.973241,487,2145.531235,False,False
23.674687,491,2145.904955,False,False
22.158965,492,2148.851371,False,False
21.465172,492,2149.274721,False,False
22.730284,494,2149.64189,False,False
21.71782,492,2149.989694,False,False
18.899527,485,2153.019981,False,False
16.063675,484,2153.380959,False,False
24.073864,491,2153.731203,False,False
22.451105,492,2154.097128,False,False
16.246344,484,2156.893795,False,False
23.923262,489,2157.253497,False,False
24.116595,490,2157.658148,False,False
22.35847,493,2158.07306,False,False
22.637421,494,2161.016744,False,False
22.229711,493,2161.364903,False,False
23.633072,489,2161.7302,False,False
22.730479,494,2162.170873,False,False
21.195417,492,2164.92729,False,False
23.400004,489,2165.27104,False,False
22.797366,494,2165.614036,False,False
13.066599,483,2165.936261,False,False
17.574873,485,2166.272644,False,False
23.450373,491,2169.323346,False,False
23.837251,490,2169.699595,False,False
24.018474,489,2170.038217,False,False
22.922802,488,2170.397321,False,False
9.406717,481,2173.292357,False,False
24.095768,491,2173.633556,False,False
21.738077,493,2173.994602,False,False
21.891053,492,2174.382561,False,False
22.629984,488,2177.173831,False,False
21.405252,493,2177.524626,False,False
20.112437,486,2177.864279,False,False
22.485367,494,2178.310028,False,False
10.996557,482,2180.96444,False,False
23.836005,491,2181.309941,False,False
14.548648,484,2181.675188,False,False
24.641657,490,2182.067879,False,False
22.677473,493,2184.82705,False,False
11.046181,482,2185.17476,False,False
21.674836,493,2185.527046,False,False
24.057234,491,2185.869621,False,False
24.303292,490,2188.749038,False,False
22.061703,493,2189.081371,False,False
21.170821,492,2189.445525,False,False
23.925451,491,2189.804484,False,False
23.766738,489,2190.178483,False,False
22.004887,492,2192.941344,False,False
20.440289,498,2193.340509,False,False
23.721197,489,2193.685822,False,False
22.507488,494,2194.040433,False,False
22.689193,492,2196.784946,False,False
24.083778,490,2197.165177,False,False
22.675502,488,2197.533647,False,False
24.055772,489,2197.872818,False,False
23.675411,491,2200.629172,False,False
23.417173,489,2200.994057,False,False
21.277207,492,2201.39662,False,False
22.526216,493,2201.741001,False,False
22.038373,492,2204.461525,False,False
21.73494,492,2204.785244,False,False
22.039013,492,2205.113629,False,False
23.153361,492,2205.458531,False,False
21.812671,493,2208.385764,False,False
24.003812,490,2208.719245,False,False
21.449618,487,2209.052485,False,False
11.908263,482,2209.390938,False,False
13.539857,483,2209.725267,False,False
22.861749,492,2212.377395,False,False
24.233539,491,2212.724035,False,False
21.960972,493,2213.220618,False,False
21.549685,492,2213.645205,False,False
24.160892,489,2216.496582,False,False
22.8959,494,2216.853643,False,False
21.296112,492,2217.208465,False,False
7.840905,503,2217.611064,False,False
22.272415,493,2220.397908,False,False
22.888088,494,2220.826315,False,False
24.558285,490,2221.15306,False,False
24.261103,490,2221.536848,False,False
24.274487,491,2224.406636,False,False
22.105,487,2224.777565,False,False
23.38596,492,2225.240998,False,False
22.965275,492,2225.61951,False,False
24.287382,490,2228.27987,False,False
22.337554,492,2228.624024,False,False
23.675982,492,2229.002296,False,False
23.653277,491,2229.326092,False,False
16.102636,484,2232.161,False,False
21.589765,492,2232.51979,False,False
24.155123,491,2232.905089,False,False
22.465277,493,2233.353272,False,False
23.095995,494,2233.750761,False,False
24.305652,489,2236.63874,False,False
22.699882,492,2236.990595,False,False
22.646092,495,2237.338185,False,False
23.482782,492,2237.688749,False,False
9.356331,481,2240.57182,False,False
22.272877,487,2240.931021,False,False
23.757399,491,2241.353282,False,False
20.472437,497,2241.768547,False,False
20.319076,486,2244.511023,False,False
15.264732,484,2244.850686,False,False
24.337464,489,2245.177097,False,False
23.98447,491,2245.53975,False,False
23.160487,488,2248.325243,False,False
21.464333,492,2248.679003,False,False
23.620315,492,2249.038574,False,False
23.953322,489,2249.452067,False,False
20.842681,487,2252.295078,False,False
21.949262,492,2252.647676,False,False
24.03542,491,2252.998109,False,False
15.564323,484,2253.409879,False,False
23.905758,491,2256.294937,False,False
24.091307,491,2256.646097,False,False
24.402359,491,2257.003984,False,False
21.868319,487,2257.377001,False,False
21.713962,487,2257.722825,False,False
21.814413,492,2260.686801,False,False
22.373743,492,2261.035294,False,False
12.77303,483,2261.383916,False,False
22.608258,493,2261.748939,False,False
18.21574,485,2264.63841,False,False
21.840782,493,2265.083047,False,False
23.086436,495,2265.480134,False,False
23.188179,488,2265.814663,False,False
16.984724,485,2268.55483,False,False
23.272376,488,2268.902305,False,False
22.723513,492,2269.218744,False,False
23.246631,488,2269.627096,False,False
24.477447,490,2272.5126,False,False
23.180549,493,2272.873818,False,False
23.400033,494,2273.337663,False,False
24.390405,491,2273.731929,False,False
22.238239,493,2276.375693,False,False
21.753496,492,2276.736761,False,False
21.700022,493,2277.134632,False,False
21.649041,492,2277.557433,False,False
22.684697,493,2280.461544,False,False
21.955247,493,2280.819578,False,False
23.982969,491,2281.157305,False,False
24.405919,490,2281.499306,False,False
23.159721,494,2281.834049,False,False
20.286909,486,2284.690725,False,False
23.707276,489,2285.036813,False,False
23.601358,491,2285.38644,False,False
22.717049,493,2285.745287,False,False
22.261099,493,2288.668725,False,False
22.544423,488,2289.017099,False,False
16.044264,499,2289.477968,False,False
23.288232,494,2289.885988,False,False
24.188023,489,2292.587636,False,False
12.095405,482,2292.935955,False,False
24.261806,491,2293.279441,False,False
22.325867,493,2293.636322,False,False
23.006954,494,2296.567355,False,False
22.401792,487,2296.926189,False,False
22.693438,496,2297.281037,False,False
22.736973,492,2297.63493,False,False
24.591489,490,2300.399266,False,False
23.469587,494,2300.78579,False,False
20.832848,487,2301.134631,False,False
23.313657,488,2301.485036,False,False
21.700077,487,2301.843374,False,False
23.937087,489,2304.767744,False,False
18.019089,485,2305.129333,False,False
21.562497,492,2305.492463,False,False
24.373352,491,2305.838913,False,False
22.997668,492,2308.570883,False,False
22.170527,493,2308.954562,False,False
19.8793,486,2309.312467,False,False
24.920221,490,2309.658835,False,False
24.59548,490,2312.532181,False,False
21.351492,487,2312.881721,False,False
24.757255,490,2313.244139,False,False
18.028594,485,2313.60782,False,False
23.136718,495,2316.402711,False,False
22.389155,493,2316.801498,False,False
22.284402,487,2317.232044,False,False
22.50358,492,2317.594122,False,False
19.080151,486,2320.406222,False,False
22.504394,493,2320.756808,False,False
22.167315,493,2321.120579,False,False
21.677561,487,2321.517327,False,False
23.188448,494,2324.466829,False,False
22.456563,493,2324.825981,False,False
20.181058,486,2325.176116,False,False
21.179916,487,2325.534163,False,False
23.419004,494,2325.93462,False,False
24.901994,490,2328.847122,False,False
24.80828,490,2329.203556,False,False
22.468305,492,2329.558793,False,False
24.348723,491,2329.912345,False,False
16.715186,485,2332.687285,False,False
11.435003,482,2333.044441,False,False
24.310107,491,2333.458253,False,False
22.14851,493,2333.912287,False,False
24.262994,489,2336.813415,False,False
25.140302,490,2337.165947,False,False
23.262711,494,2337.552417,False,False
21.82333,492,2338.00067,False,False
23.855679,492,2340.862263,False,False
22.475683,492,2341.206048,False,False
24.549007,491,2341.559671,False,False
21.944525,487,2341.898681,False,False
23.786728,492,2344.929418,False,False
24.980878,490,2345.299955,False,False
22.306678,493,2345.662921,False,False
24.862741,490,2346.012263,False,False
24.846003,490,2348.741921,False,False
24.773741,490,2349.121401,False,False
18.225997,486,2349.539433,False,False
24.171229,491,2349.91398,False,False
9.435429,482,2350.251692,False,False
22.496527,495,2353.007204,False,False
20.090542,486,2353.363456,False,False
24.649201,490,2353.75072,False,False
23.94202,492,2354.079928,False,False
22.164985,492,2357.272063,False,False
22.342241,492,2357.658155,False,False
23.492053,494,2358.028038,False,False
21.943622,492,2358.378097,False,False
23.592031,492,2361.849017,False,False
25.204414,491,2362.20604,False,False
23.508862,494,2362.791817,False,False
24.290146,489,2363.318951,False,False
18.706499,486,2365.900545,False,False
24.368505,489,2366.185863,False,False
22.180925,492,2366.462081,False,False
24.893402,491,2366.744924,False,False
24.052124,489,2369.519137,False,False
23.490314,494,2369.950439,False,False
25.072881,490,2370.29688,False,False
24.836955,491,2370.603319,False,False
24.12396,489,2370.905631,False,False
24.930298,491,2378.314166,False,False
20.2315,487,2378.658039,False,False
23.635699,489,2379.012158,False,False
11.912408,483,2379.366977,False,False
23.583419,492,2382.241884,False,False
21.989305,492,2382.598336,False,False
16.886052,485,2382.966522,False,False
22.947527,488,2383.337271,False,False
23.515036,488,2386.102597,False,False
25.002977,491,2386.465498,False,False
13.736275,484,2386.891743,False,False
23.617613,492,2387.288725,False,False
20.912234,487,2390.156726,False,False
22.056251,492,2390.579301,False,False
24.225055,489,2390.943829,False,False
17.291197,485,2391.330645,False,False
24.593199,491,2394.192033,False,False
22.801317,492,2394.537512,False,False
22.267677,492,2394.914933,False,False
22.695562,492,2395.267146,False,False
24.304896,489,2398.343649,False,False
22.850268,493,2398.733643,False,False
23.364111,492,2399.117299,False,False
18.823302,486,2399.487408,False,False
22.099582,492,2399.849237,False,False
24.278261,489,2402.676499,False,False
14.692451,484,2403.014293,False,False
22.306998,493,2403.370495,False,False
24.858095,490,2403.724643,False,False
25.16139,491,2406.572012,False,False
22.262272,492,2406.897137,False,False
22.188252,492,2407.215733,False,False
19.052804,486,2407.482797,False,False
25.048092,490,2410.594863,False,False
23.085925,488,2410.889226,False,False
22.099601,493,2411.245797,False,False
21.221532,487,2411.592813,False,False
22.023802,493,2414.449866,False,False
22.939281,493,2414.825003,False,False
23.962026,492,2415.280427,False,False
22.274007,492,2415.6895,False,False
25.096982,491,2419.257873,False,False
14.84346,484,2419.620196,False,False
23.697725,494,2419.975204,False,False
24.870294,491,2420.338301,False,False
24.736621,492,2420.698392,False,False
8.348859,481,2423.581246,False,False
24.510104,491,2423.995804,False,False
18.974759,486,2424.413853,False,False
25.240887,491,2424.839236,False,False
22.08157,492,2427.728167,False,False
25.162965,490,2428.089387,False,False
25.014599,490,2428.447438,False,False
23.67168,494,2428.814498,False,False
19.597469,498,2431.771276,False,False
21.681486,492,2432.146074,False,False
25.030281,491,2432.518988,False,False
22.040789,492,2432.88294,False,False
12.181716,483,2435.759273,False,False
24.003201,489,2436.116039,False,False
22.151075,492,2436.486303,False,False
24.994693,490,2436.861164,False,False
23.916656,492,2439.789008,False,False
22.369347,492,2440.192513,False,False
24.988499,490,2440.562673,False,False
21.973641,492,2440.936174,False,False
23.063042,488,2443.818654,False,False
8.327266,481,2444.225837,False,False
22.500442,496,2444.595801,False,False
22.532254,493,2444.957896,False,False
17.066657,485,2445.316772,False,False
22.5746,493,2448.323621,False,False
22.607789,493,2448.690648,False,False
23.175319,493,2449.073367,False,False
25.199886,490,2449.447372,False,False
23.380828,488,2452.36696,False,False
23.535752,494,2452.745547,False,False
23.826748,492,2453.116234,False,False
25.05249,490,2453.493685,False,False
24.105938,492,2456.485108,False,False
23.77035,492,2456.930488,False,False
24.488983,489,2457.342582,False,False
23.446991,494,2457.703832,False,False
25.238556,490,2460.570018,False,False
25.05032,490,2460.936045,False,False
25.036836,490,2461.325849,False,False
23.4246,492,2461.769914,False,False
13.070719,483,2464.686007,False,False
20.047859,486,2465.043789,False,False
22.376986,493,2465.41028,False,False
24.423901,489,2465.791528,False,False
24.895975,491,2468.849955,False,False
24.27201,489,2469.207338,False,False
8.837294,481,2469.56917,False,False
22.348709,492,2469.932687,False,False
24.266536,489,2470.2933,False,False
24.779679,491,2473.244292,False,False
22.11587,492,2473.631031,False,False
22.775566,488,2473.996885,False,False
23.946735,494,2474.350814,False,False
20.382076,487,2477.349432,False,False
22.62392,492,2477.782363,False,False
25.109402,489,2478.156661,False,False
23.295747,492,2478.540176,False,False
23.900937,492,2481.612269,False,False
22.986336,492,2482.059727,False,False
22.677735,493,2482.44685,False,False
19.118728,486,2482.809185,False,False
22.444812,492,2485.642004,False,False
23.110224,488,2486.00104,False,False
23.166625,492,2486.364667,False,False
22.843548,493,2486.744724,False,False
24.17386,492,2490.322371,False,False
22.254643,488,2490.722173,False,False
25.079121,491,2491.13875,False,False
23.343274,494,2491.51643,False,False
21.812626,492,2491.87202,False,False
