time/fps,time/time_elapsed,time/iterations,time/total_timesteps,train/clip_fraction,train/approx_kl,train/policy_gradient_loss,train/loss,train/n_updates,train/learning_rate,train/value_loss,train/clip_range,train/explained_variance,train/std,train/entropy_loss
3776,0,1,2048,,,,,,,,,,,
2680,1,2,4096,0.0765625,0.0075893076,-0.009365470480406656,-0.027396466583013535,10,0.0003,0.272935659383802,0.2,0.24242079257965088,1.0056709051132202,-4.263388469815254
2460,2,3,6144,0.05146484375,0.0053886436,-0.003676322154933587,0.0009867059998214245,20,0.0003,0.003201624098301181,0.2,0.8931623697280884,1.0048099756240845,-4.272695709764958
2391,3,4,8192,0.050390625,0.0066221696,-0.00444350280740764,0.0028616762720048428,30,0.0003,0.0049843006167748175,0.2,0.8169547319412231,1.0056320428848267,-4.272607454657555
2359,4,5,10240,0.076416015625,0.0073516634,-0.006327519143815153,-0.02988460659980774,40,0.0003,0.00081442176492601,0.2,0.9770804047584534,1.0226926803588867,-4.304063782095909
2312,5,6,12288,0.090576171875,0.00826126,-0.009952309922664427,-0.02574787475168705,50,0.0003,0.0005415145473193661,0.2,0.9757301807403564,1.0355015993118286,-4.342709012329578
2287,6,7,14336,0.091552734375,0.008402575,-0.007094111613696441,-0.015503269620239735,60,0.0003,0.0006699812567262598,0.2,0.9857511520385742,1.0407801866531372,-4.370584785938263
2261,7,8,16384,0.058154296875,0.0063062133,-0.0038321594533044846,-0.013674985617399216,70,0.0003,0.00542003128732631,0.2,0.8525568842887878,1.03956139087677,-4.374410933256149
2254,8,9,18432,0.0236328125,0.004958159,-0.0013921589197707362,0.0082439249381423,80,0.0003,0.005149158132599041,0.2,0.898848831653595,1.0487629175186157,-4.387477260828018
2252,9,10,20480,0.025634765625,0.0053598005,-0.002741573238745332,-0.0008275692816823721,90,0.0003,0.019833954580462887,0.2,0.9428238868713379,1.051076054573059,-4.405195899307728
2242,10,11,22528,0.077734375,0.008914409,-0.004522027669008821,-0.001460597151890397,100,0.0003,0.001248864306262476,0.2,0.9590439200401306,1.0587354898452759,-4.417473526299
2237,10,12,24576,0.045458984375,0.0051198835,-0.0036965896841138603,0.01842547580599785,110,0.0003,0.0008285347371611351,0.2,0.9644926190376282,1.0604815483093262,-4.430222009122372
2220,11,13,26624,0.0640625,0.0064860024,-0.004783343939925544,-0.02029413916170597,120,0.0003,0.0011454808160465291,0.2,0.9654625058174133,1.0668319463729858,-4.442514368891716
2220,12,14,28672,0.061328125,0.0059322743,-0.0049557284655747935,-0.01685713231563568,130,0.0003,0.002686678424720412,0.2,0.946811854839325,1.0745819807052612,-4.463395689427853
2219,13,15,30720,0.01923828125,0.0036924924,-0.0022659678623313086,0.011704406701028347,140,0.0003,0.0006903916056216986,0.2,0.9839300513267517,1.068037509918213,-4.461791267991066
2215,14,16,32768,0.045361328125,0.0049698832,-0.004196926672011614,-0.012769709341228008,150,0.0003,0.0032966827121981624,0.2,0.899276852607727,1.0674586296081543,-4.454364159703255
2202,15,17,34816,0.052685546875,0.0054773255,-0.007305248270131415,-0.0137077197432518,160,0.0003,0.03225101092539262,0.2,0.5219597816467285,1.0717716217041016,-4.4601545050740246
2195,16,18,36864,0.049853515625,0.00619449,-0.0043420281450380575,-0.017554113641381264,170,0.0003,0.0006804785035114946,0.2,0.9793946743011475,1.070183277130127,-4.4613782748579975
2192,17,19,38912,0.0400390625,0.004803215,-0.003829927332117222,-0.030366674065589905,180,0.0003,0.002408795897508753,0.2,0.9111571907997131,1.069358229637146,-4.45745924115181
2186,18,20,40960,0.039013671875,0.0057606795,-0.005713238101452589,-0.022374631837010384,190,0.0003,0.0005193441739379523,0.2,0.9239708185195923,1.0589406490325928,-4.441517707705498
2182,19,21,43008,0.028515625,0.004659366,-0.0023039533087285237,0.0016161850653588772,200,0.0003,0.003790295282715306,0.2,0.8426766395568848,1.058167576789856,-4.4274499118328094
2169,20,22,45056,0.056005859375,0.0073039667,-0.005397552918293513,-0.02037237584590912,210,0.0003,0.0007586111432942744,0.2,0.98504638671875,1.047757625579834,-4.410906665027142
2169,21,23,47104,0.038525390625,0.005166387,-0.0037139107182156293,-0.014044268988072872,220,0.0003,0.007674748254430597,0.2,0.7568228244781494,1.0526132583618164,-4.404690246284008
2170,22,24,49152,0.0537109375,0.0073364247,-0.0025074678836972454,-0.0248137004673481,230,0.0003,0.002820193509683122,0.2,0.9249521493911743,1.048013687133789,-4.404954633116722
2165,23,25,51200,0.061376953125,0.0061614825,-0.0038232762963161804,-0.013477151282131672,240,0.0003,0.004174361207287802,0.2,0.8703763484954834,1.0489482879638672,-4.399401512742043
2163,24,26,53248,0.07373046875,0.0080842795,-0.007261167839169502,-0.004885782487690449,250,0.0003,0.006032182011313125,0.2,0.8849453330039978,1.0529463291168213,-4.4039276689291
2159,25,27,55296,0.0275390625,0.0041400613,-0.0002570830867625773,-0.007430805824697018,260,0.0003,0.002743859904285273,0.2,0.9144151210784912,1.0588359832763672,-4.419267956912518
2152,26,28,57344,0.0703125,0.0071823727,-0.004855966515606269,-0.007380894850939512,270,0.0003,0.0014733655264308255,0.2,0.97965008020401,1.0648375749588013,-4.435155488550663
2147,27,29,59392,0.0423828125,0.004462368,-0.0022987865711911583,0.017258090898394585,280,0.0003,0.003208217459041407,0.2,0.9723906517028809,1.0584516525268555,-4.434726770222187
2145,28,30,61440,0.063037109375,0.0065443376,-0.006603350857039914,-0.04381566494703293,290,0.0003,0.001473678752347496,0.2,0.9740321636199951,1.0729464292526245,-4.447696454823017
2144,29,31,63488,0.0640625,0.0064142263,-0.0077968494893866595,-0.02488892525434494,300,0.0003,0.0031328950902661744,0.2,0.776443362236023,1.0857402086257935,-4.486661423742771
2145,30,32,65536,0.07802734375,0.006760831,-0.005954681745788548,0.0003903156903106719,310,0.0003,0.0008228499712345183,0.2,0.9928091168403625,1.0958529710769653,-4.516343800723552
2144,31,33,67584,0.04453125,0.0058156215,-0.003978758878656663,0.01187899149954319,320,0.0003,0.00407891413606194,0.2,0.9001651406288147,1.1056758165359497,-4.543774987757206
2141,32,34,69632,0.0716796875,0.0069614435,-0.0069301051014917904,-0.007116624154150486,330,0.0003,0.0011906793776915946,0.2,0.9900059700012207,1.1100125312805176,-4.561410748958588
2140,33,35,71680,0.0494140625,0.0061271116,-0.007583699974929914,0.034372348338365555,340,0.0003,0.007720580850946135,0.2,0.5853567123413086,1.104917049407959,-4.562696053087711
2143,34,36,73728,0.067431640625,0.0071528796,-0.004918203580018599,-0.020863978192210197,350,0.0003,0.026348167897594976,0.2,0.917914867401123,1.0825740098953247,-4.521713621914387
2143,35,37,75776,0.071923828125,0.007080178,-0.007896575549966655,0.005759216845035553,360,0.0003,0.005729636070554989,0.2,0.8618568778038025,1.0847920179367065,-4.4962799236178395
2142,36,38,77824,0.044091796875,0.004873325,-0.003973377481452189,-0.01839512027800083,370,0.0003,0.003814151029587265,0.2,0.91584712266922,1.1017189025878906,-4.522455088794231
2144,37,39,79872,0.039599609375,0.0057060346,-0.0027821597235742957,-0.022339902818202972,380,0.0003,0.0022004071569654117,0.2,0.9284107089042664,1.1134141683578491,-4.562643314898014
2145,38,40,81920,0.07724609375,0.009243382,-0.00727103021054063,-0.024411771446466446,390,0.0003,0.0043583150059930634,0.2,0.9487248063087463,1.1178733110427856,-4.5856314361095425
2146,39,41,83968,0.0611328125,0.007525828,-0.005548260436626151,0.0192663986235857,400,0.0003,0.0025444961605444404,0.2,0.9836652874946594,1.1101266145706177,-4.577294743061065
2148,40,42,86016,0.04345703125,0.0048891213,-0.0024223551561590286,0.011285501532256603,410,0.0003,0.0037446063333163694,0.2,0.9778618216514587,1.1169663667678833,-4.57675015181303
2149,40,43,88064,0.050390625,0.0064437427,-0.007505919513641856,-0.022428341209888458,420,0.0003,0.0036767681508990792,0.2,0.9796332716941833,1.1058889627456665,-4.571474261581898
2150,41,44,90112,0.035595703125,0.0041714287,-0.005786841944791376,-0.02865559048950672,430,0.0003,0.005730429467803333,0.2,0.9859700202941895,1.1142199039459229,-4.568089424073696
2152,42,45,92160,0.08427734375,0.0071796444,-0.0060565560037503016,0.012457519769668579,440,0.0003,0.005136818641858554,0.2,0.9763978719711304,1.1292067766189575,-4.598631897568703
2154,43,46,94208,0.033203125,0.0046871454,-0.004621415073052049,0.009889881126582623,450,0.0003,0.002130977851948046,0.2,0.9671109318733215,1.1481643915176392,-4.645784065127373
2153,44,47,96256,0.0419921875,0.0067905635,-0.0059754663001513105,-0.015217393636703491,460,0.0003,0.00030893529191189373,0.2,0.9987764358520508,1.1739082336425781,-4.707744984328746
2150,45,48,98304,0.044091796875,0.005516814,-0.0038466520854854025,-0.013262991793453693,470,0.0003,0.0003373724871835293,0.2,0.9990319609642029,1.170593023300171,-4.728314819931984
2149,46,49,100352,0.05009765625,0.0077529545,-0.0030577572819311173,-0.00036149489460512996,480,0.0003,0.002712818232157588,0.2,0.9909365177154541,1.1846156120300293,-4.7440867811441425
2146,47,50,102400,0.05322265625,0.006912351,-0.005756733313319273,-0.008398025296628475,490,0.0003,0.0027081165867571142,0.2,0.9925817251205444,1.2035893201828003,-4.789347165822983
2144,48,51,104448,0.036669921875,0.005917203,-0.0040544572424551,0.0005249265232123435,500,0.0003,0.0005564319499114845,0.2,0.999133288860321,1.1994136571884155,-4.8033497631549835
2140,49,52,106496,0.038037109375,0.0056235264,-0.0042502489945036356,-0.007999765686690807,510,0.0003,0.001291818699939995,0.2,0.992643415927887,1.1765755414962769,-4.770924036204815
2139,50,53,108544,0.06328125,0.006662997,-0.008320521345012821,0.002852384001016617,520,0.0003,0.000529975988138176,0.2,0.9990312457084656,1.1836562156677246,-4.753424113988876
2138,51,54,110592,0.05498046875,0.0065184506,-0.0042811519291717556,0.0025185917038470507,530,0.0003,0.0005521465065442044,0.2,0.9986962080001831,1.181796669960022,-4.758691146969795
2139,52,55,112640,0.038427734375,0.005300868,-0.004379077190242242,0.01436664815992117,540,0.0003,0.0002559689328933246,0.2,0.9987737536430359,1.1888480186462402,-4.764352069795132
2139,53,56,114688,0.03544921875,0.0046777036,-0.002945978080970235,-0.0215496513992548,550,0.0003,0.002903212733849614,0.2,0.9892172813415527,1.1960866451263428,-4.788015796244144
2140,54,57,116736,0.044091796875,0.00592499,-0.0028486515206168407,0.03227115049958229,560,0.0003,0.002132325218940423,0.2,0.9932237863540649,1.2053531408309937,-4.8063081949949265
2139,55,58,118784,0.06240234375,0.0074232146,-0.006090361252427101,-0.006208891049027443,570,0.0003,0.0008146065762048238,0.2,0.997549831867218,1.2040077447891235,-4.815873515605927
2138,56,59,120832,0.03486328125,0.00506874,-0.0011692764135659672,0.02925753965973854,580,0.0003,0.0025801430388355585,0.2,0.9935131072998047,1.2133903503417969,-4.823518808186054
2139,57,60,122880,0.04091796875,0.005535633,-0.004412002730532549,0.00523593183606863,590,0.0003,0.0004836582626353447,0.2,0.9992569088935852,1.2175135612487793,-4.841460432112217
2140,58,61,124928,0.027783203125,0.004878971,-0.0017739812203217298,-0.011828329414129257,600,0.0003,0.000586858879535157,0.2,0.9984248876571655,1.2243561744689941,-4.852889806032181
2141,59,62,126976,0.048876953125,0.005446963,-0.0037308414874132724,0.008921518921852112,610,0.0003,0.0017245924654844202,0.2,0.9792388081550598,1.2414425611495972,-4.884906986355782
2141,60,63,129024,0.04990234375,0.005542921,-0.004108934915711871,-0.0031934925355017185,620,0.0003,0.00021423201978905128,0.2,0.999712347984314,1.2487660646438599,-4.9152197137475016
2141,61,64,131072,0.07919921875,0.005250453,-0.006304285890655592,-0.04299096390604973,630,0.0003,0.0016518322988531508,0.2,0.9933176040649414,1.2558674812316895,-4.932262796163559
2142,62,65,133120,0.0486328125,0.0047931205,-0.004702343864482828,-0.015354542061686516,640,0.0003,0.0016423541695985478,0.2,0.9970732927322388,1.2695165872573853,-4.955944138765335
2143,63,66,135168,0.05078125,0.007061994,-0.0021899564599152654,-0.0020246049389243126,650,0.0003,0.0015412158542176257,0.2,0.9971789121627808,1.277383804321289,-4.981668746471405
2143,64,67,137216,0.055859375,0.0067277616,-0.00536601120402338,-0.0012927065836265683,660,0.0003,0.00043864159626423317,0.2,0.9994783997535706,1.2655272483825684,-4.974345797300339
2144,64,68,139264,0.069677734375,0.0076243076,-0.0048808687541168185,-0.013691355474293232,670,0.0003,0.001552652058978765,0.2,0.9976006746292114,1.2818294763565063,-4.980885066092014
2144,65,69,141312,0.0759765625,0.0081984475,-0.00836763830302516,-0.010413859970867634,680,0.0003,0.00028929518983886735,0.2,0.9996978044509888,1.274461269378662,-4.989752940833569
2145,66,70,143360,0.024365234375,0.0045858393,-0.0006992504218942486,-0.008673269301652908,690,0.0003,0.0012475860298081897,0.2,0.9958325028419495,1.2697367668151855,-4.977798373997212
2146,67,71,145408,0.06318359375,0.0067575686,-0.005330236267764121,0.004607073962688446,700,0.0003,0.007600103613913234,0.2,0.9919980764389038,1.264583706855774,-4.967390647530555
2147,68,72,147456,0.0427734375,0.006332621,-0.002934415799973067,-0.005881544202566147,710,0.0003,0.0017692578706828498,0.2,0.9981428384780884,1.2779232263565063,-4.975081883370876
2148,69,73,149504,0.064892578125,0.0058350097,-0.0065621351663139645,-0.013496626168489456,720,0.0003,0.0011909186350976598,0.2,0.9989339709281921,1.2833861112594604,-5.001460027694702
2149,70,74,151552,0.045263671875,0.0057830177,-0.0038229124213103203,0.009545679204165936,730,0.0003,0.00035208773732051666,0.2,0.9995685815811157,1.2771114110946655,-4.998608426749707
2150,71,75,153600,0.04501953125,0.0056714807,-0.0040664070591446945,0.007579346653074026,740,0.0003,0.0008030361811279362,0.2,0.9993703365325928,1.2753628492355347,-4.98474837243557
2150,72,76,155648,0.0275390625,0.0042893374,-0.002026066395046655,-0.007155361585319042,750,0.0003,0.0010187563050521931,0.2,0.9991191625595093,1.2741400003433228,-4.985908100008965
2151,73,77,157696,0.05146484375,0.0059987213,-0.004819823103025556,-0.009778286330401897,760,0.0003,0.0009345533682903806,0.2,0.9994205236434937,1.2744783163070679,-4.983281742036342
2151,74,78,159744,0.056298828125,0.0065785376,-0.004461594161693938,0.013766453601419926,770,0.0003,0.0005892302169286268,0.2,0.999483048915863,1.2835935354232788,-4.991607522964477
2151,75,79,161792,0.042333984375,0.0049874526,-0.0036612311378121376,0.007784978020936251,780,0.0003,0.0005511471118552436,0.2,0.9994990825653076,1.2717481851577759,-4.990162537992001
2152,76,80,163840,0.04033203125,0.0059413896,-0.0037741921143606303,-0.017432261258363724,790,0.0003,0.0016230961292762914,0.2,0.998197078704834,1.2513903379440308,-4.951290245354175
2152,77,81,165888,0.080810546875,0.008000505,-0.007490422955015674,-0.011148326098918915,800,0.0003,0.0008290805812748659,0.2,0.9995570778846741,1.2564377784729004,-4.932600349187851
2153,77,82,167936,0.06396484375,0.0077500036,-0.005215236369258492,-0.011128636077046394,810,0.0003,0.0005313887953207086,0.2,0.9996674060821533,1.263083815574646,-4.9493058800697325
2154,78,83,169984,0.039892578125,0.0058524907,-0.0033869728533318265,-0.01427674014121294,820,0.0003,0.0006997133053118886,0.2,0.9992269277572632,1.2787166833877563,-4.976935201883316
2154,79,84,172032,0.11015625,0.011865204,-0.009025634254794569,-0.02468150109052658,830,0.0003,0.000352993324304407,0.2,0.9997316002845764,1.2579598426818848,-4.965703882277012
2154,80,85,174080,0.027490234375,0.005252215,-0.0035129597294144333,-0.01573888026177883,840,0.0003,0.0002761047993999455,0.2,0.9995215535163879,1.2437454462051392,-4.924492844939232
2155,81,86,176128,0.123974609375,0.011554003,-0.010802608080848587,-0.01951303891837597,850,0.0003,0.00022802648647370915,0.2,0.9997549057006836,1.2483035326004028,-4.914998577535153
2155,82,87,178176,0.076123046875,0.008190045,-0.007221594762813766,0.00701652467250824,860,0.0003,9.589755686079116e-05,0.2,0.999893069267273,1.229766845703125,-4.894228141009807
2155,83,88,180224,0.054931640625,0.0063020973,-0.005106895489734598,0.00765338446944952,870,0.0003,0.00038992086189182373,0.2,0.9996352791786194,1.2335237264633179,-4.875174015760422
2156,84,89,182272,0.035302734375,0.0047068773,-0.0029973844968480988,0.006310408469289541,880,0.0003,7.070997320965944e-05,0.2,0.9997790455818176,1.2207684516906738,-4.861709097027779
2155,85,90,184320,0.03134765625,0.005124381,-0.0032582078769337387,0.018733514472842216,890,0.0003,0.00010145758863018272,0.2,0.9998528957366943,1.2028495073318481,-4.821601185202598
2155,86,91,186368,0.05390625,0.0058038346,-0.003572111701942049,0.005784445442259312,900,0.0003,6.538097833299616e-05,0.2,0.9998114705085754,1.1833596229553223,-4.773521623015403
2154,87,92,188416,0.0150390625,0.0053756707,-0.0011259973645792343,0.0034981409553438425,910,0.0003,4.347543473386395e-05,0.2,0.9998431205749512,1.1791447401046753,-4.742594623565674
2154,88,93,190464,0.07470703125,0.0078410935,-0.008146288798889146,-0.020931240171194077,920,0.0003,0.00011413011411605112,0.2,0.9998421669006348,1.1706513166427612,-4.717995071411133
2153,89,94,192512,0.07294921875,0.0066216565,-0.005599499591335188,-0.01757807470858097,930,0.0003,9.866470003032646e-05,0.2,0.99977046251297,1.1544328927993774,-4.683555004000664
2154,90,95,194560,0.08408203125,0.007888775,-0.007962049030174967,-0.0031624219845980406,940,0.0003,0.00019484403208167578,0.2,0.9997423887252808,1.1426893472671509,-4.644155596196652
2154,91,96,196608,0.0736328125,0.006630392,-0.006189713366620708,-0.003071494633331895,950,0.0003,8.09189391958398e-05,0.2,0.9997403621673584,1.1316059827804565,-4.612216180562973
2154,92,97,198656,0.038134765625,0.004523949,-0.004544448058004491,0.001958445180207491,960,0.0003,3.013977979833271e-05,0.2,0.9997984766960144,1.107807993888855,-4.5612039268016815
2155,93,98,200704,0.059912109375,0.007382959,-0.005595328059280291,-0.010186656378209591,970,0.0003,8.676756825138909e-05,0.2,0.9997903108596802,1.0918526649475098,-4.505246768891811
2154,94,99,202752,0.030126953125,0.005829935,-0.00410750437004026,0.009209748357534409,980,0.0003,0.00013948087967037283,0.2,0.99972003698349,1.0761641263961792,-4.45912027657032
2154,95,100,204800,0.042822265625,0.0044490667,-0.0032178838999243455,0.0009418861591257155,990,0.0003,6.464420774818792e-05,0.2,0.999603807926178,1.074407696723938,-4.4259948000311855
2154,95,101,206848,0.072607421875,0.005298537,-0.0046523576776962726,-0.010934917256236076,1000,0.0003,6.909398159820057e-05,0.2,0.9995062947273254,1.0699996948242188,-4.411264984309673
2153,96,102,208896,0.100390625,0.010733543,-0.006166216936253477,0.017895890399813652,1010,0.0003,0.0001950925765797251,0.2,0.9991971254348755,1.0607751607894897,-4.388889257609844
2153,97,103,210944,0.02861328125,0.0031729813,0.00034512651545810514,-0.0045170350931584835,1020,0.0003,0.00014454395665524088,0.2,0.9986627101898193,1.0556044578552246,-4.366792312264442
2153,98,104,212992,0.04599609375,0.004685551,-0.0015568123460980132,-0.008044001646339893,1030,0.0003,0.00012366060082342757,0.2,0.9976327419281006,1.0602703094482422,-4.362622332572937
2152,99,105,215040,0.06962890625,0.006067378,-0.0021554660284891724,0.01057372149080038,1040,0.0003,0.000312770470812751,0.2,0.9904272556304932,1.064679741859436,-4.3664586544036865
2153,100,106,217088,0.0904296875,0.005834967,-0.003136724091746146,0.031069481745362282,1050,0.0003,0.00017215515480728527,0.2,0.9753910303115845,1.060428261756897,-4.367127114534378
2152,101,107,219136,0.11064453125,0.009094431,-0.004662066574383061,-0.029851442202925682,1060,0.0003,0.00018630371207066786,0.2,0.9915358424186707,1.060935139656067,-4.352633994817734
2152,102,108,221184,0.0427734375,0.005158148,-0.0007457337429514155,0.004674306605011225,1070,0.0003,0.00010408892109836643,0.2,0.9920452237129211,1.0502809286117554,-4.336005322635174
2152,103,109,223232,0.04638671875,0.006032867,-0.0010342266788939015,0.018331939354538918,1080,0.0003,9.817961736331426e-05,0.2,0.9869379997253418,1.0399415493011475,-4.305312882363796
2151,104,110,225280,0.03759765625,0.006789186,0.0007455709303030745,-0.023028608411550522,1090,0.0003,0.0004767192425106259,0.2,0.9975053668022156,1.0404467582702637,-4.293502728641033
2151,105,111,227328,0.044775390625,0.005826007,-0.002025724710256327,0.009958270005881786,1100,0.0003,0.00011016229001743482,0.2,0.9954991936683655,1.0276844501495361,-4.27253230959177
2152,106,112,229376,0.101318359375,0.004895362,-0.0009932807603036053,0.008776870556175709,1110,0.0003,6.803911480037783e-05,0.2,0.9978610277175903,1.023282527923584,-4.253233149647713
2152,107,113,231424,0.087890625,0.0060438397,-0.002844059409108013,0.0026414382737129927,1120,0.0003,0.00010328601695519524,0.2,0.9963571429252625,1.0201787948608398,-4.241894091665745
2150,108,114,233472,0.107861328125,0.007034763,-0.0032865389322978443,-0.0037757910322397947,1130,0.0003,0.00020107214902083116,0.2,0.9951122999191284,1.0259515047073364,-4.24357233196497
2149,109,115,235520,0.068017578125,0.007884241,0.0010920926360995509,0.0021985191851854324,1140,0.0003,8.170750925344805e-05,0.2,0.9969567656517029,1.036263346672058,-4.269303159415722
2148,110,116,237568,0.08427734375,0.0090224845,-0.000958223149063997,0.014098035171627998,1150,0.0003,0.0001419276946966974,0.2,0.997437059879303,1.0536404848098755,-4.311590418219566
2147,111,117,239616,0.107373046875,0.0052129747,-0.0016660678491462022,-0.005598497111350298,1160,0.0003,0.00014985378787741866,0.2,0.9970099925994873,1.0673154592514038,-4.3573225945234295
2147,112,118,241664,0.058203125,0.004690301,6.90174856572412e-05,-0.02026575803756714,1170,0.0003,0.00010257840801273233,0.2,0.9965429306030273,1.075506567955017,-4.383746403455734
2146,113,119,243712,0.041552734375,0.0042902464,-0.0005482088017743081,0.0017481261165812612,1180,0.0003,0.00013180834111814477,0.2,0.9958860278129578,1.0848592519760132,-4.4053028777241705
2145,114,120,245760,0.099169921875,0.011884573,-0.0017256864404771477,-0.001928386278450489,1190,0.0003,0.00011798431934195719,0.2,0.9965928792953491,1.0841704607009888,-4.41465195864439
2144,115,121,247808,0.093115234375,0.006146005,-0.0021540690657275265,-0.017857031896710396,1200,0.0003,0.00015041414742356096,0.2,0.9954281449317932,1.0949835777282715,-4.427869310975074
2144,116,122,249856,0.109619140625,0.009466628,-0.0029278946196427567,-0.03352462127804756,1210,0.0003,7.55900696473688e-05,0.2,0.9964278936386108,1.1009644269943237,-4.450436821579933
2142,117,123,251904,0.062451171875,0.0066542607,-0.0014174455754982773,0.011539881117641926,1220,0.0003,0.00014031407676213804,0.2,0.9947627186775208,1.1063812971115112,-4.464533349871635
2141,118,124,253952,0.107763671875,0.011315208,-0.0016595402397797444,-0.016999825835227966,1230,0.0003,0.00017928524074086737,0.2,0.9956096410751343,1.1109609603881836,-4.475498296320438
2142,119,125,256000,0.034326171875,0.0048396094,0.00022870929969940335,0.011092704720795155,1240,0.0003,0.0001233478038681568,0.2,0.9953120946884155,1.125268578529358,-4.496162673830986
2140,120,126,258048,0.098095703125,0.012199758,-0.002758740838908125,-0.018228521570563316,1250,0.0003,0.00011125805813136936,0.2,0.9954792857170105,1.1276954412460327,-4.5110641598701475
2140,121,127,260096,0.12001953125,0.0082925,-0.0020144386813626624,-0.01421451848000288,1260,0.0003,0.00023601117611313783,0.2,0.9948177337646484,1.1294796466827393,-4.51843796223402
2141,122,128,262144,0.04033203125,0.0031289225,-0.0014645394054241478,0.009144240990281105,1270,0.0003,0.00017352233127247984,0.2,0.994559109210968,1.1173015832901,-4.503233985602856
2140,123,129,264192,0.09052734375,0.0076418757,-0.00013523217057809234,0.016023529693484306,1280,0.0003,0.00010543236893703067,0.2,0.9893818497657776,1.124761700630188,-4.496720431745052
2140,124,130,266240,0.12412109375,0.010550645,-0.003782703907927498,0.003942118491977453,1290,0.0003,7.498943650023904e-05,0.2,0.9923537969589233,1.1219531297683716,-4.495804277062416
2140,125,131,268288,0.06708984375,0.004651123,-0.0006477257731603459,0.0034994224552065134,1300,0.0003,0.0002445246215586394,0.2,0.9948224425315857,1.1278103590011597,-4.494934450089931
2140,126,132,270336,0.09521484375,0.00592429,5.59682710445486e-05,-0.003195934696123004,1310,0.0003,0.00011581673458742614,0.2,0.9971157312393188,1.1282668113708496,-4.505082613229751
2140,127,133,272384,0.069873046875,0.005665792,-0.00013604825653601438,-0.006184367462992668,1320,0.0003,0.00010328375962451731,0.2,0.9963883757591248,1.1459764242172241,-4.5361013755202295
2141,128,134,274432,0.06142578125,0.004880678,-0.00035857758921338246,-0.025224383920431137,1330,0.0003,0.00018401027665309043,0.2,0.9963245391845703,1.1578270196914673,-4.570471701025963
2141,129,135,276480,0.06796875,0.007999051,-0.0012606294636498204,0.02610575594007969,1340,0.0003,5.495885724595695e-05,0.2,0.9956145882606506,1.1486107110977173,-4.572353424131871
2142,130,136,278528,0.051513671875,0.007031954,-1.0776679846458138e-05,0.006723427213728428,1350,0.0003,0.00014794313748875965,0.2,0.9948433637619019,1.1394861936569214,-4.554099582135677
2142,130,137,280576,0.10234375,0.009648923,-0.003947952078306116,0.01218186505138874,1360,0.0003,6.575900226160058e-05,0.2,0.9979198575019836,1.1596428155899048,-4.566426439583301
2142,131,138,282624,0.05341796875,0.004647934,-4.834752471651882e-05,-0.009387399069964886,1370,0.0003,0.0003045242801828607,0.2,0.997505784034729,1.1715612411499023,-4.602745901048183
2143,132,139,284672,0.080078125,0.0072012004,-0.0023114758179872295,-0.0040245926938951015,1380,0.0003,0.00013277817529431247,0.2,0.9975225925445557,1.1875048875808716,-4.642590542137623
2143,133,140,286720,0.113525390625,0.0076083858,-0.004801381513971137,0.03495187312364578,1390,0.0003,4.708507564412656e-05,0.2,0.998030960559845,1.1907875537872314,-4.66717986613512
2144,134,141,288768,0.051806640625,0.004060183,0.001417799259070307,-0.006677019875496626,1400,0.0003,0.00012910906611125484,0.2,0.9977680444717407,1.2001519203186035,-4.680382479727268
2144,135,142,290816,0.083740234375,0.0052396837,-0.00011920008546439931,-0.03338316082954407,1410,0.0003,0.00013350181259923487,0.2,0.9979588985443115,1.2022862434387207,-4.700688803195954
2144,136,143,292864,0.075830078125,0.007750812,-0.0011313834067550488,-0.006892910692840815,1420,0.0003,0.00011145240455592286,0.2,0.9979617595672607,1.2032150030136108,-4.706686690449715
2143,137,144,294912,0.06611328125,0.0052210563,-0.001799158938229084,0.0005359717179089785,1430,0.0003,9.478272820153676e-05,0.2,0.9982330799102783,1.2141852378845215,-4.721440529823303
2143,138,145,296960,0.093310546875,0.0073270127,-0.0014843062424915842,-0.018333345651626587,1440,0.0003,0.00011539406433662691,0.2,0.9966143369674683,1.2305512428283691,-4.7575256958603855
2143,139,146,299008,0.06298828125,0.004905034,-0.0005881586257601157,0.001982777612283826,1450,0.0003,0.00012312546605119934,0.2,0.9980776906013489,1.2256933450698853,-4.766721940040588
2143,140,147,301056,0.049267578125,0.0047884965,0.0004897720384178684,-0.0019404221093282104,1460,0.0003,6.560254843037682e-05,0.2,0.9981990456581116,1.2414988279342651,-4.781374503672123
2144,141,148,303104,0.050244140625,0.003142212,-0.0008401348706684076,-0.008225509896874428,1470,0.0003,8.990967648081494e-05,0.2,0.9982398152351379,1.2661083936691284,-4.82878330051899
2144,142,149,305152,0.053125,0.0039896118,0.0008578289212891832,-0.0016804988263174891,1480,0.0003,6.126282161744712e-05,0.2,0.9982210993766785,1.2621623277664185,-4.855627948045731
2144,143,150,307200,0.159716796875,0.011346497,-0.005284308045520447,-0.00406593456864357,1490,0.0003,0.0001605861055566038,0.2,0.998341977596283,1.2624602317810059,-4.856618416309357
2145,144,151,309248,0.05810546875,0.006046608,-0.00022090741695137694,-0.026927797123789787,1500,0.0003,7.704088950273302e-05,0.2,0.9982532858848572,1.256937026977539,-4.850369901955128
2145,145,152,311296,0.101953125,0.010908635,-0.002086973340192344,0.007930995896458626,1510,0.0003,7.690160423763359e-05,0.2,0.9983230233192444,1.277136206626892,-4.86916930526495
2144,146,153,313344,0.0681640625,0.0018712366,-0.0018987363611813635,0.004136117175221443,1520,0.0003,0.0001087724314800198,0.2,0.9980922937393188,1.2874258756637573,-4.908171850442886
2144,147,154,315392,0.065234375,0.005620704,-0.0009529978706268594,-0.004023712128400803,1530,0.0003,4.8528098120037554e-05,0.2,0.9985045790672302,1.295332670211792,-4.930146513879299
2144,148,155,317440,0.1021484375,0.00872553,-0.003125194913809537,0.0329156257212162,1540,0.0003,0.00014823836982689187,0.2,0.9984792470932007,1.3054581880569458,-4.946918460726738
2144,148,156,319488,0.13896484375,0.011319676,-0.0042762848461279646,-0.006725468207150698,1550,0.0003,6.134942655258157e-05,0.2,0.9983481168746948,1.3080114126205444,-4.966789828240872
2144,149,157,321536,0.083837890625,0.0025217813,-0.0018842294040950947,-0.010116878896951675,1560,0.0003,0.0001478272026078642,0.2,0.9984161853790283,1.3107467889785767,-4.972579011321068
2144,150,158,323584,0.05439453125,0.00582012,-0.0006398454570444301,-0.0106156961992383,1570,0.0003,0.0001410980837430742,0.2,0.9985334277153015,1.3119549751281738,-4.978664684295654
2144,151,159,325632,0.083837890625,0.0076247687,-0.002024695409636479,0.02109956555068493,1580,0.0003,3.851035430262329e-05,0.2,0.9977717995643616,1.316566824913025,-4.98711771517992
2143,152,160,327680,0.05859375,0.0022417016,-9.611512068659067e-05,-0.002337423386052251,1590,0.0003,9.511748049924051e-05,0.2,0.9976933598518372,1.313145637512207,-4.985231399536133
2144,153,161,329728,0.07734375,0.010264918,-0.0023566512230900117,-0.012523057870566845,1600,0.0003,5.340541821752254e-05,0.2,0.9982897639274597,1.3050432205200195,-4.977214108407497
2144,154,162,331776,0.078759765625,0.007773094,-0.0015584848588332534,0.003667030483484268,1610,0.0003,4.4566514117150294e-05,0.2,0.9978532195091248,1.3044965267181396,-4.9733638420701025
2144,155,163,333824,0.059375,0.006061175,-0.000999965038499795,0.0024162225890904665,1620,0.0003,6.694164278968629e-05,0.2,0.9982296228408813,1.3012651205062866,-4.971820813417435
2145,156,164,335872,0.08984375,0.0059758895,-0.002330996222735848,-0.021025987342000008,1630,0.0003,0.00013390752674062866,0.2,0.9982108473777771,1.2830946445465088,-4.951344363391399
2145,157,165,337920,0.087255859375,0.006397025,-0.003311721318459604,-0.01308395341038704,1640,0.0003,9.828158588049973e-05,0.2,0.9984567761421204,1.302178978919983,-4.949211210012436
2145,158,166,339968,0.062060546875,0.008123368,0.0001297524941037409,0.0010446836240589619,1650,0.0003,8.804944290830008e-05,0.2,0.9983869194984436,1.313481330871582,-4.985329847037792
2145,159,167,342016,0.102978515625,0.0072172955,-0.00413432729546912,-0.001695276820100844,1660,0.0003,5.2397355998579086e-05,0.2,0.9983054399490356,1.3365586996078491,-5.024521297216415
2146,160,168,344064,0.05673828125,0.0023138747,-0.001320107751962496,-0.00021617033053189516,1670,0.0003,5.9772623673381985e-05,0.2,0.99860680103302,1.341793179512024,-5.05537273734808
2146,161,169,346112,0.064794921875,0.0062540756,-0.0009616226496291346,-0.018238013610243797,1680,0.0003,4.0156305694694086e-05,0.2,0.9982804656028748,1.3348913192749023,-5.052437758445739
2146,162,170,348160,0.02197265625,0.004535195,0.0007253277850395534,0.00664788531139493,1690,0.0003,5.469156330271119e-05,0.2,0.9982284307479858,1.3240119218826294,-5.032453775405884
2147,163,171,350208,0.0884765625,0.009216667,-0.0020691352838184685,0.007249572314321995,1700,0.0003,8.325644392037646e-05,0.2,0.9980946183204651,1.34097158908844,-5.0409024268388745
2146,164,172,352256,0.042919921875,0.005109448,-1.4491743058897555e-05,0.02196377143263817,1710,0.0003,6.37877480248683e-05,0.2,0.997776985168457,1.3513050079345703,-5.074242530763149
2146,165,173,354304,0.043994140625,0.0029027136,7.711162834311835e-05,-0.0064444211311638355,1720,0.0003,3.043322242395341e-05,0.2,0.9971357583999634,1.3631032705307007,-5.0994970262050625
2146,166,174,356352,0.07958984375,0.006949036,-0.0021474619905347938,0.00848664902150631,1730,0.0003,0.00010513549766706376,0.2,0.9982606172561646,1.3627500534057617,-5.11019321680069
2146,166,175,358400,0.1248046875,0.00748006,-0.004426051556947641,-0.007700148969888687,1740,0.0003,3.6152437029368656e-05,0.2,0.9974278807640076,1.367993950843811,-5.116560657322407
2146,167,176,360448,0.052587890625,0.008365131,-0.00012423131556715816,0.00012015936226816848,1750,0.0003,2.846589397567101e-05,0.2,0.9985165596008301,1.3730740547180176,-5.128825721144676
2147,168,177,362496,0.085009765625,0.00747717,-0.0020264947044779545,-0.007310333661735058,1760,0.0003,3.374721232205502e-05,0.2,0.9985806345939636,1.3881913423538208,-5.1512726753950115
2146,169,178,364544,0.045458984375,0.0044152355,-0.00043754570942837744,-0.014831701293587685,1770,0.0003,0.00019886759363734184,0.2,0.9987618327140808,1.401995301246643,-5.180216570198536
2146,170,179,366592,0.083837890625,0.0083066905,-0.0017726669640978799,-0.0011037550866603851,1780,0.0003,4.092371926294192e-05,0.2,0.9987651109695435,1.4009302854537964,-5.194831745326519
2146,171,180,368640,0.061962890625,0.008378241,-0.0016010400257073342,-0.015823889523744583,1790,0.0003,4.1889135631745233e-05,0.2,0.9988865852355957,1.4249677658081055,-5.220916122198105
2147,172,181,370688,0.1162109375,0.008245264,-0.0034590158829814754,-0.0034232684411108494,1800,0.0003,2.79485483579478e-05,0.2,0.9986818432807922,1.440629005432129,-5.269353744387627
2147,173,182,372736,0.05283203125,0.005713142,-0.0014095727136009372,-0.004671554081141949,1810,0.0003,2.656284892434968e-05,0.2,0.9990563988685608,1.4533014297485352,-5.297307822108269
2147,174,183,374784,0.0375,0.004854753,0.0007868899905588478,-0.012245719321072102,1820,0.0003,7.638462954311365e-05,0.2,0.9988016486167908,1.4661741256713867,-5.322430831193924
2147,175,184,376832,0.119970703125,0.0092623895,-0.0030512650351738556,-2.4485165340593085e-05,1830,0.0003,2.95023330661337e-05,0.2,0.9988833069801331,1.4870505332946777,-5.3590690165758135
2147,176,185,378880,0.05205078125,0.0024375743,-0.0005751815202529542,-0.013288779184222221,1840,0.0003,2.7930088242289484e-05,0.2,0.9989531636238098,1.4965912103652954,-5.388023756444454
2147,177,186,380928,0.048046875,0.004635361,-7.336802300415002e-05,-0.006928841583430767,1850,0.0003,6.800058330216351e-05,0.2,0.999045729637146,1.5092835426330566,-5.409405677020549
2147,178,187,382976,0.10185546875,0.0071371263,-0.004289130386314355,0.02569354698061943,1860,0.0003,6.823960817001762e-05,0.2,0.9990831017494202,1.5028891563415527,-5.413774558901787
2147,179,188,385024,0.03408203125,0.0019082156,0.0001303583456319757,-0.0020602280274033546,1870,0.0003,3.3424677568305584e-05,0.2,0.9989212155342102,1.5061038732528687,-5.4150914490222934
2147,180,189,387072,0.06748046875,0.0067288848,-0.001775206477032043,-0.003112637670710683,1880,0.0003,0.00010613915316426414,0.2,0.9992413520812988,1.5034252405166626,-5.418734985589981
2147,181,190,389120,0.085205078125,0.006682745,-0.003907547723065364,0.009915749542415142,1890,0.0003,5.3466973553195626e-05,0.2,0.9991164803504944,1.5013853311538696,-5.413833095133304
2146,182,191,391168,0.08232421875,0.005857693,-0.0014295446118921973,0.012389147654175758,1900,0.0003,3.976112410644106e-05,0.2,0.9986823797225952,1.4973363876342773,-5.404696916043759
2146,183,192,393216,0.04716796875,0.0060399882,-0.0010765753802843391,-0.002639456419274211,1910,0.0003,5.4788725538390534e-05,0.2,0.9992457032203674,1.4943218231201172,-5.399425585567951
2146,184,193,395264,0.05927734375,0.0053038327,-0.0020116380954277703,-0.017888173460960388,1920,0.0003,2.867365965339985e-05,0.2,0.9992984533309937,1.4979125261306763,-5.400271295011043
2146,185,194,397312,0.028564453125,0.0035368851,-0.0011504076566779986,0.01366994995623827,1930,0.0003,8.395247855368382e-05,0.2,0.999331533908844,1.5034621953964233,-5.403698337078095
2146,186,195,399360,0.0751953125,0.007970199,-0.001593704236438498,0.0386669784784317,1940,0.0003,3.038835440269949e-05,0.2,0.998968780040741,1.5136018991470337,-5.418786080181599
2146,186,196,401408,0.051904296875,0.0064796335,-0.001554599730297923,-0.00036618535523302853,1950,0.0003,2.8989937579737558e-05,0.2,0.999336838722229,1.5145548582077026,-5.42981845587492
2146,187,197,403456,0.072607421875,0.0065214215,-0.002566521406697575,0.012739417143166065,1960,0.0003,5.3692217991407884e-05,0.2,0.9993069767951965,1.5186362266540527,-5.4340115785598755
2146,188,198,405504,0.056982421875,0.0055496865,-0.0004356587494839914,0.02729238197207451,1970,0.0003,3.851473898013325e-05,0.2,0.9991956949234009,1.5179675817489624,-5.4310446545481685
2146,189,199,407552,0.080615234375,0.00951408,-0.0033916107597178778,0.016320066526532173,1980,0.0003,3.4510229370177115e-05,0.2,0.9992877840995789,1.5284652709960938,-5.440799905359745
