#{"t_start": 1764787575.286013, "env_id": "None"}
r,l,t,success
-38.77006,260,0.846796,False
-35.015264,297,1.02918,False
-38.689643,285,1.200205,False
-37.254812,279,1.370081,False
-37.307059,262,1.525204,False
-34.842469,348,1.730351,False
-36.003453,342,3.961904,False
-41.836313,257,4.127261,False
-39.164471,264,4.285826,False
-33.053967,288,4.457431,False
-33.937696,256,4.612886,False
-39.042649,284,4.781989,False
-37.619318,252,4.931449,False
-42.514084,254,5.087253,False
-32.256778,297,7.307751,False
-39.743883,285,7.485394,False
-36.066875,307,7.667748,False
-43.916295,280,7.824268,False
-34.32609,341,8.015282,False
-39.511602,310,8.200237,False
-40.581376,265,8.360242,False
-34.042336,358,10.477383,False
-40.900987,260,10.634178,False
-36.375431,272,10.79455,False
-40.543488,253,10.944928,False
-36.614283,271,11.109965,False
-39.156714,265,11.270161,False
-37.498676,257,11.42292,False
-41.760083,261,13.509837,False
-38.639488,260,13.670226,False
-38.198056,263,13.827552,False
-37.744437,277,13.992875,False
-31.743167,285,14.160997,False
-31.089396,335,14.374787,False
-38.287012,348,14.585664,False
-39.874448,289,16.672214,False
-38.175044,258,16.828287,False
-36.570253,269,16.989666,False
-40.730146,261,17.148914,False
-35.233355,266,17.308897,False
-39.563509,312,17.494428,False
-34.548828,280,17.662981,False
-40.213127,255,17.816556,False
-36.585633,260,19.885314,False
-42.944975,241,20.078053,False
-31.147026,295,20.263155,False
-43.597004,249,20.419631,False
-36.956862,317,20.615511,False
-42.18816,254,20.768764,False
-41.357445,267,20.931674,False
-40.179939,256,21.084123,False
-37.687676,315,23.210787,False
-38.566161,260,23.371235,False
-40.546506,266,23.532508,False
-36.472553,313,23.718643,False
-39.171358,255,23.867653,False
-33.098228,336,24.071117,False
-40.959834,243,24.221782,False
-40.10923,291,26.311428,False
-33.81979,305,26.501089,False
-26.966749,316,26.703429,False
-44.221593,249,26.856139,False
-38.834236,342,27.066017,False
-30.686867,311,27.243601,False
-37.574,266,27.389628,False
-43.136347,248,29.465765,False
-41.947037,255,29.616702,False
-32.450025,305,29.800392,False
-36.368792,296,29.977814,False
-41.718634,261,30.132354,False
-44.070975,249,30.286486,False
-35.852169,284,30.450008,False
-38.155388,276,32.550677,False
-23.318041,305,32.733451,False
-32.020022,282,32.912637,False
-41.920044,245,33.063603,False
-36.019368,280,33.229342,False
-32.137256,282,33.402075,False
-39.780978,264,33.563313,False
-28.695271,301,33.741143,False
-38.582995,264,35.945387,False
-27.339421,285,36.175299,False
-35.940251,256,36.395316,False
-29.548756,299,36.62193,False
-25.930391,302,36.794784,False
-29.632579,286,36.986768,False
-38.027238,255,37.155484,False
-30.98398,274,39.372605,False
-39.499569,244,39.509667,False
-21.446163,308,39.698875,False
-31.00637,275,39.865996,False
-35.094128,260,40.015375,False
-32.705341,275,40.177133,False
-16.051987,302,40.348543,False
-22.113726,297,42.431875,False
-31.898113,286,42.604947,False
-28.932562,284,42.772906,False
-32.872957,290,42.955611,False
-26.956542,284,43.165999,False
-44.246189,238,43.309363,False
-17.440992,305,43.497655,False
-29.388531,273,43.659341,False
-19.932286,295,45.675527,False
-19.180499,306,45.847981,False
-27.755028,283,46.008401,False
-26.180142,275,46.163545,False
-17.995688,284,46.322941,False
-28.060841,272,46.475808,False
-31.605419,265,46.627992,False
-18.269019,304,48.64017,False
-15.665192,300,48.812296,False
-14.330894,311,48.9909,False
-14.178069,302,49.162785,False
-26.703393,286,49.32837,False
-15.813385,304,49.506455,False
-25.063993,289,49.672607,False
-12.31842,291,51.675226,False
-15.837926,297,51.840483,False
-12.802906,302,52.011906,False
-28.581849,270,52.171059,False
-13.634631,301,52.384304,False
-12.82546,309,52.563701,False
-19.773724,298,52.732561,False
-9.945519,308,54.860771,False
-8.552192,303,55.050866,False
-28.639249,270,55.212633,False
-12.511789,298,55.391919,False
-14.11069,309,55.581105,False
-18.168912,287,55.754087,False
-21.506402,285,55.92734,False
-9.171642,296,58.212074,False
-15.235499,301,58.392066,False
-8.142891,302,58.569036,False
-8.342687,304,58.748699,False
-27.439333,276,58.922925,False
-8.488959,305,59.125827,False
-25.708458,270,59.306742,False
-20.357696,283,61.465504,False
-5.81902,303,61.658916,False
-12.147402,302,61.856969,False
-11.936434,299,62.045154,False
-2.415289,308,62.239435,False
-14.189046,299,62.42928,False
-9.150891,304,64.660149,False
-7.419882,301,64.850254,False
-6.539298,303,65.042024,False
-9.743877,297,65.238204,False
-13.851087,290,65.45355,False
-3.56926,306,65.706317,False
-10.384247,300,66.058024,False
-19.027306,282,68.530553,False
-16.422948,284,68.752595,False
-7.035068,305,68.960264,False
-12.612438,292,69.178636,False
-7.786993,309,69.379163,False
-7.727407,297,69.62537,False
-10.912266,294,69.851929,False
-7.315349,306,72.307866,False
-12.366172,295,72.502723,False
-8.632864,297,72.797198,False
-0.923602,306,73.078753,False
-1.281372,304,73.322446,False
-7.792551,297,73.524895,False
-4.019237,302,73.721027,False
1.073034,306,76.035835,False
-4.904042,305,76.237818,False
-22.029195,275,76.41562,False
-1.511623,308,76.616969,False
-3.338511,307,76.826081,False
-0.132027,310,77.041721,False
-2.916575,307,77.243859,False
-4.40276,301,79.642853,False
-1.32165,306,79.948089,False
-3.201554,304,80.160997,False
-7.022015,299,80.36048,False
-0.676514,306,80.559635,False
-0.213675,305,80.756195,False
-7.347771,304,82.924,False
-0.845153,306,83.125831,False
3.734454,307,83.331934,False
3.437365,306,83.526318,False
5.012659,308,83.723796,False
3.141514,307,83.916683,False
-9.263479,294,84.101063,False
-2.839991,300,86.284952,False
0.48358,302,86.491079,False
-13.192968,286,86.681195,False
1.881253,307,86.890315,False
-1.228289,302,87.105055,False
2.207638,306,87.316292,False
2.693844,307,87.521396,False
5.456166,307,90.092448,False
1.580135,306,90.308235,False
0.943247,305,90.518752,False
-9.694007,292,90.725654,False
-2.172589,302,90.94006,False
-4.97685,295,91.14223,False
4.310898,307,91.350765,False
3.445957,307,93.812731,False
4.401203,307,94.038677,False
6.710173,308,94.252021,False
-1.486347,304,94.468626,False
3.488671,307,94.688551,False
5.224204,307,94.903213,False
7.617465,308,97.119953,False
0.467273,303,97.348896,False
8.926263,309,97.594743,False
1.591967,304,97.80931,False
-2.313017,302,98.016046,False
1.960189,306,98.220426,False
3.542104,306,98.432829,False
1.829458,304,100.656662,False
5.357972,308,100.873027,False
5.743465,309,101.082587,False
4.436213,308,101.350719,False
8.317073,310,101.625759,False
8.587935,309,101.857437,False
0.18918,306,102.068735,False
4.769841,307,104.416452,False
10.427181,309,104.638826,False
-1.116263,304,104.857963,False
6.99289,308,105.069945,False
6.432812,308,105.295682,False
6.980282,308,105.673417,False
5.383359,309,108.338647,False
7.218989,309,108.581192,False
9.12314,309,108.801193,False
2.481237,306,109.002379,False
7.756878,308,109.203808,False
4.99622,307,109.402143,False
-6.263726,295,109.599419,False
-0.112119,300,111.825585,False
5.236334,307,112.043933,False
9.117973,309,112.272426,False
7.818795,308,112.479311,False
9.976011,310,112.679459,False
7.369638,308,112.874632,False
12.466499,310,113.087539,False
7.343189,309,115.710672,False
7.241397,308,116.044382,False
6.335642,307,116.30611,False
6.978103,309,116.530464,False
7.927116,308,116.78281,False
3.655995,306,117.075008,False
1.384332,303,119.527049,False
11.505062,311,119.755944,False
5.97891,306,120.041334,False
3.869837,305,120.347584,False
10.041968,309,120.603287,False
7.079987,308,120.834466,False
7.457095,309,121.059499,False
9.346582,309,123.646465,False
9.603045,309,123.857196,False
10.552315,309,124.073807,False
8.915837,309,124.283739,False
7.985072,307,124.509099,False
9.424365,309,124.764549,False
10.241296,309,124.976572,False
7.832169,308,127.520536,False
10.05174,309,127.743258,False
10.654574,309,127.956451,False
0.51323,297,128.163593,False
10.18113,309,128.381132,False
11.634338,310,128.600726,False
10.279128,309,130.953736,False
9.282048,308,131.192613,False
11.783093,310,131.419901,False
11.680052,310,131.640427,False
10.474912,308,131.936208,False
4.566636,304,132.225363,False
7.816815,308,132.444843,False
9.965359,309,134.987223,False
12.581128,310,135.214921,False
12.791329,310,135.441615,False
11.875051,310,135.653253,False
12.672184,309,135.917745,False
11.397629,310,136.148155,False
9.267308,309,136.370789,False
10.107622,309,138.895677,False
11.794342,310,139.125519,False
12.848184,310,139.340117,False
13.07096,311,139.564057,False
12.675464,311,139.77835,False
12.297431,309,140.000609,False
11.875343,310,142.295287,False
11.422036,309,142.600254,False
12.472509,310,142.888172,False
11.877136,310,143.12576,False
12.146617,310,143.350308,False
11.779723,310,143.567494,False
11.877252,310,143.786284,False
11.674381,310,146.34474,False
10.31082,308,146.572547,False
13.917741,310,146.794176,False
11.486501,310,147.009813,False
11.390164,310,147.227624,False
11.561251,308,147.448361,False
4.836705,305,147.683627,False
8.684778,308,149.967816,False
12.613655,310,150.204134,False
16.94592,308,150.452069,False
-12.74215,284,150.681857,False
11.842034,310,150.937055,False
13.684592,311,151.258592,False
14.279447,310,153.630645,False
13.384694,310,153.848785,False
13.452696,311,154.068461,False
14.540305,310,154.292274,False
11.798205,310,154.521238,False
12.55317,310,154.759251,False
13.006907,311,154.988378,False
12.75627,308,157.417099,False
12.278733,310,157.635304,False
11.571913,310,157.870412,False
7.389769,307,158.163359,False
13.265287,310,158.46206,False
13.160704,311,158.727254,False
11.087087,309,161.218682,False
16.764836,309,161.445713,False
11.885186,310,161.711078,False
11.940395,310,161.952225,False
12.669352,311,162.201073,False
12.659252,310,162.508103,False
15.448255,310,162.865051,False
-2.511627,298,165.366686,False
13.783144,311,165.592872,False
13.414246,310,165.818919,False
14.29957,310,166.053497,False
12.172993,310,166.271538,False
13.560316,311,166.505366,False
8.548473,307,166.741306,False
14.171306,311,169.196535,False
12.576403,310,169.428991,False
12.691678,311,169.720291,False
11.663052,310,170.014784,False
12.194405,311,170.342928,False
12.999639,311,170.579828,False
12.328424,311,173.223695,False
11.921545,310,173.487953,False
12.863369,311,173.784502,False
14.343769,310,174.05207,False
12.144758,310,174.284951,False
13.72666,312,174.511426,False
16.158595,311,174.733251,False
12.954915,310,177.350912,False
12.990859,311,177.646836,False
2.812392,303,177.907487,False
11.992799,309,178.130123,False
12.027306,309,178.393038,False
14.530727,310,178.705595,False
13.673201,311,178.971747,False
13.473842,311,181.567818,False
11.397286,312,181.853172,False
15.439324,311,182.157681,False
14.018836,312,182.495573,False
13.567289,312,182.727482,False
14.459121,311,182.958127,False
10.828875,312,185.593403,False
12.736784,311,185.82154,False
11.676871,311,186.05297,False
12.686167,311,186.272129,False
14.494434,311,186.491686,False
13.78788,311,186.731221,False
17.140115,311,186.957777,False
14.674947,311,189.585406,False
14.072512,312,189.812469,False
14.782449,311,190.016849,False
11.929935,312,190.214861,False
12.887295,310,190.415969,False
12.643858,312,190.614151,False
14.023593,311,192.811405,False
12.149318,310,193.027858,False
13.892732,312,193.238358,False
12.723194,311,193.528663,False
12.627645,312,193.773205,False
12.247285,311,193.981079,False
15.120138,311,194.188917,False
15.315276,311,196.459916,False
12.539528,311,196.669222,False
13.107128,311,196.880098,False
13.799871,311,197.089798,False
11.984502,311,197.315743,False
12.55709,311,197.584477,False
12.731003,311,199.986882,False
11.886225,312,200.264822,False
13.4757,310,200.548643,False
15.890122,311,200.849481,False
12.751374,312,201.09724,False
14.672594,311,201.338492,False
11.846212,311,201.576707,False
15.652095,311,204.44623,False
11.570726,312,204.703948,False
12.131649,312,204.980819,False
12.503995,312,205.196886,False
13.315587,312,205.477263,False
11.833196,311,205.739117,False
12.790792,312,206.034897,False
12.341546,311,208.644246,False
11.589854,311,208.88509,False
15.22044,311,209.140108,False
12.635335,312,209.373379,False
14.535823,311,209.604762,False
15.550792,311,209.830437,False
12.965995,311,212.408674,False
12.056232,311,212.628609,False
12.354548,311,212.838397,False
11.916718,311,213.05994,False
11.49469,311,213.294496,False
12.039349,311,213.553038,False
12.32096,312,213.897659,False
11.796578,311,216.543154,False
11.794695,311,216.950728,False
12.964583,312,217.299983,False
11.710529,311,217.562997,False
12.559672,311,217.849608,False
12.971313,312,218.100294,False
15.672354,311,220.677528,False
12.104097,312,220.93979,False
16.16183,311,221.224684,False
13.176616,311,221.553935,False
12.540898,311,221.861499,False
12.682974,312,222.101178,False
15.388883,311,222.339726,False
9.56307,307,224.876366,False
17.226335,311,225.094837,False
17.408883,311,225.3195,False
7.189823,307,225.570628,False
12.037265,312,225.85781,False
13.376053,311,226.101765,False
16.406986,311,226.311641,False
13.457638,311,228.883454,False
12.222091,312,229.105674,False
12.6713,311,229.314954,False
12.306628,311,229.518014,False
16.203994,311,229.71702,False
13.006496,312,229.918489,False
12.763073,311,232.551645,False
12.309079,312,232.850842,False
12.004402,312,233.126487,False
12.269605,312,233.34734,False
12.461238,312,233.575207,False
12.446983,312,233.867105,False
12.618588,311,234.115186,False
12.724005,312,236.858793,False
11.4354,311,237.076478,False
11.553736,311,237.277852,False
12.023944,312,237.475826,False
12.579373,312,237.702028,False
12.004509,311,237.945141,False
11.676598,311,240.42193,False
16.811556,311,240.641186,False
12.573006,312,240.865094,False
13.008448,311,241.088459,False
12.458536,312,241.301448,False
12.537526,312,241.525392,False
14.474268,310,241.734739,False
11.88395,310,244.258544,False
12.425503,311,244.51496,False
12.595209,312,244.758249,False
14.937614,311,244.989561,False
17.377667,311,245.256839,False
17.934084,311,245.562944,False
14.330722,311,248.157405,False
12.07008,312,248.393767,False
12.1931,311,248.648326,False
12.698588,312,249.057085,False
16.913895,311,249.434465,False
15.047002,311,249.691727,False
11.903279,311,249.896468,False
14.871273,312,252.367279,False
16.947948,311,252.582751,False
18.105487,311,252.794109,False
12.50203,311,253.016493,False
12.843435,310,253.258642,False
11.385394,312,253.507277,False
11.121711,312,253.739839,False
12.620301,311,256.434839,False
16.437565,311,256.659104,False
17.088931,311,256.881108,False
12.003198,312,257.129357,False
11.389919,311,257.394736,False
15.879748,311,257.743541,False
13.591097,311,260.276315,False
16.571534,311,260.492421,False
11.90053,312,260.708588,False
10.961166,312,260.930093,False
11.232715,312,261.151617,False
17.487548,311,261.375364,False
14.786042,311,261.593621,False
16.706616,311,264.284127,False
15.995907,311,264.503,False
12.775236,312,264.726782,False
12.577697,312,264.944193,False
13.360797,312,265.163528,False
15.271477,311,265.385475,False
16.444034,311,267.66819,False
13.296127,312,267.881803,False
12.11528,311,268.095762,False
11.632042,311,268.302972,False
11.26524,312,268.517866,False
15.346298,311,268.730036,False
12.378285,312,268.949649,False
16.721565,311,271.243412,False
15.437267,312,271.45086,False
11.829833,312,271.652572,False
12.877061,311,271.85671,False
10.675309,312,272.074843,False
15.857115,311,272.282374,False
12.174097,312,274.975624,False
16.729921,311,275.191251,False
16.923344,311,275.393912,False
13.524351,312,275.608252,False
16.51625,311,275.822825,False
16.32389,311,276.035859,False
12.73746,312,276.318796,False
15.845732,311,279.080648,False
17.374811,311,279.296975,False
12.357889,311,279.514298,False
17.272721,312,279.731457,False
11.774149,312,279.944628,False
16.918498,311,280.149051,False
11.348008,312,280.358866,False
11.550806,312,282.589425,False
11.754835,311,282.78956,False
13.68291,311,282.99097,False
13.181867,312,283.193027,False
12.415688,312,283.403636,False
11.642447,312,283.612482,False
13.576796,311,285.846986,False
12.813825,311,286.050956,False
11.598059,312,286.248649,False
10.524242,312,286.470106,False
11.963446,312,286.686851,False
6.764649,305,286.896331,False
17.592053,312,287.112587,False
16.084784,311,290.257321,False
17.407951,312,290.516307,False
15.681229,311,290.761453,False
15.217686,311,290.987435,False
16.757047,311,291.23411,False
17.218271,312,291.475968,False
12.007762,311,294.985192,False
16.806415,311,295.301091,False
16.878079,312,295.644242,False
-11.506642,297,295.886383,False
13.011463,311,296.162382,False
13.913367,310,296.442902,False
16.591133,312,296.726329,False
18.817067,310,300.062119,False
16.589562,311,300.335307,False
13.964313,311,300.577985,False
17.432122,311,300.841182,False
17.630602,312,301.110344,False
16.630598,311,301.435811,False
16.714057,311,301.664597,False
15.042864,311,304.179161,False
16.333544,312,304.498019,False
3.022278,303,304.866638,False
11.749391,310,305.097531,False
15.864258,311,305.305278,False
16.484674,311,305.541082,False
15.984856,311,308.54106,False
12.289382,312,308.790156,False
17.108129,312,309.030026,False
0.230511,303,309.274735,False
16.392139,311,309.501635,False
16.997244,311,309.722602,False
15.131173,311,309.933355,False
11.207996,312,312.354124,False
13.039876,312,312.672772,False
17.331978,312,312.976459,False
17.766485,312,313.348965,False
17.575004,312,313.612231,False
18.246839,312,313.847648,False
8.954867,308,316.683477,False
12.792496,312,317.073161,False
16.443778,311,317.359839,False
12.271253,311,317.63538,False
17.088301,311,317.883732,False
15.005024,312,318.125676,False
12.633053,312,318.364143,False
16.670438,311,320.791012,False
13.989701,312,321.032912,False
16.542982,311,321.289405,False
15.281003,311,321.526416,False
16.019221,311,321.751783,False
16.309676,311,321.961349,False
17.36206,311,324.189396,False
11.054356,312,324.441657,False
12.139361,310,324.737834,False
18.256112,312,325.024082,False
16.553863,311,325.236092,False
16.300452,311,325.457301,False
16.769908,311,325.675846,False
16.533578,311,328.534396,False
12.643001,311,328.759534,False
16.265593,311,328.989087,False
16.174547,311,329.209553,False
11.596588,311,329.43214,False
18.081467,312,329.651908,False
12.200589,312,329.892181,False
17.799211,312,333.656675,False
13.237345,312,334.076305,False
16.816058,311,334.342397,False
17.382904,312,334.605027,False
11.712415,311,334.865144,False
16.940378,311,335.158213,False
8.835381,306,339.208143,False
17.080486,312,339.406552,False
17.693728,312,339.611193,False
16.11328,311,339.810058,False
19.682594,311,340.001915,False
15.834189,311,340.194831,False
6.673447,305,340.386208,False
13.537374,311,343.446833,False
16.874642,312,343.692526,False
-13.960918,292,343.894815,False
16.650635,312,344.109624,False
16.746178,311,344.323853,False
17.486467,312,344.55172,False
11.891666,311,347.060866,False
15.679176,311,347.266666,False
15.759815,311,347.479289,False
16.11395,311,347.685692,False
16.539035,311,347.893736,False
17.006068,311,348.10762,False
16.631552,312,348.318341,False
16.894242,312,350.92865,False
17.606689,312,351.185063,False
17.317515,312,351.438587,False
16.04474,312,351.644355,False
15.774685,311,351.849539,False
17.487549,312,352.087091,False
16.011672,311,352.296906,False
17.398243,312,354.707193,False
15.179144,311,354.919135,False
15.782825,311,355.185956,False
16.574307,311,356.117203,False
17.021663,312,356.580804,False
15.463263,311,356.818116,False
10.175573,306,360.064221,False
18.505424,312,360.287631,False
17.177005,312,360.485993,False
17.873728,312,360.691747,False
18.126708,312,360.9075,False
16.695537,312,361.116173,False
12.039939,310,361.307769,False
15.931668,311,363.483368,False
17.473593,312,363.692495,False
18.768139,312,363.896366,False
17.911103,311,364.11572,False
12.228566,311,364.333207,False
17.461488,311,364.538399,False
13.946888,311,366.861029,False
17.459511,312,367.077925,False
17.806424,312,367.308587,False
16.972201,312,367.52672,False
17.484747,311,367.749325,False
17.540436,311,367.967828,False
18.338157,312,368.191363,False
17.389335,312,370.540567,False
15.088594,311,370.824915,False
16.404014,311,371.130466,False
12.965694,312,371.372962,False
11.849731,312,371.59251,False
15.406472,311,371.812774,False
16.885657,311,372.028986,False
16.097751,312,374.407676,False
16.838665,312,374.639039,False
15.770353,311,374.853608,False
16.618705,312,375.080677,False
16.834593,312,375.304228,False
12.931039,312,375.529884,False
14.152786,310,377.984948,False
16.834758,312,378.213832,False
17.131998,311,378.434731,False
13.061976,312,378.650037,False
10.961008,310,378.870095,False
16.415415,311,379.087923,False
16.766333,311,379.298977,False
-29.013828,282,381.784893,False
16.90397,312,382.013245,False
15.691641,312,382.229121,False
-21.403999,294,382.430248,False
16.52296,312,382.660542,False
-16.699118,294,382.901658,False
16.810516,312,385.446504,False
16.752161,312,385.677573,False
17.106057,312,385.890958,False
15.769602,312,386.11473,False
17.045059,312,386.341309,False
16.003981,312,386.602348,False
16.794619,312,386.851201,False
16.92578,312,389.361679,False
17.651882,312,389.571083,False
17.361915,312,389.780163,False
16.978572,312,390.00385,False
11.987751,312,390.224213,False
12.897683,312,390.464515,False
14.703481,312,390.70352,False
18.690931,312,393.316343,False
15.922649,311,393.556585,False
11.504021,308,393.803296,False
18.368875,312,394.04049,False
15.288759,312,394.320215,False
16.049465,311,394.535181,False
17.407441,312,397.066732,False
17.425152,312,397.304184,False
16.470203,309,397.603051,False
17.282013,312,397.868029,False
16.586713,312,398.0916,False
17.978474,312,398.310852,False
18.192487,312,398.519499,False
16.759257,312,400.989306,False
17.975171,312,401.195993,False
11.971488,311,401.398162,False
17.400098,312,401.60574,False
17.800487,312,401.811754,False
12.521242,308,402.014801,False
13.871774,311,404.338372,False
18.060251,312,404.552986,False
18.650554,312,404.779106,False
18.228322,312,405.003929,False
18.279059,312,405.279935,False
17.673647,312,405.540929,False
18.40536,312,405.786503,False
17.623114,312,408.256904,False
18.430599,312,408.468278,False
18.204176,312,408.676329,False
17.528898,312,408.890155,False
17.547479,312,409.100562,False
17.557995,312,409.304961,False
18.888333,313,411.636341,False
18.564083,312,411.859975,False
18.636655,312,412.086852,False
18.784026,312,412.300554,False
19.055182,312,412.520113,False
17.563168,311,412.728325,False
19.189936,313,412.966416,False
17.943306,312,415.468477,False
18.192763,312,415.723931,False
13.348218,311,415.955349,False
17.797475,312,416.178828,False
18.332014,312,416.387307,False
17.613531,312,416.607722,False
15.54069,310,416.83979,False
16.7979,311,419.463039,False
19.686545,313,419.748888,False
18.518474,312,419.984414,False
18.521423,312,420.209288,False
17.85815,312,420.42992,False
19.386858,313,420.641492,False
19.093707,312,423.087514,False
19.385028,313,423.302553,False
19.366733,313,423.518948,False
17.02921,312,423.73428,False
19.31609,313,423.946149,False
18.472574,312,424.17344,False
11.699169,310,424.403735,False
19.32858,313,426.930786,False
17.339677,308,427.139774,False
19.677292,313,427.364991,False
21.186906,312,427.59024,False
20.114596,313,427.84106,False
18.889788,311,428.146656,False
18.998587,312,430.430842,False
20.091344,313,430.645738,False
21.457242,314,430.859351,False
12.458016,311,431.079175,False
19.68799,313,431.32091,False
18.913098,312,431.536292,False
18.15135,312,431.757556,False
-1.957028,301,434.168998,False
19.773157,313,434.428332,False
19.978969,313,434.710352,False
22.011055,314,434.922652,False
20.022815,312,435.137091,False
-10.871741,291,435.35658,False
18.622099,312,437.698675,False
19.948329,312,437.895976,False
20.718758,313,438.092871,False
21.499135,314,438.287219,False
21.469758,314,438.482533,False
20.121547,313,438.695818,False
19.460973,314,438.904673,False
21.204059,314,441.378113,False
20.506154,315,441.606749,False
20.825184,315,441.821661,False
21.351695,314,442.038495,False
21.528202,315,442.291372,False
20.469443,314,442.527382,False
19.423041,314,442.797476,False
21.565,316,445.287362,False
19.664192,315,445.541236,False
21.555246,316,445.753998,False
21.595397,316,445.96953,False
19.192431,315,446.174751,False
23.027282,317,446.378086,False
19.203288,317,448.739801,False
15.795703,314,448.999285,False
19.114344,315,449.206675,False
18.98684,317,449.402985,False
17.097821,315,449.620889,False
20.412167,316,449.824305,False
20.224702,316,450.022732,False
17.391562,316,452.423321,False
17.585136,314,452.628204,False
20.372155,316,452.841001,False
20.940748,318,453.061106,False
21.378183,319,453.278149,False
20.659684,318,453.518999,False
20.295949,317,456.10915,False
20.862769,316,456.346104,False
20.442007,319,456.557533,False
19.632987,317,456.759554,False
19.711679,319,456.958853,False
20.402289,316,457.174112,False
19.459734,317,459.683081,False
20.661172,320,459.942365,False
20.574678,317,460.199446,False
18.757746,317,460.448763,False
19.820476,318,460.664366,False
19.420876,317,460.870507,False
20.122012,318,461.073292,False
19.899897,317,463.414041,False
-9.749314,298,463.617734,False
19.662463,317,463.821124,False
22.079452,319,464.051082,False
23.020649,318,464.25568,False
21.55861,318,464.49727,False
21.370133,317,466.923766,False
22.513877,319,467.144223,False
21.503733,316,467.354802,False
21.580926,318,467.56215,False
22.214415,319,467.781755,False
22.345636,318,468.008148,False
21.078382,317,468.228967,False
22.291969,318,470.607876,False
20.217941,316,470.8419,False
22.043739,318,471.145749,False
20.687909,316,471.41166,False
17.455553,314,471.626454,False
20.393827,318,471.833279,False
21.395588,318,474.162164,False
19.512892,318,474.393993,False
21.319191,319,474.624381,False
18.270115,318,474.842097,False
19.703946,319,475.113673,False
20.845202,317,475.393032,False
20.429329,320,475.644292,False
20.771926,321,477.847703,False
19.815778,319,478.06305,False
21.962536,322,478.29723,False
20.850923,318,478.562994,False
22.309015,319,478.818219,False
20.606571,318,479.059547,False
19.804169,322,481.594595,False
21.930059,319,481.803256,False
21.468851,319,482.024877,False
23.693143,322,482.26392,False
21.652947,319,482.497525,False
22.281743,322,482.75583,False
23.434721,323,483.022309,False
22.073697,323,485.308538,False
22.515659,325,485.527396,False
20.763249,323,485.74568,False
21.485284,323,485.95907,False
23.224057,324,486.176642,False
24.202901,327,486.404571,False
23.155918,321,488.997953,False
22.885859,321,489.222945,False
22.47775,321,489.430061,False
22.63215,321,489.64224,False
22.045496,322,489.869009,False
22.850124,321,490.09737,False
24.58574,325,492.458061,False
7.956927,305,492.709679,False
24.917867,326,492.987323,False
22.176539,326,493.256548,False
23.37086,324,493.483689,False
21.901599,325,493.708146,False
23.21209,328,493.937199,False
21.935184,325,496.366161,False
24.021061,326,496.59717,False
26.622388,331,496.814659,False
24.112561,332,497.033294,False
22.624795,326,497.238199,False
24.162742,326,497.464447,False
12.220171,313,499.934444,False
25.163589,333,500.188343,False
25.757085,330,500.440755,False
26.137138,332,500.670785,False
18.266536,326,500.89278,False
25.814573,330,501.109145,False
26.60647,335,503.565659,False
-5.839304,300,503.760259,False
26.576258,336,504.026278,False
22.546791,329,504.280103,False
27.949962,331,504.497194,False
25.552697,336,504.722623,False
28.165339,336,507.135643,False
23.620544,328,507.377094,False
27.271021,343,507.620544,False
29.723464,350,507.890757,False
29.007666,345,508.14845,False
28.034972,344,508.421985,False
27.595455,339,510.823878,False
26.080293,346,511.053029,False
25.56837,337,511.289186,False
31.747729,348,511.560123,False
27.745218,342,511.78432,False
29.591625,340,512.027892,False
26.634234,342,514.342056,False
29.76156,341,514.600861,False
16.386323,318,514.808114,False
26.936209,339,515.102777,False
24.951777,329,515.363873,False
25.090651,338,515.590839,False
28.288287,343,517.951784,False
25.048531,337,518.178541,False
26.595507,335,518.401633,False
30.100146,350,518.643277,False
27.272583,336,518.875611,False
26.80368,339,519.105013,False
27.654587,335,521.438966,False
28.628584,341,521.670114,False
33.883319,356,521.90734,False
29.830256,346,522.148676,False
32.26196,371,522.397678,False
30.107714,344,522.710407,False
26.487873,339,525.008428,False
26.341489,340,525.29568,False
26.581457,345,525.576469,False
32.302892,352,525.900815,False
28.488095,346,526.149087,False
30.066008,353,526.403688,False
39.359225,388,528.805856,False
41.572985,375,529.068937,False
192.515067,1063,529.912037,False
32.285711,347,530.159704,False
29.983236,344,532.46973,False
31.711107,351,532.692026,False
34.096327,350,532.928016,False
29.407875,345,533.154616,False
31.160652,347,533.38431,False
29.534375,347,533.612393,False
30.27647,345,536.017542,False
30.86147,339,536.24184,False
31.112817,350,536.470196,False
33.211829,347,536.718664,False
32.972961,344,536.950723,False
27.238326,339,537.28631,False
31.780408,347,539.751354,False
30.644395,347,539.975506,False
28.60049,338,540.1961,False
32.321214,350,540.41555,False
29.645942,341,540.63723,False
27.84975,341,540.860216,False
31.813899,350,543.3669,False
32.650677,350,543.598663,False
32.810154,350,543.822181,False
30.066796,344,544.040084,False
32.268058,350,544.258973,False
34.673141,352,546.645032,False
32.34995,357,546.875926,False
34.778228,360,547.109122,False
31.771057,350,547.329003,False
33.581126,359,547.604097,False
39.652835,374,547.845517,False
43.6821,376,550.370261,False
44.866779,376,550.62294,False
45.698343,393,550.890545,False
118.469099,1045,551.557077,False
148.670977,907,554.452789,False
140.557038,1011,555.122311,False
8.583072,309,557.479913,False
147.162803,907,558.178912,False
45.245173,389,558.428221,False
148.507272,908,561.295743,False
3.992745,306,561.499257,False
154.043392,892,562.10658,False
155.448081,962,564.960712,False
149.448168,946,565.64074,False
19.14338,346,565.860248,False
156.129884,1042,568.634776,False
174.020156,1001,569.334302,False
162.836063,1063,572.208206,False
171.749544,1027,572.905931,False
40.344824,375,575.307899,False
159.874757,1053,576.062509,False
168.395642,1024,578.743693,False
170.403971,1175,579.528783,False
12.176138,310,579.736143,False
11.966257,311,579.942915,False
10.977665,309,582.278995,False
152.711287,1008,582.931658,False
10.163575,309,583.147301,False
160.839232,1067,586.02704,False
43.751706,379,586.291963,False
29.87486,356,586.546855,False
10.213036,308,586.792404,False
202.638973,1165,589.766885,False
24.528727,349,589.987268,False
8.922049,309,590.181306,False
171.794413,1156,593.159919,False
9.860483,308,593.356165,False
19.621929,325,593.563182,False
10.439175,309,593.773755,False
9.696166,309,593.967866,False
39.255571,372,594.20033,False
14.34498,312,596.67535,False
25.488792,336,596.93212,False
13.591418,310,597.223229,False
24.859592,340,597.44135,False
34.009888,365,597.673498,False
11.095937,309,597.875675,False
9.879598,308,600.216566,False
29.895395,349,600.44973,False
8.723259,308,600.651161,False
8.207215,308,600.845688,False
10.012365,309,601.049577,False
14.273598,312,601.242949,False
25.353794,342,603.638038,False
34.383203,363,603.886286,False
14.109463,311,604.091189,False
170.095075,1216,604.919451,False
29.752359,350,607.265718,False
16.016486,314,607.469023,False
19.171983,326,607.678058,False
11.570931,309,607.876786,False
24.13013,342,608.090449,False
23.40069,338,608.310512,False
14.696912,313,610.667165,False
26.982873,350,610.913223,False
15.91562,313,611.116423,False
10.531762,309,611.325115,False
201.980813,1332,614.393324,False
215.308293,1297,615.31265,False
37.672712,376,617.653105,False
11.363627,306,617.877958,False
39.212593,383,618.134722,False
33.123005,361,618.452741,False
28.229168,350,618.717315,False
192.307455,1231,621.593454,False
173.246313,1231,622.532337,False
27.450322,346,625.020913,False
160.871482,1080,625.725372,False
164.7603,1241,628.798875,False
201.83073,1293,629.707161,False
17.769488,314,629.990879,False
16.803618,314,632.260975,False
15.2497,311,632.47602,False
18.262512,321,632.68631,False
15.464301,316,632.953493,False
17.390274,313,633.253302,False
39.54123,372,633.554086,False
46.584347,386,635.969546,False
26.988168,342,636.226784,False
22.683881,332,636.480361,False
171.084809,1102,637.212819,False
22.118339,328,639.575467,False
29.083966,354,639.798899,False
16.395736,312,639.994046,False
13.463394,309,640.186796,False
171.750113,1104,643.051824,False
20.573803,327,643.272299,False
158.553448,1073,643.946583,False
26.317782,348,646.394958,False
17.21981,312,646.621511,False
15.540443,304,646.850632,False
12.528919,308,647.073439,False
162.758597,1153,650.00765,False
176.846211,1436,651.089465,False
185.980496,1144,654.154098,False
156.576196,1372,655.085335,False
14.763461,317,657.442923,False
23.321426,340,657.674342,False
20.238121,328,657.950987,False
175.951277,1189,661.030116,False
40.266654,379,661.278485,False
24.567632,340,661.502241,False
33.015976,371,661.774051,False
16.464598,312,661.998823,False
35.95714,366,662.284158,False
187.108843,1464,665.347513,False
246.061305,1379,668.218577,False
22.279091,329,668.437102,False
12.576501,310,668.648981,False
22.727294,330,668.885099,False
17.940062,315,669.110611,False
26.14374,350,671.508056,False
25.729446,342,671.79984,False
31.91947,358,672.071199,False
28.967957,347,672.300322,False
24.709956,335,672.519695,False
26.23034,344,672.764834,False
45.182302,379,675.0769,False
21.285356,325,675.294344,False
25.81067,339,675.512522,False
34.20415,365,675.754167,False
19.126847,318,675.998188,False
177.849586,1406,679.292516,False
180.260436,1334,682.285207,False
176.45427,1353,683.198817,False
26.399939,340,683.455027,False
19.99798,318,685.840851,False
13.368191,309,686.035705,False
33.141907,361,686.261679,False
21.506627,323,686.481351,False
31.151167,351,686.725371,False
231.747762,1398,689.912696,False
18.955472,320,690.11697,False
18.582557,315,690.311833,False
17.830676,314,690.512898,False
34.765592,366,692.940605,False
17.839029,316,693.140893,False
20.051915,323,693.34179,False
25.030957,339,693.55125,False
31.730859,352,693.769747,False
15.971977,310,693.976359,False
13.682731,307,696.348755,False
25.751414,335,696.621152,False
19.125419,305,696.87631,False
20.518539,321,697.155079,False
17.755211,307,697.361972,False
22.629029,329,697.576476,False
26.577691,337,697.79276,False
185.467747,1219,700.91723,False
28.988267,349,701.15041,False
32.521386,358,701.384913,False
17.989092,313,703.848592,False
20.093477,320,704.079702,False
28.800888,343,704.36312,False
35.510954,357,704.632326,False
18.480084,315,704.844276,False
21.29784,324,705.054142,False
23.804651,331,707.423655,False
27.201972,343,707.656419,False
205.209995,1356,708.53203,False
29.387083,350,710.924815,False
26.879336,344,711.168976,False
203.597373,1417,712.092948,False
216.077564,1285,715.150553,False
46.556391,381,715.43156,False
30.462817,349,715.656508,False
19.805352,320,717.967431,False
211.820603,1171,718.747822,False
215.977841,1351,721.730114,False
245.05682,1427,722.799311,False
229.052089,1253,725.798939,False
242.957019,1370,728.968876,False
36.635785,364,729.208066,False
38.921465,368,729.452814,False
38.14272,365,729.706438,False
16.024869,309,729.94402,False
29.192639,358,732.368683,False
285.961978,1505,733.4001,False
252.630287,1473,736.649338,False
244.823766,1338,739.950169,False
38.462639,368,740.276449,False
10.359993,309,740.50001,False
39.679456,367,740.754117,False
21.689217,323,740.985316,False
226.949699,1223,744.16258,False
218.982913,1311,747.466192,False
241.775195,1326,748.384092,False
257.339363,1320,751.567878,False
42.348096,373,751.804612,False
237.58704,1196,754.809105,False
259.188065,1342,755.799938,False
255.272129,1323,758.825666,False
239.850817,1168,761.70032,False
236.866382,1149,762.468969,False
215.382855,1195,765.572607,False
229.966382,1228,766.449568,False
27.574796,342,766.681015,False
46.304693,380,769.053257,False
242.581322,1378,769.987927,False
46.400575,373,770.259703,False
235.611474,1243,773.417258,False
36.132018,360,773.673506,False
43.025042,375,773.922527,False
41.203273,371,776.128205,False
227.125465,1183,776.90098,False
31.783342,349,777.1331,False
243.314654,1281,780.235393,False
236.549927,1395,783.613226,False
247.934387,1224,784.410974,False
240.918822,1273,787.483439,False
237.565781,1478,790.761287,False
246.346407,1311,791.660608,False
29.788929,342,791.870517,False
260.780576,1456,795.254364,False
254.150881,1330,798.559735,False
223.987473,1098,799.254349,False
246.714151,1234,802.355157,False
248.881604,1154,803.25046,False
230.009417,1142,806.345288,False
255.207332,1127,809.306441,False
219.582374,1057,810.060612,False
229.855064,1106,813.168788,False
220.070022,990,813.969416,False
223.901219,1007,816.756131,False
10.056617,311,816.962403,False
217.847127,1010,817.669148,False
44.362736,366,817.954177,False
226.111512,1070,820.779097,False
21.788353,325,821.080306,False
225.785571,1093,824.030428,False
13.775677,301,824.243497,False
218.961745,1012,825.02828,False
225.14966,958,827.795512,False
209.164645,942,828.398167,False
223.076731,1027,831.305436,False
227.034156,1013,831.952031,False
204.004374,915,834.75782,False
231.823519,1006,835.473278,False
223.877918,994,838.283529,False
205.5369,964,838.918496,False
221.281216,1015,841.821376,False
219.317948,935,842.416242,False
220.852259,967,845.108427,False
218.263401,925,845.897201,False
230.79639,964,846.543594,False
18.042685,317,848.901348,False
223.030899,908,849.555524,False
213.067144,923,852.354839,False
215.650341,918,852.980791,False
213.045995,908,853.660942,False
204.645834,889,856.564465,False
43.259646,370,856.814913,False
206.653814,881,857.374537,False
233.479872,965,860.313714,False
46.23366,378,860.742731,False
212.197685,886,863.629099,False
205.813816,865,864.307384,False
6.367199,316,864.522448,False
223.322823,899,867.251568,False
12.60233,311,867.464809,False
208.237752,878,868.24069,False
216.19452,902,871.215385,False
11.988302,327,871.441184,False
205.05485,857,872.024189,False
242.829097,952,874.83811,False
209.614326,842,875.459879,False
212.906185,867,876.306355,False
31.898615,346,878.983247,False
218.937409,871,879.66686,False
218.370601,880,880.4371,False
14.809317,302,882.8282,False
210.963941,847,883.62576,False
32.246025,349,883.864628,False
218.105888,880,886.806017,False
223.952054,840,887.505381,False
213.838943,866,888.130434,False
212.370632,821,891.061595,False
207.972796,829,891.616408,False
209.036135,824,894.510205,False
51.954887,362,894.796935,False
211.620162,835,895.405727,False
214.14115,837,898.177731,False
202.201448,816,898.768153,False
7.814563,317,899.038425,False
208.536891,824,901.938137,False
223.967794,879,902.613539,False
224.957802,901,905.436231,False
210.766517,838,906.005747,False
43.538224,355,906.275043,False
52.947588,364,906.575282,False
210.258047,831,909.413079,False
210.003556,838,910.089196,False
217.864783,859,910.671475,False
216.215309,874,913.564568,False
12.690289,300,913.800218,False
215.190599,843,914.372577,False
216.125291,877,917.244387,False
219.374152,872,917.931469,False
11.553981,295,918.148277,False
212.243831,849,921.009998,False
210.61314,848,921.589837,False
218.406441,842,924.333307,False
209.162901,826,924.932078,False
218.959674,860,927.914433,False
204.557939,836,928.512293,False
211.706318,826,929.175244,False
219.59496,873,932.03888,False
217.225328,813,932.609485,False
31.430883,339,932.845771,False
205.698148,822,935.557217,False
202.320578,804,936.11051,False
211.801765,822,938.926503,False
200.848094,800,939.467423,False
226.650494,902,940.176536,False
207.726114,821,942.815753,False
214.953758,835,943.380695,False
217.782421,861,946.24416,False
6.866427,288,946.446758,False
207.007655,817,947.093687,False
217.272171,848,949.914182,False
212.523825,814,950.495604,False
206.750656,803,951.186644,False
33.054903,342,953.605762,False
201.660172,827,954.199618,False
214.478575,829,954.744065,False
214.588583,819,957.542703,False
219.943742,834,958.073934,False
214.89111,841,960.602157,False
224.196309,896,961.187838,False
217.047521,833,961.706812,False
216.935749,856,964.396893,False
239.370299,895,965.032869,False
223.705338,880,967.911157,False
223.90437,871,968.50744,False
212.266614,828,969.07242,False
204.645437,805,971.672642,False
215.297093,866,972.434452,False
214.031084,830,975.156002,False
212.290362,837,975.775461,False
219.097576,850,978.448484,False
209.949185,815,979.042384,False
202.591517,809,979.601148,False
212.538787,817,982.205195,False
219.886063,860,982.79414,False
213.676905,844,985.554764,False
222.536764,863,986.256359,False
209.656606,834,986.812389,False
263.445329,831,989.530458,False
226.16977,869,990.195792,False
206.220955,809,992.991053,False
223.381173,866,993.543511,False
12.137497,304,993.735337,False
233.309111,892,996.493139,False
211.133156,819,997.005277,False
225.214349,870,997.576103,False
217.689384,847,1000.410274,False
224.586286,836,1000.986053,False
220.904371,837,1003.664485,False
220.707922,860,1004.283005,False
212.530516,822,1004.864657,False
221.007322,850,1007.545112,False
223.7955,873,1008.17981,False
213.567497,830,1010.867087,False
227.439301,850,1011.445906,False
225.078456,853,1014.135045,False
214.400602,859,1014.874071,False
224.682582,855,1015.441499,False
215.11465,841,1018.223817,False
7.45247,320,1018.475208,False
223.420082,852,1019.178854,False
231.376519,871,1021.94526,False
225.96412,842,1022.498161,False
48.480603,360,1022.741458,False
238.015241,884,1025.268624,False
220.046886,854,1025.840168,False
228.348937,866,1028.613112,False
223.545947,850,1029.203458,False
220.914409,843,1032.083814,False
224.728221,851,1032.723524,False
219.46878,838,1033.298774,False
223.597262,839,1036.044214,False
225.077619,843,1036.602176,False
217.61921,835,1039.367039,False
227.021265,862,1039.999059,False
225.786012,860,1040.610541,False
228.728334,874,1043.408685,False
221.732229,840,1043.962837,False
221.849096,860,1046.852283,False
221.487686,882,1047.455257,False
36.065811,359,1047.684055,False
222.33304,858,1050.310816,False
218.734831,848,1050.895607,False
227.109502,864,1053.750426,False
223.006833,859,1054.332593,False
227.413292,850,1054.881203,False
223.983526,871,1057.541285,False
230.0089,864,1058.22761,False
212.419388,841,1061.132352,False
220.15677,845,1061.712297,False
14.012532,333,1061.935928,False
219.887087,845,1064.691628,False
215.496144,835,1065.323822,False
221.282312,834,1065.882919,False
219.134391,824,1068.509398,False
214.901583,848,1069.071781,False
225.1871,853,1071.891467,False
128.417117,485,1072.227887,False
225.686461,839,1072.790465,False
218.417544,826,1075.595512,False
211.040975,830,1076.233949,False
216.665649,822,1079.370533,False
212.395229,835,1080.140049,False
206.29243,820,1080.72895,False
214.919418,846,1083.711628,False
223.274891,844,1084.414415,False
224.709826,850,1087.261875,False
212.454574,838,1087.81514,False
222.244589,857,1088.448537,False
220.482008,852,1091.409332,False
213.75316,846,1092.117967,False
200.270651,896,1094.941191,False
220.87201,848,1095.495682,False
215.562891,830,1096.078012,False
219.049975,855,1099.070488,False
219.049692,838,1099.64969,False
218.544862,847,1102.691542,False
218.546456,861,1103.330584,False
217.746907,860,1106.263042,False
219.51831,857,1106.864078,False
218.618959,856,1107.526642,False
220.675279,884,1110.697995,False
20.625889,332,1110.976391,False
219.692781,873,1111.657974,False
218.611545,879,1114.712482,False
221.3102,880,1115.367553,False
225.953624,891,1118.629194,False
13.239797,828,1119.320241,False
27.615853,343,1119.584632,False
221.215625,869,1122.734093,False
220.497897,867,1123.453777,False
214.435353,844,1126.517055,False
221.948625,875,1127.24767,False
223.104649,872,1128.061182,False
226.133157,867,1131.168009,False
221.429698,869,1131.874951,False
222.722249,858,1134.799691,False
227.549311,883,1135.585649,False
221.432085,882,1138.737846,False
227.692263,861,1139.370305,False
227.66207,875,1140.059799,False
224.109308,864,1143.406369,False
220.881689,853,1144.036499,False
222.872615,867,1147.070335,False
227.095775,882,1147.646935,False
221.933832,872,1148.200001,False
42.742457,357,1150.68451,False
38.284752,345,1150.943516,False
40.002252,345,1151.240455,False
40.505592,349,1151.61768,False
42.350733,354,1151.858524,False
39.609806,349,1154.350194,False
44.003532,359,1154.591504,False
42.215478,358,1154.829161,False
40.668687,351,1155.079407,False
43.391649,360,1155.340392,False
41.57098,353,1155.631937,False
41.552834,354,1158.153663,False
45.800553,367,1158.411994,False
43.757827,362,1158.661016,False
44.625934,360,1158.978924,False
45.037623,365,1159.27912,False
43.018351,355,1159.552992,False
41.425087,355,1162.03273,False
45.856472,365,1162.294569,False
42.582197,355,1162.541616,False
45.045442,366,1162.789412,False
42.515457,361,1163.030652,False
223.132959,873,1165.809466,False
217.181736,874,1166.571313,False
227.626283,872,1169.287901,False
51.416973,371,1169.556957,False
218.954577,856,1170.160234,False
223.211243,879,1173.059173,False
219.06113,866,1173.748216,False
221.57229,867,1174.466598,False
222.97382,876,1177.367904,False
223.465614,869,1177.942626,False
220.415757,862,1180.634936,False
217.638211,863,1181.210847,False
218.821076,871,1183.896695,False
221.576635,871,1184.459523,False
222.848766,874,1185.090709,False
222.525042,866,1187.913451,False
217.732657,869,1188.596845,False
218.601482,867,1191.35888,False
219.73038,858,1191.950071,False
217.538512,860,1194.518419,False
218.148864,844,1195.071495,False
223.888937,878,1195.641111,False
222.537603,882,1198.397042,False
226.416639,882,1198.946385,False
129.984282,497,1199.268603,False
14.153867,310,1201.644605,False
225.922466,875,1202.203587,False
224.587193,871,1202.766559,False
225.101353,880,1205.468472,False
-19.260358,884,1206.072915,False
226.511675,888,1208.826591,False
223.828827,870,1209.416835,False
222.392071,881,1212.179156,False
230.413835,887,1212.801208,False
222.270187,867,1213.427813,False
227.005947,880,1216.276784,False
47.97404,366,1216.520779,False
109.363809,448,1216.806826,False
50.095775,370,1219.218777,False
44.867737,359,1219.462785,False
147.734105,542,1219.883618,False
226.671852,876,1220.679952,False
30.69749,357,1223.216025,False
41.574074,357,1223.450903,False
82.948332,1185,1224.234174,False
41.608676,357,1224.477002,False
46.327164,365,1226.837851,False
39.333386,349,1227.076011,False
39.008172,352,1227.319112,False
45.050287,357,1227.630805,False
41.62794,354,1227.923284,False
23.987613,357,1230.367241,False
54.111713,374,1230.623795,False
44.440593,358,1230.872451,False
219.421142,859,1231.532595,False
14.383026,307,1231.770957,False
50.908229,372,1234.271112,False
41.505956,351,1234.494259,False
49.069041,370,1234.729176,False
45.295576,365,1234.986566,False
44.064587,363,1235.250078,False
22.337068,340,1235.51353,False
45.680387,365,1237.836482,False
-3.110372,279,1238.042889,False
32.171241,342,1238.272409,False
44.955772,362,1238.511694,False
41.211922,351,1238.766321,False
83.955482,416,1241.247566,False
45.062485,361,1241.476703,False
42.580211,356,1241.716859,False
10.684828,301,1241.920476,False
43.268221,360,1242.202938,False
39.976638,351,1242.564093,False
42.433857,358,1245.008866,False
42.834393,358,1245.230544,False
45.185368,364,1245.490138,False
26.362081,333,1245.718799,False
41.199651,358,1245.991249,False
43.8971,359,1246.250312,False
22.91049,321,1248.550914,False
41.95905,358,1248.773192,False
15.307569,309,1248.963019,False
41.199496,360,1249.199122,False
109.356779,459,1249.489138,False
44.67646,363,1249.714415,False
131.637295,507,1252.204054,False
44.72666,362,1252.428969,False
52.016773,370,1252.676961,False
18.237423,314,1252.893126,False
218.974265,864,1255.580768,False
43.973886,361,1255.80961,False
142.263274,523,1256.139085,False
106.062911,450,1256.445084,False
222.554067,846,1259.184711,False
157.748739,560,1259.565174,False
41.821767,360,1259.801006,False
43.223573,360,1260.136319,False
151.660882,561,1262.711264,False
164.793996,583,1263.140362,False
211.514728,814,1263.658221,False
214.734383,839,1266.305083,False
220.759189,854,1266.865939,False
213.036443,832,1269.538155,False
211.882219,849,1270.10073,False
212.951576,842,1270.67723,False
211.197913,826,1273.38923,False
212.342029,843,1273.953324,False
214.847323,860,1276.57783,False
209.846929,836,1277.12467,False
101.903188,446,1277.450126,False
115.110961,465,1277.810939,False
215.746662,837,1280.469944,False
42.585727,363,1280.727307,False
209.56526,829,1281.368926,False
39.402577,354,1284.210276,False
42.368509,360,1284.478609,False
47.339121,370,1284.741773,False
45.910328,367,1285.000919,False
15.667194,309,1285.216935,False
43.093306,362,1285.470176,False
211.615048,836,1288.74506,False
50.06699,372,1289.048753,False
214.015235,837,1289.686948,False
217.023589,850,1292.452179,False
213.745115,845,1293.027547,False
18.882442,313,1293.238424,False
219.160126,855,1296.210307,False
43.298891,361,1296.449559,False
114.058927,1022,1299.546213,False
150.498497,549,1299.906525,False
-13.052352,862,1300.502928,False
39.901457,352,1300.730202,False
46.707612,367,1303.107041,False
92.977919,1138,1303.965099,False
220.546004,864,1306.805833,False
107.266616,458,1307.21712,False
215.59345,850,1307.868421,False
43.980597,362,1308.186699,False
92.207039,424,1310.839641,False
26.613424,358,1311.095532,False
78.602235,403,1311.380991,False
158.345342,566,1311.768654,False
46.871281,367,1312.014176,False
42.974166,363,1314.591532,False
223.243492,874,1315.230881,False
221.823486,874,1315.905287,False
40.158633,357,1318.385015,False
123.02383,983,1319.090837,False
26.65394,350,1319.339665,False
52.916725,373,1319.618019,False
225.003608,879,1322.677664,False
542.400089,996,1323.40401,False
42.536841,360,1325.860096,False
48.122097,369,1326.122882,False
219.166842,857,1326.826526,False
222.316441,865,1329.794199,False
51.208292,373,1330.056486,False
167.043618,592,1330.476029,False
215.176179,861,1331.271773,False
228.006812,901,1334.246706,False
45.199157,368,1334.568064,False
222.260191,881,1337.50184,False
218.515554,870,1338.163647,False
223.413012,891,1338.766364,False
219.095617,863,1341.622255,False
213.410032,861,1342.184632,False
-10.460542,875,1345.104639,False
218.838191,881,1345.80339,False
46.463089,366,1346.04375,False
41.252831,362,1346.283385,False
224.44802,890,1349.425031,False
224.684392,883,1350.078034,False
52.331394,374,1350.323503,False
219.900163,873,1353.587554,False
222.398186,886,1354.269022,False
218.414117,871,1357.537288,False
222.738596,866,1358.148883,False
222.700564,875,1361.331145,False
220.644573,889,1362.01036,False
41.711975,360,1362.31665,False
222.485896,886,1365.505223,False
223.088006,853,1366.145613,False
222.915101,887,1366.843929,False
220.585599,860,1369.939591,False
220.406162,878,1370.723813,False
42.58088,366,1373.393185,False
222.187013,884,1374.284377,False
222.968236,883,1374.959731,False
220.264088,858,1377.881382,False
88.031523,422,1378.221762,False
218.482247,860,1379.049791,False
218.892856,845,1382.073795,False
216.814065,855,1382.846195,False
8.767307,294,1383.077579,False
215.553291,855,1386.039263,False
53.283806,367,1386.311954,False
213.574872,858,1387.023075,False
213.287538,850,1390.24948,False
222.993629,855,1390.828374,False
213.90315,878,1393.410356,False
217.165752,867,1393.980802,False
220.563769,877,1396.719252,False
215.91543,843,1397.300967,False
220.013272,855,1397.952535,False
213.782094,846,1400.662599,False
216.622574,851,1401.241529,False
219.740823,850,1403.900717,False
211.024933,862,1404.629365,False
59.442416,1109,1407.643209,False
219.901716,861,1408.224531,False
230.384418,874,1408.870285,False
220.201565,854,1411.754909,False
220.781373,859,1412.300856,False
218.184943,862,1415.070213,False
217.793181,855,1415.618972,False
216.755892,840,1416.150375,False
218.308612,856,1419.056334,False
216.199594,860,1419.695619,False
120.5058,984,1422.742235,False
213.251512,863,1423.45041,False
222.032984,863,1426.253111,False
215.068787,845,1426.824378,False
217.316397,850,1427.452282,False
27.13829,329,1429.796199,False
216.562604,842,1430.486427,False
219.307453,854,1431.07043,False
218.215733,851,1433.932356,False
213.646369,846,1434.524077,False
114.108775,474,1437.029893,False
216.66604,861,1437.749888,False
219.679683,861,1438.37788,False
215.864199,861,1441.107614,False
214.353271,845,1441.73294,False
216.07598,852,1444.628804,False
224.31442,872,1445.239064,False
223.617795,865,1445.842088,False
222.666468,869,1448.608952,False
220.492371,861,1449.16167,False
31.893096,355,1449.399357,False
222.574163,866,1452.150367,False
216.262196,842,1452.702528,False
44.259628,357,1452.931484,False
222.938217,855,1455.553623,False
213.620773,866,1456.28408,False
163.788257,575,1458.99583,False
217.825871,860,1459.544915,False
219.536419,843,1460.163751,False
54.933324,1052,1463.176171,False
50.534032,361,1463.407928,False
57.719392,375,1463.648822,False
50.340852,367,1465.965833,False
216.9435,854,1466.534794,False
54.050875,373,1466.777905,False
41.609337,355,1467.006644,False
225.148304,855,1470.043398,False
213.217471,852,1470.790656,False
42.828633,356,1471.02846,False
218.29231,853,1473.933469,False
213.546306,851,1474.538597,False
104.563895,453,1474.861417,False
221.078562,857,1477.765007,False
215.713913,840,1478.338946,False
215.183075,850,1481.252421,False
219.418856,856,1481.894615,False
218.505951,861,1482.69538,False
38.568441,349,1485.224033,False
212.165438,840,1485.804601,False
219.000831,853,1486.379791,False
216.322774,851,1489.114771,False
217.924712,851,1489.775222,False
217.268763,862,1492.689891,False
210.872563,848,1493.392272,False
211.628223,847,1494.036408,False
207.177938,836,1496.900487,False
214.808724,839,1497.501458,False
206.964223,837,1500.250287,False
46.812091,370,1500.489078,False
213.128184,835,1501.020984,False
207.839735,830,1504.292195,False
213.82575,835,1504.91977,False
215.372518,843,1508.225296,False
207.901097,832,1508.821195,False
205.910834,830,1509.425178,False
80.051226,410,1511.905482,False
46.851513,371,1512.191132,False
206.716115,825,1512.941861,False
49.011889,371,1513.223269,False
209.679862,821,1516.445001,False
206.093575,834,1517.015714,False
204.962956,821,1519.955478,False
209.416958,827,1520.67227,False
209.460727,829,1521.230455,False
204.94485,818,1523.943739,False
203.918138,811,1524.609052,False
19.843569,315,1524.978506,False
207.115435,823,1528.057314,False
203.583825,819,1528.798503,False
199.683433,817,1529.387381,False
202.656914,804,1532.638734,False
188.33731,794,1533.24524,False
196.742947,800,1536.311114,False
204.811815,817,1536.99055,False
198.317742,818,1537.582475,False
203.08919,821,1540.558974,False
202.975946,822,1541.34329,False
214.97292,848,1544.226573,False
214.453626,843,1544.847952,False
209.897291,843,1545.590988,False
206.828325,823,1548.564291,False
210.340617,830,1549.169413,False
203.199761,813,1551.927875,False
208.231933,819,1552.508592,False
199.782244,809,1553.103199,False
95.807062,440,1555.890239,False
197.015158,799,1556.489152,False
41.328248,360,1556.735644,False
45.335355,367,1557.008398,False
42.752233,356,1559.891126,False
43.920797,365,1560.197444,False
191.713709,779,1561.015531,False
45.524821,367,1561.287888,False
89.514656,425,1564.052296,False
41.63768,356,1564.361401,False
42.150619,363,1564.708334,False
194.923077,789,1565.308282,False
155.684834,573,1568.216852,False
45.986114,363,1568.605911,False
41.030144,358,1568.921349,False
39.756528,351,1569.171387,False
40.980418,358,1569.431204,False
40.157072,352,1569.681614,False
50.38519,372,1572.347735,False
44.42737,361,1572.708922,False
51.021921,371,1573.041282,False
91.284283,432,1573.358909,False
39.717965,358,1573.607221,False
51.314505,368,1576.517101,False
42.034766,359,1576.964085,False
196.562099,793,1577.547335,False
151.387628,568,1577.982384,False
528.651025,1172,1581.440806,False
7.262096,292,1581.666744,False
189.30156,781,1582.376967,False
186.613524,769,1585.564153,False
105.331293,460,1585.964028,False
72.493166,402,1586.321185,False
188.991725,772,1589.781505,False
148.520091,558,1590.888863,False
189.173736,773,1591.679531,False
45.364597,368,1592.014837,False
49.184529,370,1595.013307,False
120.20722,489,1595.421923,False
30.842824,347,1595.702826,False
187.511045,771,1596.335069,False
192.161135,769,1599.207233,False
41.500702,361,1599.768699,False
55.781025,375,1600.107211,False
43.25282,361,1600.382952,False
125.957514,498,1603.209764,False
48.331752,369,1603.501237,False
189.250167,759,1604.099068,False
196.674836,779,1606.952595,False
140.585245,541,1607.326373,False
190.589721,770,1607.831772,False
187.607753,759,1610.455245,False
183.071791,762,1610.942629,False
110.429176,469,1611.254123,False
170.270207,618,1611.673735,False
184.033696,751,1614.474419,False
137.192931,526,1614.900603,False
185.786946,770,1615.423672,False
181.840092,755,1618.09522,False
182.03961,762,1618.66725,False
43.946018,367,1619.002234,False
689.846867,1383,1622.404521,False
43.977858,365,1622.71211,False
186.904717,762,1625.443775,False
184.510332,756,1626.065169,False
187.686876,764,1626.64005,False
184.864747,762,1629.249451,False
111.682158,467,1629.713058,False
78.335016,921,1630.366068,False
24.466541,342,1632.783532,False
186.816449,762,1633.279791,False
97.97995,440,1633.557528,False
184.03488,753,1636.169988,False
186.079301,763,1636.678449,False
41.389546,361,1636.940238,False
185.044761,775,1637.431959,False
41.610641,363,1639.960962,False
191.210122,776,1640.472228,False
187.5011,776,1640.991599,False
186.876106,771,1643.68589,False
101.131067,448,1644.183195,False
33.018626,359,1644.459183,False
20.383423,319,1644.673736,False
47.211774,371,1644.963363,False
190.337952,776,1647.600756,False
188.83846,773,1648.136557,False
183.847648,767,1650.734224,False
197.04197,791,1651.263766,False
193.89318,801,1651.82313,False
194.397013,784,1654.566056,False
186.190272,781,1655.088967,False
187.712478,772,1657.792849,False
184.398397,770,1658.311827,False
181.765417,762,1658.862392,False
184.671355,778,1661.56493,False
180.050984,765,1662.139269,False
34.397339,374,1662.436184,False
184.084106,773,1665.110691,False
187.289977,791,1665.614301,False
184.452355,786,1666.120634,False
187.11732,799,1668.85918,False
184.900415,782,1669.363852,False
182.819136,778,1672.131836,False
188.425599,787,1672.735725,False
179.70117,774,1673.24592,False
182.519422,779,1675.986761,False
181.486522,782,1676.625699,False
162.983888,830,1677.173464,False
182.180661,787,1679.899083,False
178.953082,798,1680.494048,False
179.711239,771,1683.364418,False
181.744633,793,1683.910438,False
-1.396344,887,1684.658725,False
181.905771,786,1687.34935,False
183.775575,791,1687.852713,False
56.001567,444,1688.135529,False
184.5899,779,1690.822091,False
175.045403,781,1691.36333,False
180.787827,773,1694.097776,False
183.70877,795,1694.775554,False
182.031014,788,1695.302369,False
110.996735,483,1697.804642,False
27.795905,345,1698.038745,False
28.087429,346,1698.273863,False
25.176953,340,1698.516461,False
27.839816,348,1698.778279,False
29.806095,354,1699.08766,False
27.23703,341,1701.48082,False
25.145096,342,1701.72595,False
27.541304,342,1701.960224,False
29.862525,348,1702.204384,False
28.504722,346,1702.471479,False
-27.334817,249,1702.662233,False
28.586321,346,1705.081927,False
24.085658,346,1705.313686,False
28.475511,344,1705.544537,False
30.817986,346,1705.781466,False
28.779671,347,1706.025568,False
8.156214,340,1706.256888,False
29.811988,346,1708.821294,False
29.571632,352,1709.095356,False
28.148459,345,1709.321692,False
30.827672,353,1709.552566,False
28.402145,347,1709.789467,False
28.215595,348,1710.028105,False
29.62557,348,1712.630173,False
29.641104,352,1712.888544,False
28.749077,355,1713.136412,False
28.914075,351,1713.376501,False
27.595098,348,1713.615339,False
29.320835,347,1713.880151,False
24.79297,343,1716.79988,False
30.999306,348,1717.118384,False
7.295389,337,1717.399842,False
30.102371,358,1717.654461,False
29.763213,346,1717.883647,False
35.347953,362,1718.140502,False
29.841137,347,1720.680571,False
31.698964,358,1720.914926,False
27.838248,342,1721.17119,False
34.204401,358,1721.474175,False
29.520054,346,1721.733873,False
29.80392,347,1722.048564,False
30.689266,349,1724.54564,False
30.458189,349,1724.859157,False
16.83691,321,1725.088903,False
29.682106,354,1725.323079,False
25.326794,347,1725.547884,False
28.533755,353,1725.805781,False
29.667626,358,1728.411098,False
27.937823,345,1728.662245,False
29.647785,346,1728.899356,False
118.218549,515,1729.24001,False
31.80523,351,1729.468901,False
4.337562,292,1731.795994,False
30.232429,355,1732.062608,False
38.971346,363,1732.343002,False
31.065966,353,1732.655431,False
32.810596,357,1732.932325,False
36.73483,360,1733.195016,False
33.103121,359,1735.822192,False
37.208262,363,1736.174934,False
620.278426,1182,1737.133469,False
41.316415,366,1739.762144,False
102.521576,482,1740.130161,False
168.556271,744,1740.735502,False
880.861504,1240,1743.760278,False
115.702327,506,1744.175762,False
35.471973,358,1744.488988,False
97.016444,457,1744.80051,False
19.853508,333,1747.297498,False
171.125972,754,1748.011361,False
38.038388,366,1748.596355,False
44.684076,373,1748.906066,False
172.723765,764,1751.610177,False
16.515663,337,1751.864988,False
110.901407,492,1752.269209,False
10.957691,340,1752.61224,False
2.389036,889,1755.438622,False
38.780375,365,1755.693485,False
36.738995,363,1755.947754,False
96.237996,464,1756.272184,False
-25.146916,252,1756.444011,False
32.282061,359,1758.860124,False
92.386876,447,1759.175347,False
35.693857,356,1759.447781,False
36.296409,361,1759.726788,False
175.24931,766,1760.360405,False
35.623045,363,1762.910325,False
110.750153,486,1763.236414,False
42.050687,361,1763.48543,False
100.743363,458,1763.918828,False
36.488406,364,1764.253095,False
34.714972,362,1766.92641,False
41.200521,368,1767.217387,False
38.175982,361,1767.469822,False
23.386133,344,1767.692191,False
93.008607,446,1767.980562,False
38.804815,358,1770.56438,False
35.977321,355,1770.890992,False
33.817826,353,1771.171804,False
37.313683,361,1771.404028,False
33.101134,352,1771.627801,False
37.248437,362,1771.857083,False
86.749165,434,1774.44112,False
150.588586,578,1774.833569,False
39.25596,368,1775.069395,False
122.874344,517,1775.419275,False
33.796171,355,1778.089257,False
38.277036,364,1778.323414,False
9.621887,334,1778.546953,False
42.504435,368,1778.820732,False
119.848599,513,1779.15053,False
35.981727,359,1779.392715,False
123.324727,524,1782.250441,False
386.214164,1182,1783.092404,False
190.288601,811,1786.366305,False
183.453249,787,1786.955936,False
677.806714,1123,1789.954568,False
183.656648,786,1790.62746,False
180.655006,777,1791.126202,False
182.142792,773,1794.298877,False
179.500602,776,1794.908085,False
448.493061,1246,1798.199708,False
185.793349,794,1798.742661,False
181.066898,788,1801.426776,False
35.463968,364,1801.727394,False
184.886787,780,1802.341446,False
186.505393,790,1802.870277,False
180.5618,774,1805.455601,False
784.318301,1196,1806.28453,False
181.603148,770,1808.867307,False
185.565702,803,1809.441295,False
183.913702,788,1812.178812,False
3.78999,956,1812.812502,False
118.688437,516,1813.160291,False
94.440434,460,1815.628811,False
175.928413,776,1816.136595,False
29.969212,358,1816.361535,False
184.574825,775,1816.884698,False
174.352746,783,1819.54452,False
178.730806,777,1820.199186,False
471.322767,1203,1823.399141,False
179.092826,779,1824.024063,False
181.829263,792,1826.705083,False
181.230766,798,1827.291893,False
181.743187,789,1827.933712,False
30.230359,361,1830.311195,False
180.719243,798,1830.875644,False
180.103284,788,1831.469447,False
181.163398,791,1834.216609,False
26.919517,352,1834.447271,False
180.14725,794,1834.965156,False
183.955462,795,1837.72553,False
182.109576,787,1838.264755,False
182.414712,800,1838.88288,False
184.772085,802,1841.519302,False
188.02955,822,1842.098917,False
189.666954,810,1845.010596,False
184.504468,794,1845.955445,False
184.227335,797,1846.839784,False
183.57352,801,1849.927187,False
176.288919,783,1850.471969,False
181.391884,783,1853.153111,False
184.800908,813,1853.740724,False
180.406542,783,1854.382788,False
182.030507,777,1857.027385,False
32.651166,362,1857.263412,False
184.396206,792,1857.794393,False
181.381861,801,1860.481751,False
188.77332,810,1861.008359,False
182.42267,787,1861.551336,False
184.406218,809,1864.252028,False
182.003455,845,1864.863145,False
186.821214,837,1867.569319,False
181.459497,817,1868.093483,False
183.586499,828,1868.653438,False
182.191758,798,1871.941629,False
181.816865,813,1872.638051,False
179.552422,805,1875.40257,False
186.453415,811,1875.979975,False
185.297946,804,1876.552646,False
181.241479,809,1879.966774,False
177.952925,804,1880.530367,False
180.712545,818,1883.618013,False
184.157598,824,1884.291913,False
177.011652,804,1884.891462,False
176.106357,811,1887.952948,False
175.898084,797,1888.519616,False
178.41014,808,1891.671781,False
176.130256,804,1892.457606,False
179.377598,820,1893.116718,False
174.241302,802,1896.376986,False
180.388365,832,1897.043572,False
173.947436,809,1900.069604,False
172.463353,809,1900.703619,False
176.689022,818,1901.310229,False
174.441486,808,1904.245713,False
177.156554,796,1905.166888,False
9.095771,312,1905.495379,False
177.829649,817,1908.637605,False
179.036369,814,1909.347945,False
184.606187,835,1912.254687,False
184.093303,820,1912.844362,False
184.270804,828,1913.506206,False
175.712888,820,1916.723906,False
182.386498,819,1917.318055,False
178.632505,821,1920.42053,False
178.37026,825,1921.04779,False
173.754504,809,1921.661227,False
178.575069,838,1924.738874,False
175.143816,841,1925.435338,False
179.103541,855,1928.598825,False
152.713489,869,1929.220151,False
176.503104,841,1929.993758,False
170.208883,838,1933.218968,False
173.431605,839,1933.82377,False
178.017652,837,1937.041751,False
181.467954,829,1937.896628,False
181.251879,860,1938.649613,False
177.386914,833,1942.026077,False
178.083978,846,1942.713018,False
176.856477,834,1946.025608,False
169.157194,863,1946.686936,False
177.887706,825,1947.484025,False
173.367096,829,1950.767736,False
171.068522,814,1951.632727,False
172.696199,852,1954.892739,False
172.424591,811,1955.564602,False
170.073785,829,1958.915802,False
168.450996,789,1959.536972,False
167.581402,803,1960.341475,False
173.871101,809,1963.505709,False
167.30105,793,1964.032689,False
172.982656,808,1964.620178,False
98.324915,494,1967.076947,False
99.512802,504,1967.422873,False
387.190698,1116,1968.293902,False
169.742548,809,1970.970426,False
169.120496,794,1971.525853,False
166.756926,789,1974.154257,False
167.571411,790,1974.681196,False
164.613578,795,1975.205609,False
108.662554,524,1977.680324,False
21.026042,356,1977.985274,False
88.429226,476,1978.388775,False
23.878083,361,1978.630053,False
100.556061,495,1981.080182,False
169.889015,779,1981.57606,False
97.868158,495,1981.932595,False
81.824494,459,1982.307947,False
26.946289,363,1984.790855,False
75.353378,999,1985.425714,False
99.350376,500,1985.749635,False
22.48827,358,1985.996081,False
138.511087,600,1988.572626,False
163.302066,775,1989.088651,False
64.156655,417,1989.362894,False
22.397998,357,1989.608787,False
80.066994,453,1992.238008,False
5.961945,315,1992.489579,False
31.113611,368,1992.751292,False
170.363098,682,1993.177847,False
170.922256,793,1995.901781,False
28.248414,359,1996.15131,False
169.56134,799,1996.708205,False
24.656366,362,1999.187669,False
171.814916,849,1999.724618,False
170.802119,798,2000.240693,False
172.86202,808,2002.805546,False
170.963086,808,2003.33461,False
174.333104,812,2006.214623,False
178.735408,846,2006.772548,False
175.470089,812,2007.285936,False
165.886703,802,2009.895233,False
167.921699,787,2010.433192,False
167.16171,801,2011.057875,False
172.617772,807,2013.863456,False
176.074242,824,2014.451085,False
169.036911,825,2017.344587,False
175.144443,825,2017.917383,False
162.702068,653,2018.362836,False
174.133299,828,2021.135547,False
171.927904,804,2021.683208,False
174.686086,804,2024.219178,False
178.590005,826,2024.75573,False
179.479379,826,2025.42098,False
178.110289,838,2028.1539,False
173.177443,820,2028.70256,False
163.28796,816,2031.294668,False
169.805938,850,2031.84076,False
167.886619,799,2032.364233,False
181.560039,843,2035.159992,False
170.354751,836,2035.743608,False
167.998835,824,2038.533817,False
167.659295,805,2039.064902,False
173.215225,832,2039.599543,False
173.952543,827,2042.416095,False
162.980453,826,2043.010071,False
168.938165,825,2045.608938,False
169.967199,831,2046.155307,False
168.936167,827,2046.694643,False
169.15068,826,2049.445483,False
170.223065,842,2049.993576,False
171.142741,820,2052.686715,False
164.406245,811,2053.229462,False
169.735297,820,2053.790454,False
176.08288,817,2056.667982,False
175.673738,833,2057.198106,False
163.764651,812,2059.82792,False
170.92733,821,2060.391915,False
170.413464,817,2060.916422,False
170.022355,841,2063.685723,False
170.781443,816,2064.227341,False
168.663557,815,2066.892402,False
174.045708,830,2067.506225,False
174.492242,835,2068.178384,False
166.929335,816,2070.797442,False
171.031685,811,2071.327816,False
172.365938,831,2073.979269,False
450.472166,1170,2074.807302,False
165.724858,806,2077.508665,False
171.652485,828,2078.119596,False
168.640595,831,2078.673825,False
169.957014,816,2081.391916,False
171.414569,836,2081.924301,False
167.613569,825,2084.650174,False
169.761064,829,2085.308912,False
170.669633,839,2085.851787,False
158.259204,831,2088.969273,False
166.813046,824,2089.507996,False
164.199569,818,2092.29628,False
175.111635,829,2092.821964,False
169.436212,822,2093.36312,False
168.377201,814,2096.245517,False
171.748794,838,2096.845249,False
170.981302,837,2100.097555,False
171.733969,808,2100.753793,False
165.533722,830,2103.768889,False
165.446299,815,2104.309938,False
172.952163,837,2104.859922,False
163.68561,794,2107.726933,False
164.191911,812,2108.663969,False
171.876763,835,2112.275841,False
165.197518,820,2112.921458,False
166.796807,832,2113.558936,False
165.189892,836,2116.658787,False
171.401983,843,2117.357912,False
172.460939,817,2120.834158,False
171.776596,834,2121.539613,False
168.464124,854,2122.238202,False
170.35574,821,2125.329235,False
166.134141,857,2126.315721,False
166.53169,830,2129.358421,False
168.876152,836,2130.332,False
174.341445,849,2131.071098,False
160.951649,838,2134.099774,False
166.116316,802,2134.979845,False
158.873811,802,2138.109351,False
166.416034,807,2138.746223,False
6.039479,1058,2142.090649,False
163.364949,813,2142.848531,False
160.136635,796,2143.55985,False
168.243644,819,2146.538084,False
175.26576,829,2147.121936,False
160.086744,796,2147.89652,False
170.699442,802,2151.157293,False
166.772825,834,2151.770507,False
166.182207,822,2154.890706,False
172.93424,842,2155.542341,False
166.158196,805,2156.310317,False
160.987496,795,2159.462627,False
166.231686,814,2160.161672,False
163.912949,805,2163.333099,False
160.248009,776,2163.967463,False
162.068769,799,2164.603826,False
166.387756,815,2167.908522,False
169.437646,812,2168.641192,False
168.940692,825,2171.804941,False
162.100066,801,2172.382644,False
163.74595,814,2173.087838,False
166.886169,815,2176.661078,False
173.733221,813,2177.296013,False
166.550889,808,2180.486812,False
167.101791,814,2181.124501,False
161.649232,814,2181.701895,False
171.180128,847,2184.854088,False
171.917231,820,2185.480256,False
168.147182,836,2188.894697,False
166.645806,817,2189.569509,False
173.38983,841,2190.223107,False
172.429978,831,2193.376442,False
170.770657,824,2194.21216,False
156.844458,655,2196.970518,False
168.475655,806,2197.887604,False
170.945186,815,2198.580597,False
171.870405,804,2201.567151,False
171.511219,816,2202.208218,False
168.806059,792,2204.964127,False
75.406774,455,2205.383813,False
179.511106,596,2205.910621,False
69.330805,439,2206.446586,False
70.595882,444,2206.884761,False
178.4033,840,2209.776063,False
15.929544,353,2210.043465,False
169.243279,796,2210.785438,False
160.835194,669,2213.788152,False
173.305503,832,2214.573869,False
173.664446,822,2217.957086,False
169.007787,812,2218.558459,False
81.757377,465,2218.898864,False
171.909508,811,2221.844786,False
165.1305,787,2222.395747,False
168.546586,816,2222.979331,False
168.84659,805,2225.848928,False
174.074503,810,2226.42044,False
89.098283,486,2226.764219,False
173.349697,807,2229.941957,False
122.119401,568,2230.412635,False
3.773105,1170,2233.984062,False
107.984703,528,2234.547724,False
21.68976,362,2234.909429,False
71.854942,446,2235.281728,False
76.496907,469,2238.746481,False
174.61791,801,2239.568324,False
200.08488,784,2240.665256,False
75.373709,451,2244.25682,False
171.421719,832,2245.079819,False
167.241451,806,2245.894408,False
168.395645,801,2250.906756,False
165.409199,827,2251.55259,False
167.422275,816,2255.032209,False
173.748544,818,2255.823294,False
168.922833,816,2256.851321,False
168.83296,824,2260.074394,False
23.47801,362,2260.432185,False
13.644232,1174,2261.436196,False
169.998503,806,2264.740994,False
164.826748,802,2265.634947,False
172.015603,815,2268.871689,False
163.438053,799,2269.577791,False
168.453375,813,2270.233291,False
170.892816,825,2273.494473,False
19.769148,1238,2275.343274,False
58.18046,420,2278.43529,False
168.247076,820,2279.373826,False
164.363971,789,2280.690815,False
23.653409,365,2284.760443,False
164.7876,816,2285.61384,False
16.2742,354,2285.990571,False
172.382939,824,2290.028039,False
165.655176,806,2290.722587,False
171.960337,818,2291.796295,False
165.694605,818,2295.015168,False
168.198662,801,2295.812197,False
163.024678,806,2298.766279,False
168.002672,831,2299.375689,False
171.975755,841,2300.010572,False
167.345296,834,2303.021942,False
159.87802,835,2303.735329,False
172.303619,848,2307.088277,False
170.877895,840,2307.703802,False
171.865497,826,2308.305854,False
168.860263,847,2311.505164,False
168.09139,830,2312.328661,False
