#{"t_start": 1764916191.761003, "env_id": "None"}
r,l,t,success,semi_success
255.77667,276,0.79599,False,False
302.11606,328,0.96671,False,True
229.132037,245,1.097689,False,False
294.85335,320,1.274687,False,True
257.264261,277,1.439602,False,False
237.032853,254,1.568356,False,False
248.829518,268,1.700773,False,False
288.336007,310,1.850173,False,True
271.452612,292,2.005813,False,True
238.138472,256,2.133856,False,False
281.595608,303,2.283775,False,True
255.370325,275,2.423225,False,False
233.810709,251,2.555695,False,False
296.240922,321,2.710919,False,True
299.649434,327,6.841978,False,True
263.028847,284,7.021123,False,True
268.712824,292,7.167619,False,True
235.04095,253,7.30149,False,False
235.243915,252,7.436364,False,False
218.452558,235,7.557687,False,False
287.942346,313,7.751668,False,True
231.683621,249,7.89614,False,False
234.121203,252,8.031902,False,False
236.586629,254,8.177768,False,False
294.874297,315,8.341719,False,True
263.268856,282,8.48237,False,False
261.60573,283,8.623052,False,True
255.575558,275,8.758302,False,False
279.984391,304,8.905985,False,True
226.546047,241,13.115765,False,False
284.359761,307,13.295139,False,True
234.380946,252,13.455367,False,False
274.04525,292,13.608734,False,False
396.381363,426,13.90467,False,False
235.601838,251,14.026306,False,False
242.55644,261,14.153626,False,False
301.92094,326,14.322995,False,True
241.589063,259,14.452198,False,False
256.825195,276,14.589775,False,False
262.687655,284,14.727602,False,True
300.167864,325,14.884717,False,True
295.880089,320,15.037366,False,True
240.922674,259,15.165025,False,False
258.274312,278,19.203319,False,False
248.498222,267,19.350683,False,False
268.454383,286,19.502594,False,False
260.327939,277,19.640069,False,False
228.651133,246,19.777326,False,False
257.515933,276,19.937511,False,False
285.164561,307,20.114982,False,True
263.756738,285,20.296861,False,True
246.261151,264,20.47222,False,False
279.931929,298,20.635644,False,False
267.464149,288,20.782301,False,True
288.790766,312,20.939017,False,True
260.305012,279,21.080952,False,False
297.832148,322,21.239529,False,True
247.762954,265,25.227781,False,False
260.697157,278,25.375015,False,False
233.136435,250,25.498038,False,False
266.520386,286,25.668204,False,False
313.238765,337,25.86994,False,True
265.297242,286,26.025877,False,False
279.048163,298,26.176256,False,True
254.566734,273,26.310368,False,False
245.243973,263,26.445242,False,False
241.345573,259,26.611651,False,False
274.824339,292,26.765657,False,False
306.8233,329,26.939588,False,True
237.812919,255,27.069045,False,False
249.455806,268,27.230777,False,False
233.725274,250,27.386543,False,False
282.40715,304,31.42555,False,True
246.631129,265,31.569515,False,False
277.428434,297,31.722875,False,False
324.699336,346,31.901201,False,True
248.481826,267,32.036905,False,False
296.91496,318,32.228087,False,True
243.048474,260,32.370127,False,False
277.001767,298,32.542744,False,True
246.036099,264,32.704071,False,False
265.979615,284,32.865263,False,False
294.191091,316,33.067733,False,True
227.043327,244,33.201928,False,False
222.496928,240,33.342523,False,False
252.184128,270,33.483883,False,False
313.472603,337,37.449387,False,True
252.446076,268,37.585373,False,False
290.193269,312,37.74668,False,True
223.606961,239,37.862867,False,False
344.358958,366,38.043843,False,True
252.83678,271,38.17444,False,False
242.99716,259,38.303846,False,False
231.628173,248,38.429569,False,False
296.773868,319,38.588654,False,True
244.394904,261,38.717495,False,False
294.191752,317,38.879809,False,True
255.397492,273,39.065224,False,False
245.527861,262,39.194311,False,False
314.768966,338,39.361578,False,True
246.309527,263,43.310586,False,False
250.870875,267,43.474019,False,False
238.758042,255,43.62053,False,False
291.327807,314,43.785616,False,True
231.452448,246,43.911796,False,False
304.416846,328,44.082743,False,True
242.727396,259,44.210767,False,False
234.914837,251,44.331725,False,False
254.415712,272,44.471311,False,False
240.205431,257,44.64168,False,False
243.618036,260,44.779407,False,False
286.182938,308,44.953099,False,True
252.078713,269,45.127766,False,False
236.046628,252,45.473421,False,False
335.090232,359,45.759396,False,True
259.707143,278,49.772993,False,False
288.861789,311,49.973402,False,True
265.119554,283,50.138407,False,False
283.944937,306,50.306832,False,True
299.043144,323,50.475289,False,True
251.893318,270,50.646753,False,False
249.236947,266,50.786917,False,False
300.545543,324,50.94815,False,True
252.91842,270,51.102734,False,False
243.407041,261,51.271232,False,False
273.649606,292,51.415879,False,False
305.224422,330,51.581255,False,True
253.061564,271,51.719791,False,False
271.643104,291,51.860531,False,False
292.410275,315,55.844212,False,True
260.339894,280,56.002697,False,False
238.158923,254,56.136295,False,False
241.996472,257,56.261949,False,False
262.668193,282,56.405778,False,False
307.571934,331,56.574944,False,True
246.27915,265,56.705198,False,False
233.206722,250,56.826715,False,False
233.392604,249,56.952,False,False
234.964702,250,57.11408,False,False
242.091613,259,57.251401,False,False
249.00475,267,57.39262,False,False
276.503548,296,57.541212,False,False
261.542592,280,57.679104,False,False
296.983048,320,57.838157,False,True
305.285756,326,61.839291,False,True
246.108348,263,61.969636,False,False
286.902917,308,62.121235,False,True
274.797453,295,62.29378,False,False
274.591815,294,62.457083,False,False
304.450269,327,62.626928,False,True
233.191495,249,62.748196,False,False
310.494442,336,62.910951,False,True
288.176304,310,63.062379,False,True
244.332998,261,63.189254,False,False
317.232387,340,63.358149,False,True
229.252762,245,63.477603,False,False
277.881099,299,63.635099,False,True
244.804826,261,63.762746,False,False
277.341571,297,67.741759,False,False
285.179423,305,67.946612,False,False
289.897394,313,68.114914,False,True
331.229388,360,68.303023,False,True
236.042327,252,68.43331,False,False
250.608208,267,68.570714,False,False
255.727167,275,68.71162,False,False
234.716819,251,68.841822,False,False
240.83085,258,68.967913,False,False
241.66554,258,69.096977,False,False
283.249731,304,69.251003,False,True
244.513388,261,69.382591,False,False
263.697987,283,69.52132,False,False
277.694253,299,69.678601,False,True
266.300921,282,73.6737,False,False
244.036548,261,73.813319,False,False
288.74241,310,73.965939,False,True
237.408943,254,74.095299,False,False
227.83239,243,74.222726,False,False
312.887717,336,74.395503,False,True
267.957355,285,74.53496,False,False
278.780104,299,74.681516,False,False
268.039956,286,74.821584,False,False
242.382984,259,74.947958,False,False
264.962099,283,75.086608,False,False
298.289808,320,75.247901,False,True
252.837421,270,75.380394,False,False
235.602398,251,75.501468,False,False
249.811993,267,75.64163,False,False
295.225208,317,79.69526,False,True
242.607208,260,79.836851,False,False
247.17837,265,80.0263,False,False
237.714481,256,80.176225,False,False
284.567802,308,80.343539,False,True
251.075987,268,80.478951,False,False
233.340006,248,80.612408,False,False
243.904791,262,80.750779,False,False
349.346076,373,80.942001,False,True
247.007971,265,81.079299,False,False
250.399538,267,81.213577,False,False
231.345083,248,81.34797,False,False
239.312097,256,81.48306,False,False
270.963068,291,81.630555,False,True
275.358752,295,81.776617,False,False
251.673588,269,85.689486,False,False
243.744869,259,85.841224,False,False
255.316867,274,85.979192,False,False
359.581944,387,86.18516,False,False
255.242107,274,86.323596,False,False
301.672676,324,86.524602,False,True
245.465246,262,86.679802,False,False
276.818443,296,86.83544,False,True
313.350056,336,87.043415,False,True
238.072483,253,87.178687,False,False
236.484078,252,87.307963,False,False
230.701512,246,87.428962,False,False
299.348739,321,87.592777,False,True
248.808928,265,87.723107,False,False
262.819617,282,91.721518,False,False
241.207364,257,91.876696,False,False
355.211801,379,92.071987,False,False
313.501473,336,92.250586,False,True
257.92394,276,92.408508,False,False
236.694104,252,92.53515,False,False
270.940915,290,92.686208,False,False
285.297083,306,92.839324,False,True
245.281019,261,92.967036,False,False
310.122305,334,93.136438,False,True
292.048297,314,93.287937,False,True
256.502747,275,93.424306,False,False
238.185495,254,93.553243,False,False
237.205194,253,93.676522,False,False
263.091229,280,97.649551,False,False
313.299381,335,97.83793,False,True
290.045793,313,98.009587,False,True
235.348767,250,98.140137,False,False
278.727971,299,98.293564,False,False
238.702803,254,98.465882,False,False
245.185236,263,98.611222,False,False
239.055445,256,98.753184,False,False
244.173003,260,98.885125,False,False
306.80631,331,99.048573,False,True
274.537938,294,99.192584,False,False
234.137869,249,99.315718,False,False
303.824366,327,99.475954,False,True
240.103875,256,99.601384,False,False
237.078626,253,99.725444,False,False
332.870445,358,103.808343,False,True
328.923239,353,104.002812,False,True
387.105439,409,104.208766,False,False
283.175951,303,104.357731,False,True
289.560218,310,104.508363,False,True
247.966594,263,104.650508,False,False
277.746833,298,104.797133,False,True
243.122485,260,104.925899,False,False
242.775278,260,105.054441,False,False
235.135701,251,105.175839,False,False
285.615463,308,105.325531,False,True
249.040841,267,105.457531,False,False
252.855205,270,105.592446,False,False
245.041922,262,109.535247,False,False
274.163714,295,109.687738,False,True
250.69225,268,109.819928,False,False
240.420471,258,109.945164,False,False
304.867509,327,110.117916,False,True
249.886555,267,110.254268,False,False
281.99463,304,110.40974,False,True
289.565007,309,110.565481,False,False
301.044124,323,110.732521,False,True
235.36733,251,110.867923,False,False
243.895873,261,111.0256,False,False
237.539627,253,111.193421,False,False
245.674345,263,111.363117,False,False
245.748162,261,111.556886,False,False
316.466045,340,111.743816,False,True
249.220291,266,115.675145,False,False
262.833075,282,115.816164,False,False
301.826029,324,115.98362,False,True
238.533889,254,116.112946,False,False
227.724924,242,116.235999,False,False
263.561094,280,116.378128,False,False
252.213556,269,116.512415,False,False
252.942562,270,116.650703,False,False
292.508221,314,116.823232,False,True
253.050402,272,117.004138,False,False
345.224507,375,117.191505,False,True
405.341374,435,117.408498,False,False
279.103497,299,117.559702,False,False
256.210543,274,121.495983,False,False
254.369556,273,121.642108,False,False
290.031939,311,121.805059,False,True
240.704224,256,121.966008,False,False
235.202016,251,122.105577,False,False
266.433419,284,122.24717,False,False
247.993214,265,122.380314,False,False
310.852025,335,122.548836,False,True
244.147789,260,122.680118,False,False
240.301822,255,122.805937,False,False
250.106066,267,122.938453,False,False
285.589102,305,123.099522,False,False
248.640565,266,123.237847,False,False
244.795784,261,123.365175,False,False
243.597147,260,123.493991,False,False
281.642491,302,127.515971,False,False
246.765888,263,127.64869,False,False
236.005421,252,127.773016,False,False
285.425575,306,127.921128,False,True
286.402726,305,128.070419,False,False
251.699928,268,128.218594,False,False
303.469211,327,128.394456,False,True
287.85839,309,128.554653,False,True
351.78224,379,128.783473,False,False
242.57338,258,128.939834,False,False
277.079326,298,129.095093,False,True
239.827292,255,129.234346,False,False
244.093488,260,129.365312,False,False
451.335713,470,129.59871,False,False
277.344322,297,133.606498,False,False
314.281512,340,133.7741,False,True
279.736596,299,133.936885,False,False
245.80103,261,134.081735,False,False
291.198275,312,134.278221,False,True
252.99792,270,134.454083,False,False
295.344355,317,134.613077,False,True
288.468103,311,134.767184,False,True
284.383878,305,134.916586,False,True
249.396557,267,135.050914,False,False
255.543786,272,135.184887,False,False
262.971257,281,135.322114,False,False
281.238185,301,135.483318,False,False
293.614463,314,135.640148,False,True
251.061043,266,139.708285,False,False
296.543705,318,139.868714,False,True
247.626761,264,139.99758,False,False
261.699138,279,140.138021,False,False
333.413099,358,140.314606,False,True
310.657712,334,140.479939,False,True
242.441062,258,140.607323,False,False
236.733757,251,140.731361,False,False
243.69743,260,140.855408,False,False
250.286167,267,140.9863,False,False
262.997022,281,141.125255,False,False
251.721629,268,141.267047,False,False
279.965258,301,141.418825,False,True
251.504617,269,141.564347,False,False
302.630909,324,145.567911,False,True
252.213697,269,145.733836,False,False
257.920263,274,145.869986,False,False
277.501876,298,146.015765,False,False
310.007598,331,146.182034,False,True
310.147733,333,146.380815,False,True
314.01091,334,146.619112,False,True
233.433405,248,146.74462,False,False
286.106441,306,146.947229,False,False
281.10909,302,147.126089,False,True
245.883912,262,147.267721,False,False
288.540758,309,147.422389,False,False
247.38325,263,147.552779,False,False
244.851157,261,147.687908,False,False
299.978384,319,151.68021,False,False
244.747647,260,151.833945,False,False
247.40789,262,151.975653,False,False
288.000924,307,152.129818,False,False
290.967115,312,152.284051,False,True
254.816472,271,152.418353,False,False
267.425749,284,152.555008,False,False
288.94896,309,152.719765,False,False
250.820497,268,152.883137,False,False
253.170925,269,153.016632,False,False
288.265374,306,153.175715,False,False
260.262128,277,153.313499,False,False
296.175697,316,153.4693,False,False
248.257721,264,153.598115,False,False
254.556832,270,157.522628,False,False
249.821565,266,157.688785,False,False
310.167477,331,157.861359,False,True
293.609756,314,158.028002,False,True
298.727659,321,158.186492,False,True
273.638556,292,158.329592,False,False
298.791081,320,158.48507,False,True
283.580673,304,158.636231,False,False
233.870613,248,158.757483,False,False
248.78641,265,158.88574,False,False
244.350339,260,159.013039,False,False
289.137487,311,159.1675,False,True
240.168966,254,159.293139,False,False
300.790812,321,159.449306,False,True
242.197303,256,163.399054,False,False
267.780537,285,163.54474,False,False
246.344976,262,163.680236,False,False
328.766165,355,163.855346,False,True
298.691948,319,164.011657,False,True
249.783544,266,164.156603,False,False
302.039324,324,164.320444,False,True
303.268911,326,164.487156,False,True
235.794851,251,164.610715,False,False
276.76904,296,164.7631,False,False
277.556857,299,164.908222,False,True
246.294583,262,165.035975,False,False
315.199566,339,165.203487,False,True
292.22003,313,165.352448,False,True
246.554922,262,169.318626,False,False
239.247021,254,169.4496,False,False
321.741662,346,169.627576,False,True
248.863009,265,169.799642,False,False
323.079802,348,169.993409,False,True
254.552991,272,170.135418,False,False
283.122972,303,170.298089,False,False
279.616747,298,170.445833,False,False
259.420514,277,170.581936,False,False
250.598171,268,170.712151,False,False
246.633968,264,170.839456,False,False
312.577,335,171.004691,False,True
312.017406,336,171.167186,False,True
245.712343,262,171.29631,False,False
243.255179,256,175.207085,False,False
251.622532,269,175.344883,False,False
242.82131,258,175.474294,False,False
255.66558,273,175.608891,False,False
305.105383,328,175.770769,False,True
235.973433,250,175.891215,False,False
288.25172,309,176.041053,False,True
262.560194,281,176.180649,False,False
250.045778,268,176.310672,False,False
276.436949,299,176.464904,False,True
242.80413,258,176.604043,False,False
242.90601,258,176.734429,False,False
242.699023,260,176.862019,False,False
282.226179,301,177.013229,False,False
250.693167,267,177.146056,False,False
247.833227,265,181.047428,False,False
240.393358,256,181.177518,False,False
236.100038,250,181.301229,False,False
269.383409,288,181.440276,False,False
255.780869,273,181.582918,False,False
252.478846,268,181.738398,False,False
286.309186,307,181.890831,False,True
252.079045,270,182.025624,False,False
248.452116,262,182.161508,False,False
252.628759,267,182.297931,False,False
296.38484,320,182.457445,False,True
312.075689,336,182.633035,False,True
252.772898,269,182.76741,False,False
311.712949,334,182.928728,False,True
251.581629,267,186.882442,False,False
266.467,283,187.031583,False,False
248.301681,265,187.208278,False,False
299.321851,320,187.374553,False,True
301.589447,325,187.543811,False,True
312.853774,338,187.713494,False,True
241.257475,257,187.837058,False,False
242.938104,260,187.963125,False,False
319.500951,342,188.132235,False,True
233.742918,248,188.253003,False,False
263.780887,280,188.393887,False,False
246.088779,261,188.540306,False,False
323.74252,350,188.771598,False,True
241.39311,254,188.947848,False,False
303.477083,323,192.953417,False,True
248.522522,264,193.08825,False,False
251.684532,268,193.262891,False,False
340.070319,367,193.460093,False,False
298.439267,319,193.627788,False,True
305.836714,328,193.821168,False,True
279.984882,299,193.984211,False,False
319.348792,340,194.150517,False,True
252.823813,269,194.283278,False,False
296.033169,314,194.43499,False,False
294.325727,315,194.589028,False,True
294.98814,317,194.742413,False,True
248.787658,265,194.875761,False,False
251.388317,267,195.0113,False,False
248.125445,265,199.002912,False,False
311.711172,335,199.190513,False,True
256.584475,273,199.341138,False,False
252.134629,267,199.473692,False,False
251.356745,268,199.609474,False,False
244.646568,258,199.73822,False,False
280.421126,300,199.884168,False,False
255.691673,271,200.012748,False,False
307.429992,331,200.185133,False,True
286.295558,306,200.334145,False,False
249.877385,266,200.462643,False,False
301.137047,323,200.620711,False,True
249.398105,266,200.751426,False,False
244.570274,258,200.881269,False,False
250.848214,268,204.865915,False,False
264.120988,283,205.005919,False,False
250.211271,266,205.147302,False,False
248.834485,265,205.282571,False,False
278.617233,299,205.426384,False,False
294.528418,315,205.598907,False,True
318.231796,342,205.814851,False,True
243.568819,259,205.965076,False,False
245.434842,261,206.152476,False,False
269.131717,287,206.31361,False,False
268.033946,286,206.457883,False,False
245.668845,262,206.593767,False,False
333.409053,352,206.773969,False,True
246.673254,264,206.913354,False,False
247.180147,263,207.047642,False,False
252.510549,271,210.986448,False,False
257.792599,275,211.129929,False,False
289.699628,310,211.291846,False,True
248.691259,264,211.426318,False,False
292.041845,312,211.58356,False,True
256.33726,272,211.749449,False,False
288.124857,309,211.926938,False,True
240.203911,256,212.066074,False,False
312.026833,336,212.257466,False,True
344.703767,366,212.435534,False,True
277.499991,297,212.582767,False,False
316.136841,339,212.750641,False,True
256.166749,273,212.881016,False,False
244.024677,258,213.00348,False,False
282.246308,302,216.970501,False,False
246.871782,263,217.138695,False,False
277.01804,297,217.300631,False,False
294.726641,316,217.466602,False,True
258.154409,275,217.609302,False,False
270.283765,287,217.749432,False,False
238.229014,253,217.871052,False,False
244.436692,258,217.998965,False,False
252.310534,268,218.13541,False,False
250.223113,265,218.270366,False,False
252.531607,270,218.410235,False,False
247.07837,263,218.541271,False,False
309.745688,330,218.707202,False,True
287.140953,307,218.855922,False,False
310.05438,332,222.889986,False,True
269.710162,288,223.030418,False,False
243.725112,259,223.15875,False,False
302.751395,322,223.319957,False,False
293.390415,313,223.481998,False,False
286.098447,304,223.671616,False,False
264.472767,280,223.831903,False,False
256.077239,271,223.974487,False,False
259.464226,275,224.13736,False,False
280.935995,300,224.31843,False,False
289.437412,309,224.483067,False,False
255.180176,271,224.618023,False,False
315.495051,337,224.785616,False,True
251.654207,268,224.915367,False,False
310.039665,330,228.921049,False,True
254.610334,270,229.051669,False,False
258.384305,275,229.189694,False,False
265.869438,283,229.327252,False,False
311.152916,329,229.486592,False,False
263.651358,281,229.622855,False,False
255.306177,269,229.777758,False,False
248.249517,263,229.916793,False,False
256.630534,272,230.058783,False,False
247.858644,264,230.235298,False,False
258.815146,274,230.39221,False,False
292.48588,313,230.575681,False,True
257.297404,274,230.715332,False,False
286.868542,307,231.011061,False,False
280.643815,299,235.10361,False,False
259.618019,275,235.255706,False,False
252.826978,267,235.400358,False,False
262.702225,278,235.552524,False,False
293.075074,311,235.719943,False,False
296.843773,315,235.893121,False,False
255.540081,270,236.048983,False,False
253.250431,268,236.195407,False,False
301.446228,320,236.364939,False,False
298.507495,317,236.555436,False,False
254.926534,271,236.707182,False,False
286.263127,304,236.874685,False,False
275.264329,293,237.042161,False,False
284.80964,304,237.218789,False,False
250.750003,265,241.713134,False,False
261.239182,275,241.894628,False,False
269.475887,287,242.065341,False,False
261.718229,277,242.236328,False,False
291.960536,309,242.408365,False,False
298.378617,317,242.587985,False,False
253.648812,270,242.732881,False,False
332.868216,349,242.922953,False,True
302.390424,321,243.095808,False,False
276.777254,293,243.252157,False,False
256.990626,272,243.396443,False,False
263.312749,279,243.543379,False,False
274.303021,290,243.713713,False,False
289.403801,307,243.988056,False,False
303.515184,321,248.432712,False,False
277.030601,294,248.594458,False,False
253.568995,269,248.738016,False,False
288.730604,308,248.903806,False,False
260.835129,276,249.054707,False,False
258.05407,273,249.19969,False,False
277.887982,294,249.357842,False,False
281.565896,298,249.515851,False,False
259.48778,274,249.661199,False,False
292.997093,310,249.829289,False,False
261.209181,277,249.977322,False,False
266.812319,283,250.125707,False,False
255.341508,271,250.270875,False,False
255.5403,270,250.426509,False,False
277.084562,293,250.585748,False,False
292.006372,309,255.028163,False,False
278.09166,296,255.1848,False,False
298.653808,317,255.355181,False,False
260.984131,276,255.502616,False,False
353.564426,377,255.704258,False,True
262.237669,278,255.853837,False,False
305.34132,324,256.027138,False,False
285.971834,303,256.187354,False,False
254.698918,268,256.331565,False,False
285.13747,302,256.506766,False,False
258.46518,273,256.656606,False,False
298.772245,316,256.832281,False,False
274.903805,291,256.990759,False,False
256.312419,271,261.433034,False,False
298.394267,314,261.632471,False,False
271.488529,287,261.821888,False,False
265.530145,281,261.987022,False,False
312.71081,332,262.166286,False,False
287.583898,305,262.331209,False,False
264.485057,280,262.479899,False,False
277.043477,292,262.639907,False,False
263.600284,279,262.798414,False,False
250.237093,265,262.939355,False,False
292.767614,310,263.10459,False,False
317.455432,337,263.2823,False,True
262.071145,277,263.43239,False,False
253.519586,267,263.575369,False,False
261.291454,276,268.025683,False,False
295.780849,313,268.195641,False,False
310.946483,326,268.370849,False,False
279.476322,296,268.530326,False,False
262.238859,277,268.678411,False,False
263.347344,279,268.840085,False,False
286.966518,303,269.005011,False,False
287.806102,304,269.168692,False,False
296.806118,314,269.335111,False,False
280.613094,297,269.492415,False,False
269.511374,285,269.644207,False,False
291.643056,307,269.806861,False,False
267.89923,282,269.957014,False,False
264.699435,281,270.1073,False,False
281.585845,298,274.549568,False,False
296.200242,312,274.718197,False,False
290.095313,306,274.880804,False,False
256.623198,270,275.036777,False,False
290.096894,307,275.201383,False,False
266.293008,281,275.350978,False,False
279.344296,295,275.509071,False,False
261.997417,277,275.658324,False,False
262.902333,277,275.8057,False,False
278.32411,295,275.962507,False,False
298.159666,316,276.128708,False,False
269.17245,284,276.287669,False,False
299.107144,315,276.455892,False,False
286.476141,302,276.62729,False,False
271.208356,286,281.220876,False,False
285.608186,301,281.4115,False,False
264.76079,279,281.567995,False,False
284.321719,301,281.756082,False,False
267.274914,282,281.951358,False,False
284.856888,302,282.130672,False,False
300.472883,318,282.309587,False,False
289.283396,306,282.47335,False,False
262.524588,277,282.622058,False,False
274.00488,288,282.778458,False,False
307.849564,325,282.952878,False,False
276.730316,292,283.1125,False,False
286.368498,301,283.298887,False,False
268.926062,284,283.482356,False,False
271.529574,286,288.313048,False,False
276.570467,292,288.496053,False,False
276.232254,291,288.687081,False,False
258.903958,272,288.856302,False,False
282.930491,298,289.035067,False,False
287.445085,304,289.222117,False,False
290.39065,306,289.402678,False,False
291.006217,306,289.592847,False,False
282.975438,298,289.766449,False,False
287.442353,303,289.983015,False,False
277.656023,292,290.160519,False,False
280.274203,295,290.340437,False,False
294.594041,309,290.522814,False,False
290.474929,306,295.087715,False,False
284.708328,299,295.270895,False,False
298.677843,314,295.454322,False,False
281.192893,296,295.635736,False,False
271.496428,287,295.800349,False,False
286.627045,301,295.96714,False,False
288.758108,305,296.137108,False,False
258.241597,272,296.288738,False,False
275.782073,290,296.450216,False,False
276.556705,292,296.615832,False,False
285.661848,300,296.784868,False,False
293.240087,310,296.956313,False,False
300.044825,315,297.134411,False,False
286.610779,303,297.315885,False,False
271.987642,287,301.799847,False,False
274.504382,290,301.990816,False,False
284.151705,299,302.164187,False,False
278.88733,293,302.357151,False,False
270.319813,284,302.538251,False,False
283.692262,298,302.707528,False,False
292.661137,308,302.889314,False,False
283.01818,298,303.063443,False,False
277.489621,293,303.236303,False,False
275.513823,290,303.399009,False,False
290.755418,306,303.56757,False,False
289.431797,303,303.733924,False,False
290.656637,306,303.912477,False,False
276.96963,292,304.074222,False,False
289.433839,306,308.588204,False,False
284.70731,301,308.767133,False,False
293.073607,309,308.94892,False,False
276.854563,291,309.110733,False,False
275.921508,290,309.275034,False,False
284.511508,299,309.438249,False,False
279.62785,294,309.601004,False,False
269.889935,283,309.75806,False,False
294.266105,308,309.932206,False,False
288.333349,304,310.113012,False,False
278.365798,292,310.275097,False,False
268.291937,283,310.435539,False,False
273.805437,289,310.596938,False,False
289.32113,305,310.768592,False,False
278.309525,293,315.22399,False,False
269.413426,284,315.387334,False,False
300.381965,317,315.564853,False,False
286.95772,301,315.729762,False,False
288.677379,304,315.902972,False,False
283.529018,297,316.064974,False,False
283.145347,297,316.240039,False,False
296.437782,311,316.414727,False,False
269.422522,282,316.581565,False,False
295.080117,310,316.75604,False,False
271.981081,286,316.927863,False,False
283.66575,299,317.094757,False,False
266.881128,281,317.260582,False,False
281.710549,297,317.432441,False,False
284.58378,299,321.886687,False,False
282.027294,297,322.06816,False,False
282.736599,298,322.24811,False,False
271.098036,284,322.450265,False,False
287.920966,304,322.626484,False,False
295.553746,311,322.801602,False,False
278.56177,293,322.96796,False,False
274.930735,289,323.133688,False,False
300.712764,315,323.320916,False,False
273.320017,288,323.491517,False,False
291.519581,308,323.666445,False,False
286.83225,301,323.837494,False,False
296.659487,312,324.016826,False,False
286.276802,301,328.519911,False,False
285.398672,300,328.692877,False,False
279.609274,294,328.862275,False,False
273.280077,287,329.022248,False,False
294.691213,309,329.200309,False,False
285.231623,300,329.368573,False,False
279.215328,292,329.530249,False,False
281.299325,296,329.698608,False,False
291.871408,307,329.868551,False,False
295.756413,311,330.042468,False,False
287.779488,302,330.210004,False,False
303.18479,317,330.384229,False,False
283.847307,298,330.557604,False,False
283.958227,298,330.722827,False,False
280.157919,294,335.215405,False,False
283.855871,295,335.404499,False,False
296.885738,311,335.602311,False,False
298.391799,313,335.782578,False,False
288.615362,303,335.960951,False,False
285.232331,300,336.145615,False,False
283.931169,299,336.314775,False,False
284.628972,298,336.480804,False,False
292.543957,306,336.653626,False,False
293.015158,307,336.846835,False,False
280.23228,294,337.023338,False,False
283.06507,298,337.201922,False,False
288.471603,303,337.37995,False,False
276.652587,291,341.94534,False,False
275.161572,289,342.120143,False,False
291.622857,306,342.335013,False,False
290.185866,305,342.525447,False,False
283.073838,298,342.694878,False,False
285.206572,299,342.873137,False,False
297.445272,311,343.067299,False,False
278.042814,292,343.246959,False,False
281.18355,296,343.423084,False,False
291.49872,306,343.612204,False,False
284.404709,299,343.799528,False,False
297.067083,313,343.982923,False,False
287.167685,302,344.157613,False,False
286.119981,301,344.329834,False,False
291.109673,306,348.85304,False,False
276.358273,290,349.019228,False,False
287.166092,301,349.206165,False,False
286.000422,299,349.385044,False,False
278.586654,290,349.548575,False,False
281.738044,295,349.714276,False,False
281.094283,295,349.87789,False,False
301.587331,315,350.060046,False,False
287.085414,301,350.236103,False,False
281.099054,295,350.403048,False,False
289.558441,304,350.573927,False,False
276.951364,290,350.739171,False,False
280.711308,295,350.904444,False,False
281.319503,296,351.071281,False,False
290.790271,305,355.560339,False,False
277.479493,291,355.728735,False,False
289.916195,305,355.911908,False,False
291.146567,305,356.080371,False,False
278.573716,292,356.242638,False,False
279.338737,293,356.40478,False,False
271.972175,286,356.566034,False,False
281.326282,294,356.729714,False,False
288.970882,304,356.898901,False,False
280.592184,293,357.059754,False,False
292.92973,307,357.228347,False,False
273.082567,286,357.403108,False,False
278.318367,293,357.565307,False,False
284.070356,298,357.736105,False,False
290.84515,306,362.212816,False,False
287.924634,302,362.389684,False,False
299.747718,314,362.569382,False,False
285.429717,300,362.745692,False,False
277.377362,291,362.928757,False,False
283.719947,297,363.100938,False,False
288.161649,303,363.305295,False,False
287.96183,303,363.503519,False,False
295.458574,310,363.682712,False,False
292.066715,307,363.869136,False,False
285.664474,300,364.045462,False,False
291.443417,306,364.224658,False,False
292.173388,306,364.40199,False,False
297.46326,312,368.892162,False,False
287.215532,301,369.066671,False,False
287.27321,302,369.247353,False,False
287.943338,302,369.422533,False,False
294.785117,309,369.597021,False,False
288.946514,303,369.773004,False,False
275.991429,290,369.935799,False,False
283.886752,298,370.101301,False,False
291.41369,305,370.271468,False,False
293.577923,308,370.44435,False,False
284.514506,298,370.610521,False,False
275.919496,290,370.772006,False,False
280.519082,295,370.938201,False,False
279.568461,292,371.106992,False,False
285.25799,299,375.574385,False,False
276.643859,291,375.738271,False,False
294.498445,310,375.923991,False,False
285.686067,300,376.09169,False,False
271.587391,285,376.252583,False,False
291.540779,307,376.419692,False,False
282.402551,297,376.586514,False,False
293.282626,308,376.758878,False,False
287.527563,302,376.92802,False,False
288.979973,305,377.096406,False,False
284.006163,297,377.260269,False,False
294.915233,310,377.43502,False,False
291.561979,305,377.6083,False,False
281.955227,297,382.124473,False,False
281.996151,297,382.311399,False,False
300.371826,314,382.492858,False,False
298.936554,314,382.679611,False,False
295.601522,310,382.862803,False,False
261.223355,274,383.021066,False,False
288.037846,304,383.195564,False,False
304.158271,320,383.379693,False,False
281.683363,296,383.546426,False,False
284.412802,299,383.733158,False,False
277.023022,291,383.906887,False,False
282.93461,297,384.088703,False,False
281.585754,296,384.259759,False,False
292.595589,308,384.437103,False,False
288.773992,303,389.005916,False,False
285.77764,300,389.178672,False,False
275.656555,289,389.34304,False,False
281.985679,296,389.511694,False,False
281.35665,296,389.681319,False,False
273.283107,288,389.846005,False,False
293.246639,308,390.017508,False,False
288.302817,302,390.189978,False,False
306.243438,320,390.372211,False,False
278.825205,293,390.536846,False,False
273.981018,288,390.695355,False,False
292.02753,306,390.866321,False,False
290.487542,306,391.036739,False,False
280.184283,294,391.197668,False,False
283.085636,297,395.675055,False,False
284.691178,299,395.844657,False,False
280.481637,296,396.011973,False,False
274.425782,288,396.173079,False,False
291.601427,307,396.347412,False,False
290.836389,304,396.524762,False,False
284.079846,299,396.693228,False,False
289.705917,304,396.863918,False,False
271.862575,287,397.025806,False,False
280.292822,295,397.195285,False,False
289.355643,303,397.367091,False,False
279.066896,293,397.531577,False,False
284.514599,300,397.700334,False,False
280.579562,295,402.18512,False,False
294.799028,310,402.371941,False,False
289.131527,303,402.559488,False,False
287.468662,302,402.744359,False,False
291.705634,306,402.921444,False,False
271.433089,285,403.084301,False,False
292.263326,308,403.272456,False,False
274.337091,288,403.438647,False,False
281.809834,297,403.609681,False,False
284.635212,299,403.787059,False,False
285.383698,301,403.957033,False,False
271.261607,284,404.115844,False,False
274.583158,289,404.276822,False,False
299.942609,315,404.452825,False,False
278.884867,294,409.004535,False,False
270.297451,284,409.190824,False,False
278.096581,292,409.384336,False,False
283.113292,299,409.577505,False,False
290.591056,305,409.770517,False,False
287.87915,303,409.959741,False,False
280.112505,294,410.143264,False,False
272.50531,287,410.323597,False,False
275.766116,291,410.507728,False,False
287.801125,302,410.705394,False,False
284.950997,300,410.903655,False,False
284.323679,299,411.100082,False,False
270.195907,285,411.285705,False,False
276.931267,291,411.464715,False,False
281.016198,296,416.064854,False,False
270.621662,283,416.254799,False,False
296.924704,311,416.470435,False,False
286.424983,300,416.667165,False,False
280.385495,295,416.859682,False,False
278.295855,293,417.050021,False,False
277.645067,292,417.231117,False,False
291.054142,307,417.428632,False,False
274.161815,289,417.616707,False,False
281.225063,295,417.806724,False,False
294.543698,309,418.003168,False,False
274.205163,287,418.184038,False,False
288.045372,302,418.376514,False,False
290.779536,306,418.569103,False,False
281.186899,296,423.175402,False,False
300.875332,315,423.393755,False,False
296.858893,312,423.600132,False,False
279.643509,295,423.80303,False,False
270.613153,284,423.987493,False,False
276.321251,290,424.157449,False,False
282.560855,297,424.331745,False,False
288.051166,303,424.523954,False,False
277.875971,292,424.709127,False,False
294.346005,308,424.904872,False,False
283.881388,298,425.099299,False,False
287.429514,301,425.322872,False,False
272.865563,287,425.525476,False,False
276.562783,290,425.714041,False,False
270.109563,283,430.551463,False,False
297.985802,312,430.762829,False,False
280.684689,296,430.962603,False,False
297.549972,312,431.162479,False,False
278.725692,294,431.357683,False,False
283.549122,298,431.554644,False,False
282.987964,298,431.740315,False,False
275.273397,291,431.919488,False,False
272.711218,289,432.107663,False,False
312.184789,325,432.303581,False,False
294.519863,310,432.495795,False,False
287.774318,303,432.673874,False,False
285.405974,300,432.860001,False,False
295.022997,311,437.386488,False,False
298.304761,314,437.594293,False,False
298.096678,312,437.805711,False,False
287.843635,303,438.015247,False,False
275.250754,290,438.214876,False,False
277.687298,292,438.414759,False,False
282.11279,297,438.636321,False,False
285.109467,299,438.82721,False,False
286.580631,301,439.023852,False,False
291.662786,308,439.224616,False,False
277.192105,292,439.402439,False,False
287.061376,301,439.591567,False,False
283.095135,299,439.78226,False,False
284.463586,299,439.961914,False,False
262.275283,276,444.602057,False,False
272.6527,286,444.784612,False,False
267.78182,280,444.963624,False,False
284.903549,301,445.160299,False,False
288.105355,304,445.352587,False,False
285.111418,300,445.541011,False,False
277.512096,291,445.723464,False,False
285.090252,300,445.927299,False,False
302.329642,320,446.131299,False,False
271.637981,287,446.318767,False,False
285.961812,302,446.521903,False,False
274.244754,288,446.711924,False,False
296.028388,311,446.916931,False,False
292.552169,309,447.113245,False,False
279.061525,293,451.826403,False,False
294.882083,311,452.035313,False,False
289.796371,305,452.2325,False,False
279.404634,293,452.423488,False,False
294.7924,310,452.618612,False,False
273.938533,287,452.782164,False,False
287.364462,303,452.956541,False,False
298.328348,313,453.141762,False,False
268.366877,283,453.31207,False,False
288.397271,304,453.489552,False,False
270.788101,285,453.656229,False,False
294.14098,309,453.834756,False,False
278.983516,294,454.001118,False,False
292.233077,308,459.724139,False,False
296.710472,312,459.918291,False,False
291.007419,307,460.09834,False,False
271.720713,285,460.260541,False,False
272.041045,287,460.437365,False,False
277.283508,293,460.616404,False,False
290.678562,306,460.802375,False,False
285.719683,300,460.972748,False,False
262.909935,277,461.128809,False,False
287.813648,304,461.302462,False,False
282.394018,296,461.47617,False,False
289.122083,304,461.661571,False,False
279.458926,295,461.839273,False,False
287.773915,302,462.022179,False,False
292.678303,308,466.611956,False,False
287.772545,303,466.802581,False,False
285.783163,302,466.994458,False,False
282.730628,297,467.178452,False,False
283.038154,298,467.361511,False,False
285.859467,301,467.553849,False,False
270.885237,286,467.728031,False,False
281.021566,295,467.910525,False,False
271.90966,285,468.081597,False,False
280.58842,296,468.260788,False,False
280.752022,295,468.445925,False,False
268.061203,281,468.627527,False,False
273.849445,288,468.813319,False,False
286.489958,301,469.014462,False,False
287.716244,303,473.685964,False,False
268.591955,283,473.847944,False,False
281.841576,297,474.020297,False,False
288.222219,303,474.205812,False,False
281.053175,296,474.372463,False,False
287.518431,303,474.54217,False,False
271.310804,285,474.699824,False,False
280.718497,295,474.868385,False,False
269.328109,284,475.04036,False,False
269.048164,284,475.224804,False,False
277.926916,293,475.390745,False,False
272.710844,288,475.568441,False,False
288.142241,303,475.747792,False,False
279.048965,293,475.92571,False,False
282.904835,298,480.516308,False,False
278.905487,294,480.684924,False,False
290.384615,306,480.862963,False,False
262.28452,276,481.033786,False,False
272.160944,287,481.206391,False,False
272.123435,286,481.393254,False,False
280.216427,293,481.576607,False,False
294.099364,311,481.773545,False,False
269.774376,286,481.958761,False,False
279.626944,295,482.142183,False,False
267.517565,280,482.304789,False,False
264.098782,278,482.462782,False,False
273.198631,289,482.633225,False,False
274.921312,290,482.795306,False,False
274.334915,288,487.310582,False,False
283.777841,300,487.499426,False,False
272.225288,287,487.67572,False,False
280.11597,295,487.843416,False,False
266.492555,281,488.008674,False,False
269.322455,284,488.166901,False,False
289.271443,306,488.351371,False,False
277.9597,293,488.518594,False,False
268.176067,284,488.682508,False,False
262.803687,276,488.849559,False,False
273.932506,289,489.014883,False,False
257.450905,271,489.172305,False,False
276.78809,292,489.353594,False,False
274.942652,290,489.539155,False,False
275.863063,290,494.059539,False,False
273.552214,288,494.243621,False,False
303.390616,320,494.432752,False,False
294.373222,312,494.611294,False,False
294.568952,309,494.786246,False,False
264.544337,277,494.94661,False,False
290.050252,307,495.129739,False,False
290.134769,306,495.298941,False,False
277.352759,292,495.462645,False,False
273.384481,288,495.624274,False,False
297.298593,313,495.813376,False,False
273.014792,288,495.979275,False,False
273.900948,288,496.144586,False,False
289.494118,306,496.315291,False,False
272.004375,288,500.84929,False,False
268.428711,284,501.022103,False,False
294.685954,313,501.198243,False,False
283.349003,298,501.366496,False,False
287.736161,305,501.553494,False,False
270.543763,286,501.721822,False,False
280.36653,295,501.905009,False,False
270.61227,285,502.074397,False,False
270.331098,285,502.250254,False,False
270.979322,287,502.421084,False,False
261.324809,275,502.575326,False,False
294.540527,310,502.754842,False,False
281.912288,299,502.926414,False,False
288.846384,304,503.094193,False,False
286.123603,304,507.6272,False,False
267.706894,283,507.805877,False,False
270.108823,284,507.976675,False,False
285.986401,304,508.172632,False,False
270.702871,285,508.337112,False,False
291.193567,306,508.51313,False,False
279.120281,296,508.681013,False,False
279.025632,297,508.854283,False,False
262.82812,278,509.012631,False,False
260.755414,276,509.174237,False,False
306.718496,323,509.374077,False,False
292.319648,309,509.548699,False,False
259.859639,273,509.721664,False,False
256.986467,271,509.878938,False,False
283.948193,301,514.413711,False,False
269.153102,284,514.575499,False,False
271.596273,287,514.737617,False,False
269.120703,284,514.902876,False,False
267.585883,284,515.072533,False,False
270.823814,286,515.237579,False,False
273.12148,288,515.410618,False,False
266.187333,281,515.576833,False,False
271.620845,286,515.748967,False,False
267.982738,282,515.917221,False,False
266.702571,281,516.095028,False,False
271.713415,287,516.269357,False,False
271.286203,286,516.43327,False,False
291.512166,308,516.621282,False,False
307.562856,323,521.189566,False,False
265.657803,280,521.367615,False,False
280.518279,297,521.55307,False,False
274.438223,291,521.715907,False,False
281.828413,297,521.888644,False,False
303.7969,321,522.084006,False,False
288.567961,306,522.264512,False,False
282.851399,300,522.450563,False,False
269.520958,285,522.622817,False,False
280.576734,296,522.797892,False,False
284.936504,302,522.971482,False,False
292.692174,309,523.143459,False,False
288.34302,305,523.311661,False,False
292.270025,310,523.494025,False,False
284.101029,300,528.068848,False,False
295.803403,313,528.259762,False,False
274.091245,289,528.426449,False,False
289.586037,307,528.617438,False,False
282.190877,299,528.789458,False,False
265.752497,280,528.953913,False,False
265.423798,281,529.115449,False,False
287.101289,305,529.307799,False,False
296.475812,314,529.495682,False,False
257.049809,271,529.658122,False,False
257.068152,272,529.822584,False,False
264.082269,280,529.984041,False,False
274.89386,291,530.145717,False,False
271.081297,287,530.321583,False,False
267.20066,284,534.83729,False,False
291.276954,309,535.020015,False,False
262.839563,277,535.176308,False,False
285.194251,302,535.353974,False,False
262.872106,279,535.512466,False,False
267.325935,282,535.675684,False,False
282.102324,299,535.841015,False,False
254.434085,268,535.991856,False,False
271.226149,287,536.162957,False,False
251.423339,265,536.319154,False,False
266.832955,282,536.47549,False,False
286.033896,303,536.646593,False,False
267.36784,283,536.814241,False,False
281.329912,299,536.983088,False,False
261.4548,278,541.47411,False,False
265.50477,280,541.63788,False,False
258.987602,274,541.794913,False,False
304.056522,323,541.991421,False,False
275.52044,292,542.172194,False,False
272.419636,289,542.349703,False,False
271.660775,288,542.526806,False,False
290.466566,309,542.70786,False,False
284.378312,302,542.883132,False,False
264.182774,280,543.047483,False,False
281.911487,298,543.218475,False,False
286.176155,304,543.389866,False,False
254.435551,269,543.54645,False,False
285.99945,303,543.720672,False,False
265.129906,280,548.228896,False,False
304.987113,323,548.415038,False,False
290.026284,308,548.587037,False,False
262.20035,279,548.745066,False,False
271.784384,287,548.918844,False,False
288.5236,306,549.097461,False,False
270.693769,287,549.280005,False,False
261.319057,277,549.446335,False,False
259.388217,276,549.619971,False,False
267.218788,283,549.783887,False,False
298.222121,315,549.965952,False,False
279.56603,298,550.145996,False,False
271.121273,287,550.31222,False,False
264.310199,280,550.475115,False,False
281.463383,300,555.04693,False,False
295.903784,316,555.243085,False,False
269.71994,285,555.427091,False,False
290.193401,308,555.611678,False,False
266.938643,283,555.777436,False,False
309.430239,327,555.988162,False,False
287.118109,305,556.179257,False,False
261.874476,277,556.356504,False,False
280.18579,298,556.528682,False,False
295.844417,314,556.708923,False,False
264.537539,280,556.867238,False,False
255.931509,270,557.019035,False,False
261.727875,278,557.177168,False,False
280.05608,297,557.342299,False,False
264.753848,280,561.861814,False,False
278.969237,296,562.034293,False,False
292.297299,312,562.218298,False,False
287.503502,305,562.40641,False,False
280.09813,298,562.579738,False,False
264.25536,281,562.740369,False,False
302.073829,320,562.934684,False,False
258.245644,273,563.099998,False,False
289.89959,307,563.280366,False,False
287.501631,306,563.465007,False,False
261.593192,278,563.647244,False,False
264.112187,279,563.805944,False,False
265.25172,281,563.972639,False,False
260.049905,275,564.143332,False,False
278.312078,296,568.733625,False,False
259.810425,276,568.905081,False,False
295.605047,314,569.097808,False,False
249.362887,263,569.261367,False,False
288.277366,306,569.437666,False,False
260.792424,275,569.605423,False,False
305.036144,324,569.814484,False,False
294.205986,314,570.015321,False,False
258.2339,275,570.204295,False,False
292.342679,312,570.39488,False,False
265.860136,283,570.567104,False,False
301.332652,320,570.760239,False,False
260.833225,274,570.924103,False,False
282.411294,299,571.1026,False,False
258.100127,275,575.780678,False,False
315.836605,337,575.995486,False,True
257.753091,273,576.160522,False,False
296.674561,316,576.347688,False,False
327.673673,349,576.553217,False,True
258.861643,274,576.727521,False,False
278.714745,298,576.905955,False,False
253.429542,268,577.062017,False,False
265.657879,282,577.226053,False,False
261.189849,278,577.394567,False,False
276.103688,294,577.573814,False,False
258.381853,275,577.761395,False,False
299.056083,317,577.955614,False,False
257.664261,273,578.130787,False,False
261.281125,278,582.735007,False,False
259.76671,275,582.904927,False,False
343.08989,365,583.130589,False,True
263.014512,280,583.308818,False,False
246.904503,262,583.472542,False,False
271.953497,288,583.655423,False,False
246.18638,262,583.8369,False,False
293.535629,314,584.058319,False,True
297.15821,316,584.320759,False,False
250.869285,266,584.590835,False,False
291.162197,311,584.847523,False,False
245.996506,262,585.379975,False,False
258.828187,274,585.733715,False,False
297.887852,317,586.006826,False,False
263.837449,280,590.649529,False,False
257.723474,272,590.822138,False,False
272.289983,289,590.999546,False,False
249.414517,263,591.171198,False,False
288.961761,309,591.358675,False,False
289.984557,311,591.557331,False,True
254.285867,272,591.727691,False,False
246.614806,261,591.87713,False,False
277.074311,297,592.061221,False,False
265.854289,283,592.248061,False,False
243.376876,257,592.430212,False,False
260.307418,276,592.609604,False,False
253.970648,270,592.77445,False,False
250.47743,266,592.935283,False,False
271.021219,288,597.542027,False,False
303.25984,323,597.752737,False,True
315.699692,335,597.973029,False,True
256.904392,272,598.145603,False,False
247.151531,262,598.313421,False,False
278.15721,296,598.512558,False,False
257.381468,273,598.696869,False,False
249.495779,266,598.871381,False,False
246.114109,260,599.029246,False,False
256.527296,273,599.197558,False,False
250.752153,266,599.371767,False,False
239.837595,254,599.544087,False,False
299.979787,319,599.764403,False,False
311.890098,334,599.98803,False,True
255.788486,273,600.169701,False,False
256.801873,274,604.832156,False,False
328.956814,350,605.052316,False,True
273.604632,293,605.239517,False,False
238.876937,253,605.403476,False,False
253.318569,269,605.569403,False,False
250.041341,265,605.736061,False,False
294.928553,317,605.93592,False,True
282.976385,302,606.141288,False,False
317.245078,338,606.352763,False,True
249.002731,265,606.526478,False,False
245.384707,260,606.695754,False,False
301.495637,322,606.918589,False,True
296.448596,317,607.131366,False,True
241.7865,257,607.305104,False,False
248.907168,265,611.971328,False,False
245.381238,260,612.154769,False,False
339.803821,362,612.382448,False,True
280.257882,300,612.5695,False,False
239.01754,252,612.721538,False,False
243.578714,257,612.885524,False,False
284.673974,304,613.08374,False,False
256.153828,271,613.256357,False,False
312.210521,335,613.489015,False,True
282.740782,302,613.686129,False,False
247.104853,264,613.856051,False,False
264.569725,282,614.052429,False,False
250.200582,266,614.224021,False,False
255.644309,271,614.401684,False,False
257.627664,275,619.085257,False,False
279.998387,301,619.290003,False,True
261.237925,278,619.474237,False,False
252.699206,269,619.65236,False,False
290.479381,311,619.861844,False,True
283.226357,304,620.069697,False,True
321.800949,342,620.292195,False,True
320.993491,342,620.514224,False,True
335.139112,356,620.753152,False,True
243.918285,258,620.918282,False,False
239.584011,257,621.087313,False,False
266.029549,284,621.274867,False,False
279.884204,300,621.523568,False,False
296.070352,316,621.743611,False,True
276.402905,296,626.387434,False,False
250.964389,267,626.550089,False,False
253.029098,269,626.707932,False,False
244.685659,261,626.868854,False,False
300.320425,323,627.055862,False,True
274.28165,293,627.228472,False,False
252.080282,267,627.38597,False,False
358.363152,379,627.638579,False,True
301.605551,324,627.823489,False,True
263.393441,280,627.986307,False,False
255.893061,273,628.145185,False,False
309.559769,332,628.32926,False,True
257.701941,273,628.494899,False,False
302.201154,323,628.68549,False,True
310.459171,333,633.317285,False,True
291.885615,312,633.508802,False,True
297.93394,319,633.731042,False,True
255.83759,274,633.8897,False,False
248.413273,264,634.053707,False,False
252.1096,269,634.222179,False,False
303.522096,326,634.414989,False,True
252.323083,269,634.56917,False,False
239.369571,256,634.712568,False,False
299.98762,319,634.897038,False,False
255.709765,275,635.081766,False,False
246.310164,262,635.243166,False,False
238.992192,253,635.392639,False,False
334.787574,356,635.591749,False,True
242.800904,259,640.127753,False,False
253.954269,271,640.282185,False,False
242.847776,259,640.441673,False,False
286.143984,307,640.623101,False,True
298.780441,320,640.810587,False,True
323.597416,346,641.022689,False,True
257.937115,276,641.188951,False,False
315.333783,341,641.389625,False,True
245.156974,260,641.556689,False,False
282.677121,301,641.743391,False,False
308.821228,330,641.939484,False,True
248.550266,263,642.092624,False,False
318.871284,342,642.296462,False,True
286.122734,306,646.829563,False,False
241.856671,258,646.992541,False,False
249.9306,267,647.157345,False,False
243.372646,257,647.31834,False,False
243.747722,259,647.479966,False,False
245.949435,262,647.655781,False,False
283.057935,303,647.847911,False,False
324.171035,346,648.064965,False,True
247.621816,262,648.22282,False,False
291.26244,314,648.414741,False,True
250.606075,269,648.5749,False,False
291.016647,311,648.75667,False,False
240.871133,255,648.91046,False,False
303.958593,325,649.120995,False,True
295.494585,318,649.317925,False,True
301.65367,323,653.912952,False,True
264.195369,283,654.09881,False,False
342.152341,364,654.359781,False,True
291.400876,314,654.556191,False,True
293.230417,315,654.745719,False,True
250.184954,266,654.9105,False,False
252.331954,270,655.07969,False,False
351.768098,379,655.304344,False,False
304.50187,327,655.51389,False,True
240.824462,257,655.672944,False,False
280.305516,301,655.866526,False,True
325.9273,348,656.117072,False,True
256.601281,273,656.28478,False,False
253.214063,271,660.897037,False,False
248.244127,264,661.065603,False,False
279.081104,300,661.25624,False,True
302.517458,326,661.459639,False,True
235.644582,252,661.61013,False,False
251.189063,267,661.778807,False,False
323.304084,344,661.995335,False,True
272.218845,292,662.177078,False,False
238.835829,256,662.346631,False,False
288.281811,308,662.557592,False,False
296.741524,317,662.768831,False,True
246.950895,265,662.943593,False,False
350.473797,381,663.191964,False,False
250.304083,267,663.373728,False,False
294.984518,315,668.001825,False,False
243.489553,260,668.161934,False,False
247.234824,264,668.331285,False,False
293.646879,316,668.530208,False,True
281.166018,302,668.729916,False,True
308.239927,331,668.936753,False,True
297.455318,319,669.116147,False,True
327.117445,351,669.318252,False,True
246.351463,264,669.477182,False,False
312.941543,334,669.6792,False,True
290.540393,312,669.866686,False,True
239.017393,254,670.028629,False,False
240.749371,256,670.176938,False,False
238.62179,255,670.323059,False,False
241.968949,259,674.860145,False,False
311.45829,335,675.052196,False,True
298.281589,320,675.234344,False,True
231.918412,247,675.379246,False,False
303.865905,328,675.577862,False,True
247.572139,265,675.73115,False,False
424.036689,452,676.011351,False,False
330.814454,353,676.228765,False,True
310.972011,336,676.445787,False,True
231.021051,245,676.597893,False,False
308.002905,330,676.814506,False,True
303.908092,328,677.020894,False,True
249.233261,267,677.180473,False,False
296.219533,320,681.852664,False,True
246.204218,263,682.020548,False,False
242.733044,260,682.179589,False,False
234.360019,249,682.338839,False,False
240.250814,258,682.4979,False,False
256.806655,275,682.677471,False,False
273.392861,293,682.874228,False,False
299.958997,324,683.100343,False,True
303.596988,326,683.314761,False,True
236.766368,253,683.461019,False,False
267.910636,289,683.647704,False,True
235.934633,252,683.792729,False,False
256.984608,274,683.953189,False,False
246.735182,263,684.12241,False,False
238.731234,251,684.271389,False,False
297.552216,320,688.905341,False,True
244.139305,261,689.067811,False,False
233.86422,251,689.236723,False,False
250.005088,266,689.416261,False,False
238.568338,255,689.581217,False,False
237.865229,254,689.758129,False,False
235.111711,249,689.917254,False,False
238.153271,256,690.073489,False,False
288.422761,311,690.261698,False,True
311.52331,334,690.453135,False,True
282.373906,304,690.626839,False,True
295.134604,318,690.812324,False,True
277.558806,298,690.994875,False,False
240.4012,255,691.143384,False,False
318.684482,342,695.762492,False,True
245.933614,264,695.925153,False,False
245.105258,263,696.080509,False,False
241.059401,258,696.26808,False,False
297.820803,321,696.461391,False,True
247.537832,265,696.626571,False,False
298.299707,319,696.8477,False,True
351.536358,376,697.074711,False,False
245.771944,264,697.236076,False,False
291.346566,313,697.426611,False,True
225.665578,241,697.581728,False,False
230.828694,246,697.731827,False,False
241.428084,258,697.887372,False,False
248.909789,267,698.054189,False,False
241.343949,258,698.220067,False,False
234.297218,248,702.694438,False,False
237.243806,252,702.855101,False,False
304.613782,329,703.044176,False,True
289.412442,312,703.229769,False,True
249.997617,266,703.386506,False,False
324.314704,351,703.615958,False,True
230.156347,246,703.77609,False,False
293.545983,314,704.004241,False,True
240.407078,258,704.17026,False,False
323.38293,349,704.383847,False,True
232.704556,248,704.530526,False,False
244.88454,262,704.678985,False,False
284.561383,306,704.854713,False,True
248.01552,266,705.002939,False,False
269.405365,290,709.558929,False,False
235.692361,251,709.719034,False,False
309.745106,334,709.927055,False,True
235.901415,253,710.07848,False,False
237.144653,253,710.22953,False,False
292.637317,315,710.409941,False,True
242.336777,259,710.562825,False,False
232.012482,248,710.714265,False,False
274.417644,296,710.884534,False,True
231.082077,247,711.022024,False,False
235.633955,252,711.166446,False,False
297.851428,321,711.35512,False,True
309.963884,332,711.543249,False,True
227.111351,242,711.678804,False,False
315.937674,341,716.186644,False,True
296.908681,321,716.385088,False,True
291.789786,316,716.578948,False,True
244.055318,261,716.73591,False,False
252.992174,272,716.902825,False,False
238.870572,256,717.050206,False,False
315.23307,341,717.240306,False,True
278.12065,300,717.416798,False,True
307.055657,332,717.619674,False,True
227.653311,243,717.768077,False,False
229.433826,245,717.90988,False,False
241.238102,258,718.062666,False,False
253.512913,271,718.214963,False,False
295.654502,317,718.398169,False,True
235.217912,250,718.55543,False,False
299.088295,323,723.143415,False,True
316.201628,340,723.361158,False,True
277.373287,300,723.543276,False,True
276.765572,297,723.715995,False,False
235.718974,252,723.884444,False,False
288.893783,311,724.075915,False,True
236.029893,253,724.251702,False,False
280.969857,303,724.459047,False,True
1103.165265,1165,725.135363,False,False
240.110077,256,725.289,False,False
240.950152,257,725.445819,False,False
297.748128,321,730.029069,False,True
256.952922,274,730.187864,False,False
290.70247,312,730.382757,False,True
366.935813,393,730.606194,False,False
242.098206,259,730.754017,False,False
307.971465,332,730.944747,False,True
324.015638,349,731.144975,False,True
295.037224,320,731.327648,False,True
308.048008,332,731.521932,False,True
240.737443,257,731.681338,False,False
315.38989,341,731.89045,False,True
296.548131,320,732.07197,False,True
238.129629,252,732.214238,False,False
321.67945,345,736.785422,False,True
259.103328,280,736.960491,False,True
241.463569,259,737.113107,False,False
343.218739,369,737.357726,False,False
310.702344,336,737.574049,False,True
234.061201,250,737.726716,False,False
239.678977,255,737.876434,False,False
231.93238,247,738.017914,False,False
310.31197,335,738.211306,False,True
235.869112,252,738.356526,False,False
232.711259,248,738.500635,False,False
235.640693,251,738.653898,False,False
235.848833,252,738.799026,False,False
298.458323,323,739.027226,False,True
245.324016,262,739.233622,False,False
