#{"t_start": 1764906598.0566342, "env_id": "None"}
r,l,t,success,semi_success
-46.155756,294,2.767506,False,False
-96.2,291,4.187002,False,False
-45.270336,290,5.936569,False,False
-46.057408,292,7.559705,False,False
-46.401836,292,8.884775,False,False
-46.175639,291,10.301849,False,False
-95.665635,293,11.61731,False,False
-45.918314,292,12.993802,False,False
-45.848151,290,14.757617,False,False
-46.130059,293,16.14531,False,False
-46.320922,292,17.507616,False,False
-46.343333,291,18.85173,False,False
-45.859903,292,20.183126,False,False
-46.476197,292,21.843492,False,False
-45.516535,292,23.253834,False,False
-96.127062,290,24.596502,False,False
-46.178234,292,26.103667,False,False
-46.347093,292,27.727682,False,False
-96.203891,291,29.477293,False,False
-46.233323,292,31.250459,False,False
-46.339913,290,32.819485,False,False
-45.603839,290,34.740823,False,False
-46.2351,290,36.199822,False,False
-45.369536,291,37.634038,False,False
-46.279824,292,39.431792,False,False
-46.269758,292,41.326057,False,False
-46.416665,289,42.715733,False,False
-45.909837,289,44.149643,False,False
-45.968961,291,46.111058,False,False
-96.250164,291,47.542573,False,False
-45.764288,290,48.988727,False,False
-45.381956,290,50.810252,False,False
-46.281016,292,52.312723,False,False
-45.166914,295,54.050063,False,False
-96.304027,292,56.02654,False,False
-96.288159,292,57.881029,False,False
-46.14918,293,59.940339,False,False
-46.190367,293,61.746141,False,False
-46.22681,292,63.518912,False,False
-45.795569,290,64.965673,False,False
-45.865749,292,66.705371,False,False
-96.11488,293,68.377308,False,False
-46.270853,292,69.91482,False,False
-46.244209,292,71.535844,False,False
-46.243843,292,72.849998,False,False
-45.453398,293,74.482191,False,False
-46.533304,289,75.805129,False,False
-45.443799,291,77.453504,False,False
-46.251801,292,78.804033,False,False
-46.411571,290,80.339568,False,False
-46.208217,293,81.733273,False,False
-46.184954,292,83.263309,False,False
-45.536168,293,85.237105,False,False
-46.318161,292,86.741436,False,False
-46.349979,293,88.27336,False,False
-46.091395,293,89.709014,False,False
-45.807787,289,91.147178,False,False
-46.544788,291,92.495659,False,False
-46.424728,292,94.038474,False,False
-45.486189,291,95.41882,False,False
-46.241849,293,96.957337,False,False
-46.136298,294,98.274334,False,False
-46.265942,292,99.781219,False,False
-45.567539,294,101.287115,False,False
-45.788168,294,102.605589,False,False
-46.186921,294,104.066494,False,False
-46.135322,293,105.552931,False,False
-45.903007,293,106.992915,False,False
-46.083887,293,108.674904,False,False
-46.249841,293,110.269055,False,False
-46.545151,291,111.804622,False,False
-46.032618,292,113.295417,False,False
-46.083626,292,114.668477,False,False
-95.589377,293,116.523624,False,False
-46.120978,294,117.869302,False,False
-46.046905,290,119.201982,False,False
-45.290817,297,120.74757,False,False
-45.480447,289,122.06618,False,False
-45.993846,292,123.433328,False,False
-46.396964,291,124.942861,False,False
-46.512362,289,126.330985,False,False
-45.356363,291,127.866802,False,False
-46.223702,292,129.219777,False,False
-45.491409,292,130.78674,False,False
-46.293069,290,132.449923,False,False
-45.480954,294,134.025852,False,False
-45.711689,292,135.871011,False,False
-45.410776,291,137.342312,False,False
-45.817911,292,138.775185,False,False
-46.265559,292,140.175561,False,False
-45.254794,292,141.775754,False,False
-45.845645,292,143.141923,False,False
-46.219106,291,144.449494,False,False
-46.270241,291,145.753514,False,False
-46.115323,293,147.257687,False,False
-46.024038,294,148.705007,False,False
-46.2549,292,150.1144,False,False
-46.015767,293,151.642723,False,False
-46.193221,291,153.369171,False,False
-45.440524,292,154.706836,False,False
-45.62867,294,156.23377,False,False
-45.488537,295,157.814116,False,False
-46.241939,291,159.648712,False,False
-45.852307,290,161.131987,False,False
-46.647794,289,162.682895,False,False
-46.134938,289,164.023668,False,False
-96.226273,292,165.376271,False,False
-45.977508,293,166.865657,False,False
-46.149346,292,168.2423,False,False
-46.395411,291,169.843078,False,False
-45.862075,296,171.187922,False,False
-45.936996,291,172.620023,False,False
-95.85088,292,174.077382,False,False
-46.192299,295,175.443148,False,False
-46.692028,289,176.92747,False,False
-46.444848,288,178.283818,False,False
-46.189824,293,179.821393,False,False
-46.044748,291,181.208432,False,False
-45.208297,293,183.044604,False,False
-96.419825,292,184.948228,False,False
-96.070507,287,186.400058,False,False
-46.71655,288,187.68805,False,False
-46.059643,292,189.510256,False,False
-46.106596,291,190.829882,False,False
-46.250515,290,192.356139,False,False
-45.949991,290,193.71915,False,False
-46.445513,291,195.263794,False,False
-95.835423,290,196.680466,False,False
-45.27249,291,197.993428,False,False
-46.401043,292,199.625747,False,False
-46.006597,292,200.975312,False,False
-46.413229,292,202.465872,False,False
-46.066431,291,203.921627,False,False
-46.741441,290,205.490476,False,False
-46.667184,290,206.894086,False,False
-96.610075,288,208.392998,False,False
-45.782252,288,210.20692,False,False
-46.115647,289,211.6123,False,False
-46.434844,292,212.986781,False,False
-96.671949,290,214.580009,False,False
-46.555145,290,215.92364,False,False
-46.04543,292,217.44116,False,False
-46.445285,290,218.730817,False,False
-45.863815,293,220.115575,False,False
-46.488214,289,221.642464,False,False
-45.358294,290,222.931079,False,False
-45.991765,295,224.556853,False,False
-45.26079,291,225.910227,False,False
-46.318998,292,227.592047,False,False
-45.594039,289,228.92191,False,False
-46.480041,292,230.507289,False,False
-46.260177,288,232.003003,False,False
-46.310622,291,233.478592,False,False
-46.758942,290,235.463552,False,False
-46.075763,291,237.005577,False,False
-45.556252,291,238.411342,False,False
-46.819804,286,239.852065,False,False
-46.662421,289,241.37486,False,False
-45.442935,293,242.847402,False,False
-46.356698,292,244.213781,False,False
-46.329149,294,245.888698,False,False
-46.392229,289,247.231546,False,False
-46.474576,290,248.782674,False,False
-46.918601,288,250.154137,False,False
-47.05833,287,251.756841,False,False
-46.532156,289,253.07443,False,False
-45.818852,291,254.646025,False,False
-96.472699,291,256.088901,False,False
-46.423313,292,257.867402,False,False
-46.956791,286,259.654683,False,False
-45.91721,288,261.39506,False,False
-46.605668,292,263.117795,False,False
-45.579116,293,264.514711,False,False
-46.720007,286,265.950839,False,False
-46.552453,291,267.354181,False,False
-46.00965,291,268.97123,False,False
-46.518674,289,270.329803,False,False
-46.143625,292,271.669272,False,False
-46.694464,287,273.031591,False,False
-46.813787,287,274.559274,False,False
-46.150236,293,276.029008,False,False
-45.937003,293,277.686829,False,False
-46.450981,291,279.316795,False,False
-45.72299,297,280.656078,False,False
-46.999577,287,282.598559,False,False
-45.051599,296,284.474538,False,False
-45.977473,291,286.608793,False,False
-45.648292,289,288.380813,False,False
-47.025775,285,289.91651,False,False
-46.739921,290,291.669502,False,False
-46.799331,288,293.237367,False,False
-46.270033,293,294.672614,False,False
-96.278015,294,296.279641,False,False
-47.119955,287,297.614673,False,False
-46.297024,291,299.245728,False,False
-46.128967,293,300.782562,False,False
-46.341867,292,302.420131,False,False
-46.50892,291,303.808163,False,False
-46.239852,293,305.212192,False,False
-46.692909,288,306.773925,False,False
-46.565471,291,308.089446,False,False
-45.654904,295,309.662697,False,False
-46.509169,292,311.650616,False,False
-45.554863,293,313.169369,False,False
-46.990921,287,314.516821,False,False
-46.325174,288,316.362496,False,False
-96.34517,290,317.74031,False,False
-46.368309,290,319.349896,False,False
-46.726567,289,320.914867,False,False
-46.49848,291,322.300134,False,False
-45.66299,290,323.631503,False,False
-46.516889,290,325.317516,False,False
-45.532028,290,326.704925,False,False
-46.588611,289,328.329043,False,False
-45.420424,295,329.72545,False,False
-46.553268,288,331.429854,False,False
-46.277762,288,332.790402,False,False
-46.945654,286,334.609664,False,False
-46.635221,291,336.464126,False,False
-45.827395,286,338.188055,False,False
-46.385053,291,339.63383,False,False
-46.792748,288,341.200491,False,False
-45.040901,297,342.756873,False,False
-46.139191,294,344.402496,False,False
-46.690093,288,345.832425,False,False
-46.351251,295,347.428956,False,False
-47.386339,283,348.982027,False,False
-46.030818,295,350.472646,False,False
-96.598768,288,352.140511,False,False
-46.84871,290,353.840005,False,False
-45.838252,289,355.190625,False,False
-46.918307,289,356.522923,False,False
-45.433953,290,357.897339,False,False
-45.56251,292,359.296583,False,False
-45.320197,295,361.110548,False,False
-45.63184,296,362.744121,False,False
-46.229284,291,364.593862,False,False
-45.563597,299,366.266891,False,False
-46.450955,290,367.744117,False,False
-46.36309,290,369.166635,False,False
-46.266555,289,370.615936,False,False
-45.461067,299,372.210427,False,False
-45.980261,290,373.547624,False,False
-45.851326,296,374.962902,False,False
-46.987784,289,376.523719,False,False
-46.706244,292,377.900423,False,False
-45.944104,292,379.691333,False,False
-46.805589,293,381.049361,False,False
-46.361369,286,382.346015,False,False
-45.053875,299,384.073957,False,False
-45.672082,293,385.589542,False,False
-46.948867,286,387.349319,False,False
-96.97428,287,388.85119,False,False
-46.969031,288,390.356591,False,False
-46.175005,293,391.927917,False,False
-46.092287,293,393.282132,False,False
-45.380331,291,394.842085,False,False
-47.24825,286,396.171169,False,False
-96.718406,283,397.733174,False,False
-45.357216,299,399.147522,False,False
-45.846978,289,400.566434,False,False
-46.348397,291,402.216733,False,False
-44.996664,295,403.603558,False,False
-45.267518,296,405.258864,False,False
-45.935213,294,406.651453,False,False
-47.0739,286,408.216011,False,False
-45.680333,295,409.628954,False,False
-96.09005,291,411.505805,False,False
-45.702468,299,413.283991,False,False
-45.883231,294,414.86067,False,False
-45.417841,299,416.601745,False,False
-47.302736,286,417.98457,False,False
-44.735316,300,419.356279,False,False
-45.681847,290,420.719452,False,False
-46.661473,291,422.134942,False,False
-46.558134,294,423.493456,False,False
-44.153067,305,424.881955,False,False
-45.61264,298,426.328615,False,False
-46.086585,291,427.679732,False,False
-47.007517,289,429.018887,False,False
-45.450552,294,430.409784,False,False
-46.732648,289,431.783978,False,False
-46.947859,292,433.134123,False,False
-44.884905,296,434.536198,False,False
-46.684357,292,436.196739,False,False
-45.179066,301,437.764636,False,False
-45.466257,297,439.31168,False,False
-47.072694,288,440.694731,False,False
-44.817739,305,442.136632,False,False
-47.050622,286,443.447452,False,False
-45.334306,302,444.889844,False,False
-45.400629,293,446.302164,False,False
-46.578547,294,447.641229,False,False
-45.405563,298,449.049066,False,False
-95.478154,288,450.42404,False,False
-44.940735,302,451.818675,False,False
-45.416511,294,453.155238,False,False
-46.429951,290,454.550536,False,False
-44.959805,302,456.612717,False,False
-46.579629,290,458.154476,False,False
-46.732676,294,459.607724,False,False
-46.51253,289,461.171219,False,False
-45.437406,299,462.977115,False,False
-45.147101,303,464.521512,False,False
-95.29885,297,465.945176,False,False
-46.625425,286,467.344331,False,False
-46.225087,298,468.86744,False,False
-46.678337,293,470.260253,False,False
-46.34348,289,471.643922,False,False
-46.565026,289,472.981211,False,False
-46.39423,288,474.299738,False,False
-46.73027,288,475.972996,False,False
-46.072688,288,477.339926,False,False
-45.910625,293,478.739203,False,False
-47.01818,289,480.334068,False,False
-96.240202,287,481.952893,False,False
-95.743603,297,483.384874,False,False
-45.117898,301,485.034482,False,False
-46.189112,290,486.62925,False,False
-45.989963,291,488.434893,False,False
-44.83015,300,489.926874,False,False
-44.539044,299,491.357605,False,False
-46.810816,281,492.696829,False,False
-46.233133,290,494.022793,False,False
-46.339904,288,495.34453,False,False
-45.684662,297,496.753751,False,False
-45.285858,296,498.167649,False,False
-96.561459,284,499.45254,False,False
-44.56943,298,500.842693,False,False
-45.536589,298,502.21467,False,False
-46.409602,290,503.516946,False,False
-46.988625,289,504.841989,False,False
-44.427169,302,506.261161,False,False
-95.36783,293,507.58389,False,False
-45.037076,302,509.116338,False,False
-44.736999,305,510.849689,False,False
-44.018462,303,512.434964,False,False
-95.371487,291,514.081193,False,False
-46.22807,290,515.555643,False,False
-45.416457,297,516.97743,False,False
-46.789362,285,518.630755,False,False
-46.279202,291,520.02815,False,False
-45.077191,299,521.487289,False,False
-45.226372,302,523.02185,False,False
-46.154881,291,524.62054,False,False
-46.409034,281,526.111649,False,False
-45.773457,297,527.738497,False,False
-45.155233,300,529.157436,False,False
-44.497423,303,530.688394,False,False
-95.441404,299,532.253469,False,False
-44.322877,301,533.832369,False,False
-44.821454,306,535.635233,False,False
-46.058111,288,537.404774,False,False
-45.893892,296,538.830964,False,False
-46.67839,289,540.188096,False,False
-46.355909,290,541.856293,False,False
-44.491877,296,543.577105,False,False
-46.12118,292,544.948366,False,False
-46.378115,290,546.297692,False,False
-44.775768,306,547.688536,False,False
-46.731825,294,548.969158,False,False
-45.120179,299,550.3489,False,False
-46.60112,288,551.859514,False,False
-46.711029,287,553.580123,False,False
-43.951596,307,555.163843,False,False
-45.065737,299,556.945017,False,False
-94.978219,292,558.602944,False,False
-47.739969,279,560.056469,False,False
-46.013958,293,561.929232,False,False
-96.031788,284,563.403854,False,False
-46.37965,289,564.824723,False,False
-45.261725,299,566.543394,False,False
-46.555903,286,567.897172,False,False
-45.099679,301,569.394434,False,False
-45.813402,295,570.776703,False,False
-44.488027,302,572.135049,False,False
-46.714195,288,573.463121,False,False
-45.693511,295,574.970575,False,False
-43.26923,309,576.47566,False,False
-44.023694,305,577.928122,False,False
-46.204643,294,579.401027,False,False
-44.181871,304,581.284514,False,False
-94.874752,296,582.977462,False,False
-44.941869,294,584.907169,False,False
-44.84089,303,586.505682,False,False
-45.507229,299,588.132575,False,False
-45.805728,294,589.834473,False,False
-95.126997,289,591.463769,False,False
-45.921351,292,592.937259,False,False
-44.598941,303,594.683053,False,False
-94.55729,305,596.273937,False,False
-44.702168,305,597.721422,False,False
-45.822265,294,599.762222,False,False
-45.658555,294,601.112302,False,False
-45.412774,298,602.554922,False,False
-44.18509,306,604.14212,False,False
-45.733087,292,605.64797,False,False
-45.927278,295,607.05979,False,False
-45.449465,296,609.078529,False,False
-45.087872,303,610.83941,False,False
-94.676753,306,612.799962,False,False
-45.711862,292,614.26392,False,False
-45.579877,299,615.839208,False,False
-45.67792,294,617.396549,False,False
-44.527223,305,618.863122,False,False
-45.388089,298,620.638245,False,False
-45.268825,301,622.315155,False,False
-45.673993,291,623.736422,False,False
-45.885994,293,625.116038,False,False
-44.447222,306,626.913741,False,False
-44.580914,303,628.252131,False,False
-45.588861,294,629.643027,False,False
-44.840646,303,631.537155,False,False
-45.75248,299,632.976296,False,False
-44.537395,306,634.571617,False,False
-45.388333,294,636.765084,False,False
-45.496664,297,638.491525,False,False
-44.626779,304,640.065621,False,False
-44.923782,304,641.577744,False,False
-44.220706,310,643.284559,False,False
-44.743834,300,644.605252,False,False
-44.104888,305,646.15115,False,False
-44.40827,304,647.665985,False,False
-43.7705,312,649.160439,False,False
-44.565353,301,650.478055,False,False
-94.314663,304,652.040171,False,False
-94.823076,302,654.007916,False,False
-46.135463,290,655.437347,False,False
-95.25411,304,657.228505,False,False
-93.443665,306,659.181281,False,False
-45.485546,292,660.734718,False,False
-44.288096,307,662.578587,False,False
-45.350567,300,664.232631,False,False
-44.596816,300,665.86174,False,False
-44.18194,304,667.286591,False,False
-44.86106,297,669.039761,False,False
-45.027848,294,670.431957,False,False
-43.981482,305,672.038456,False,False
-45.306704,296,673.58807,False,False
-44.154859,304,675.053558,False,False
-43.763455,307,676.659513,False,False
-44.075477,305,678.071724,False,False
-44.021043,307,679.456065,False,False
-44.145177,304,680.88216,False,False
-44.559979,298,682.536087,False,False
-44.856027,296,683.922733,False,False
-45.202017,296,685.73381,False,False
-44.631198,302,687.30829,False,False
-44.244607,309,689.34544,False,False
-44.383288,309,691.005949,False,False
-44.162317,306,692.688387,False,False
-44.838512,296,694.056742,False,False
-44.711622,296,695.391737,False,False
-44.952725,303,697.155463,False,False
-44.740753,308,698.641885,False,False
-44.08632,307,700.578577,False,False
-43.738061,309,702.087701,False,False
-43.447776,309,703.905134,False,False
-44.724283,308,705.449556,False,False
-43.924222,303,707.108219,False,False
-93.884234,308,708.658276,False,False
-45.752563,286,710.287923,False,False
-43.946364,300,712.061881,False,False
-45.006284,296,713.980803,False,False
-44.107605,306,715.629753,False,False
-44.881879,294,717.181109,False,False
-44.374481,299,718.713903,False,False
-44.644207,295,720.125991,False,False
-43.347546,311,721.800595,False,False
-44.149461,300,723.526656,False,False
-45.013929,292,725.184529,False,False
-44.554021,307,726.696299,False,False
-43.728874,304,728.429838,False,False
-43.626601,306,730.120933,False,False
-44.3999,300,731.669638,False,False
-44.525433,298,733.225783,False,False
-43.698584,306,735.005672,False,False
-43.900924,311,736.746697,False,False
-42.956813,314,739.159322,False,False
-43.747344,308,741.173015,False,False
-44.709569,296,742.768654,False,False
-42.821953,315,744.768936,False,False
-43.27383,311,746.681474,False,False
-44.692904,303,748.13008,False,False
-44.123756,303,750.128251,False,False
-94.65843,291,751.513683,False,False
-43.393149,312,752.928386,False,False
-44.550569,306,754.642899,False,False
-93.192247,300,756.162391,False,False
-93.318035,308,757.590457,False,False
-43.26202,310,759.223248,False,False
-42.553672,306,760.745752,False,False
-93.573741,298,762.570628,False,False
-43.514492,313,764.494007,False,False
-93.162306,307,766.31639,False,False
-93.465296,304,768.406733,False,False
-93.061895,309,770.034649,False,False
-93.501632,300,771.944962,False,False
-44.181497,312,773.767997,False,False
-43.035187,306,776.061489,False,False
-93.554989,310,778.168537,False,False
-43.401147,311,780.367291,False,False
-93.111832,307,781.948039,False,False
-43.073326,309,783.772066,False,False
-43.677379,304,785.44576,False,False
-43.154093,309,787.637033,False,False
-43.026425,311,789.152578,False,False
-43.979436,309,790.884222,False,False
-43.624959,304,792.396002,False,False
-93.704903,305,794.176532,False,False
-42.799247,316,795.842053,False,False
-43.802443,317,797.456259,False,False
-93.403013,294,798.771277,False,False
-42.923093,316,800.237042,False,False
-43.642057,314,801.792419,False,False
-42.877231,315,803.202473,False,False
-43.501263,317,804.952933,False,False
-42.590114,319,806.421481,False,False
-93.050113,303,807.790707,False,False
-93.759615,295,809.301394,False,False
-94.040317,310,810.747281,False,False
-42.741644,317,812.389099,False,False
-43.051568,313,813.843214,False,False
-42.923648,308,815.574644,False,False
-42.799399,317,817.343176,False,False
-42.626307,318,818.976678,False,False
-94.099607,295,820.638974,False,False
-42.902585,318,822.071478,False,False
-42.742539,322,823.663711,False,False
-42.907832,318,825.222457,False,False
-93.80359,290,826.665465,False,False
-43.385731,319,828.148604,False,False
-93.56582,300,829.778376,False,False
-42.843287,319,831.231291,False,False
-43.107665,322,832.842802,False,False
-93.149217,294,834.248301,False,False
-93.616028,293,836.031172,False,False
-93.281107,292,837.586912,False,False
-93.042653,297,839.310257,False,False
-93.169764,295,840.863965,False,False
-93.073634,298,842.717345,False,False
-43.139915,320,844.631517,False,False
-93.620484,300,846.044928,False,False
-93.266054,300,847.64038,False,False
-93.232533,301,848.993853,False,False
-42.52115,324,850.895622,False,False
-92.833101,299,852.573291,False,False
-92.845608,302,854.158792,False,False
-93.126313,303,855.838788,False,False
-93.339172,299,857.471344,False,False
-93.115232,303,859.051423,False,False
-93.06543,307,860.752304,False,False
-42.923357,318,862.667889,False,False
-92.853459,305,864.155014,False,False
-93.133017,299,866.054485,False,False
-92.895053,311,868.012818,False,False
-42.76029,321,869.814798,False,False
-93.61443,308,871.85314,False,False
-43.077941,322,873.715069,False,False
-92.854867,318,875.518129,False,False
-42.892873,321,877.11622,False,False
-44.119608,309,878.956662,False,False
-92.566498,319,880.601325,False,False
-92.922284,315,882.151439,False,False
-93.191581,308,883.945205,False,False
-43.611863,315,885.683404,False,False
-92.841057,318,887.386105,False,False
-92.397731,318,888.926857,False,False
-92.529375,317,890.725529,False,False
-92.756878,317,892.544151,False,False
-92.599992,317,894.635434,False,False
-92.792632,316,896.501848,False,False
-92.497379,319,898.195398,False,False
-43.30706,317,899.689619,False,False
-92.945805,317,901.468949,False,False
-42.850163,317,903.071006,False,False
-42.736337,321,904.80761,False,False
-92.342336,314,906.524898,False,False
-42.421145,324,908.17597,False,False
-42.138879,325,909.995644,False,False
-42.94805,320,911.484751,False,False
-42.717563,319,913.215743,False,False
-42.889405,321,914.883877,False,False
-42.142117,325,916.59988,False,False
-42.47869,322,918.468128,False,False
-43.021381,321,920.313637,False,False
-42.564266,320,922.164717,False,False
-42.262595,325,923.622772,False,False
-92.735661,300,925.127956,False,False
-42.780791,321,926.676496,False,False
-42.813998,318,928.238557,False,False
-93.228961,295,929.619802,False,False
-92.872777,305,931.261548,False,False
-43.230569,318,932.71411,False,False
-42.692716,325,934.294827,False,False
-42.674013,324,935.906426,False,False
-43.47999,316,937.477382,False,False
-43.087112,322,939.452385,False,False
-43.065435,321,941.291831,False,False
-43.049681,322,943.466094,False,False
-42.340912,324,945.508563,False,False
-93.222106,307,947.115092,False,False
-92.762715,302,948.748625,False,False
-93.589979,306,950.342338,False,False
-92.68284,311,952.062856,False,False
-92.733865,306,953.533083,False,False
-93.311173,310,955.208653,False,False
-43.474938,318,956.942435,False,False
-43.594904,314,958.751931,False,False
-42.663498,321,960.304166,False,False
-43.244405,315,961.90063,False,False
-42.730394,322,963.59452,False,False
-93.224833,291,965.130799,False,False
-43.395142,309,966.610742,False,False
-42.766936,320,968.721696,False,False
-42.675859,322,970.89049,False,False
-42.707312,322,972.525087,False,False
-43.364774,317,974.273128,False,False
-42.721738,324,975.775871,False,False
-92.37008,320,977.226135,False,False
-42.45674,315,978.800159,False,False
-42.104023,322,980.307802,False,False
-92.591295,317,981.854755,False,False
-42.830062,317,983.754174,False,False
-42.005665,321,985.221943,False,False
-42.666798,316,986.737643,False,False
-43.26853,312,988.387027,False,False
-42.950164,315,989.830046,False,False
-42.716149,317,991.385621,False,False
-43.229411,315,993.157339,False,False
-43.339254,310,994.8216,False,False
-43.153095,313,996.585718,False,False
-43.313162,306,998.032394,False,False
-44.326393,302,999.641603,False,False
-43.94162,315,1001.165977,False,False
-44.821991,306,1002.5312,False,False
-44.231318,307,1004.340996,False,False
-45.450954,296,1005.807252,False,False
-44.753854,296,1007.248233,False,False
-45.107353,298,1008.791397,False,False
-43.646246,301,1010.380599,False,False
-45.508973,294,1012.470055,False,False
-44.587507,299,1014.244986,False,False
-45.488085,293,1016.456492,False,False
-94.340738,305,1018.101806,False,False
-46.215117,292,1019.900537,False,False
-45.145313,297,1021.702833,False,False
-44.544298,307,1023.565943,False,False
-43.859454,316,1025.183401,False,False
-46.294564,293,1026.840549,False,False
-46.56223,282,1028.213346,False,False
-45.331671,303,1029.777973,False,False
-46.145743,284,1031.416793,False,False
-44.981024,300,1032.860708,False,False
-45.755465,297,1034.4564,False,False
-45.697473,294,1035.837984,False,False
-45.294406,298,1037.560876,False,False
-46.001512,292,1039.098989,False,False
-46.191746,291,1040.439255,False,False
-46.511478,288,1041.932425,False,False
-45.094476,295,1043.620205,False,False
-45.399539,301,1045.214299,False,False
-46.316914,291,1047.053959,False,False
-45.33009,295,1048.941423,False,False
-46.717993,292,1050.332213,False,False
-44.799461,296,1051.908482,False,False
-46.01465,292,1053.410036,False,False
-46.798484,289,1055.249123,False,False
-46.549203,286,1056.648395,False,False
-44.965625,298,1058.159496,False,False
-46.170135,293,1059.719951,False,False
-95.321031,284,1061.231795,False,False
-45.695394,291,1062.66202,False,False
-45.582921,295,1064.407552,False,False
-46.872217,290,1065.99366,False,False
-47.227799,282,1067.312169,False,False
-45.604466,289,1068.89293,False,False
-44.461421,301,1070.522193,False,False
-44.157875,302,1072.3788,False,False
-46.036265,294,1074.169546,False,False
-46.750441,289,1075.677236,False,False
-45.344318,294,1077.30131,False,False
-44.137818,306,1078.740964,False,False
-44.97236,296,1080.532563,False,False
-43.829379,310,1082.169791,False,False
-45.651114,292,1083.859283,False,False
-45.290441,295,1085.478584,False,False
-45.325106,295,1086.956269,False,False
-45.169914,294,1088.598617,False,False
-44.146239,310,1090.3494,False,False
-93.738776,300,1091.784111,False,False
-44.673506,306,1093.313973,False,False
-44.407658,299,1095.165859,False,False
-43.956899,303,1097.023082,False,False
-44.093436,306,1098.785949,False,False
-46.071537,294,1100.335021,False,False
-45.873126,289,1102.052776,False,False
-47.376109,283,1103.579488,False,False
-44.046825,307,1104.97437,False,False
-93.523697,293,1106.793793,False,False
-45.064101,296,1108.299787,False,False
-94.213215,293,1109.972656,False,False
-46.260804,291,1111.492969,False,False
-45.198064,294,1113.104531,False,False
-46.446937,285,1114.764511,False,False
-47.364249,281,1116.509829,False,False
-44.218011,301,1118.157731,False,False
-45.902032,292,1119.709408,False,False
-47.988377,274,1121.131382,False,False
-44.486765,300,1122.952422,False,False
-47.306767,281,1124.757467,False,False
-47.333607,281,1126.377321,False,False
-48.06759,276,1127.95298,False,False
-44.716767,296,1129.368484,False,False
-46.744177,285,1130.889482,False,False
-46.996795,283,1132.540115,False,False
-44.70029,294,1134.166142,False,False
-46.901545,284,1135.776351,False,False
-43.900628,306,1137.237576,False,False
-45.828408,289,1138.629801,False,False
-43.804799,306,1140.151646,False,False
-47.253885,278,1141.521189,False,False
-45.940088,289,1142.860102,False,False
-44.27952,297,1144.276482,False,False
-44.07133,300,1145.789599,False,False
-44.627374,294,1147.229736,False,False
-44.645771,294,1148.952877,False,False
-47.750596,279,1150.621721,False,False
-44.366378,299,1152.106575,False,False
-45.693255,291,1153.448962,False,False
-43.131203,309,1154.952161,False,False
-46.830075,277,1156.252043,False,False
-45.869466,292,1157.8191,False,False
-43.081808,306,1159.315544,False,False
-42.046094,317,1160.797671,False,False
-43.694274,303,1162.205697,False,False
-43.658381,297,1163.964224,False,False
-43.55178,306,1166.159182,False,False
-42.937518,308,1167.769373,False,False
-43.041712,307,1169.492783,False,False
-42.512075,313,1171.253078,False,False
-43.382168,306,1173.363852,False,False
-42.008565,320,1175.679155,False,False
-43.646413,298,1177.567128,False,False
-42.099578,321,1179.527567,False,False
-41.533487,326,1181.192333,False,False
-41.660879,326,1182.83694,False,False
-42.291314,318,1184.512118,False,False
-42.254406,317,1186.065492,False,False
-42.902544,306,1187.728164,False,False
-42.377215,314,1189.255936,False,False
-41.488988,327,1190.761674,False,False
-42.652395,312,1192.320832,False,False
-43.500997,300,1193.73358,False,False
-42.342599,316,1195.185311,False,False
-41.582405,325,1196.721235,False,False
-43.604375,303,1198.599123,False,False
-42.403922,319,1200.613454,False,False
-41.99358,326,1202.33338,False,False
-42.349856,322,1203.883589,False,False
-41.394285,329,1205.39556,False,False
-41.623472,327,1206.961212,False,False
-41.721093,322,1208.583467,False,False
-42.324356,323,1210.247635,False,False
-42.07729,321,1211.775158,False,False
-41.674283,331,1213.353182,False,False
-41.945705,328,1214.816315,False,False
-41.771738,330,1216.327521,False,False
-41.789376,329,1217.973834,False,False
-42.040295,326,1219.472694,False,False
-42.462567,312,1220.891718,False,False
-42.954897,323,1223.06535,False,False
-92.357132,316,1224.750421,False,False
-42.902246,322,1226.519814,False,False
-42.034539,330,1228.148438,False,False
-42.152875,326,1229.605871,False,False
-92.359591,319,1231.06142,False,False
-41.978518,327,1232.599717,False,False
-41.989741,330,1234.106611,False,False
-92.257163,319,1235.647081,False,False
-43.112781,319,1237.475981,False,False
-42.653558,327,1239.018553,False,False
-43.022354,317,1240.470306,False,False
-43.457764,317,1242.017104,False,False
-43.388606,316,1243.65681,False,False
-92.722599,318,1245.100454,False,False
-43.09754,323,1246.779818,False,False
-92.368203,318,1248.687105,False,False
-92.739472,317,1250.5794,False,False
-42.126993,329,1252.441835,False,False
-92.569748,317,1254.007922,False,False
-42.069606,329,1255.700603,False,False
-92.557963,305,1257.272602,False,False
-92.435901,319,1259.007095,False,False
-92.415219,316,1260.541635,False,False
-92.503076,320,1262.353471,False,False
-92.588675,319,1264.165327,False,False
-92.305594,319,1265.83641,False,False
-43.406534,310,1267.525509,False,False
-42.212137,326,1269.263958,False,False
-93.075966,315,1270.865363,False,False
-41.812016,328,1272.932855,False,False
-92.122109,321,1274.745165,False,False
-92.124115,319,1276.633891,False,False
-92.92081,313,1278.345836,False,False
-92.571434,319,1280.230223,False,False
-92.407905,319,1281.689704,False,False
-92.832546,320,1283.287712,False,False
-92.581976,317,1284.932158,False,False
-92.422839,320,1286.554669,False,False
-92.230305,314,1288.108687,False,False
-42.403269,326,1289.657768,False,False
-43.292431,317,1291.402403,False,False
-43.187631,320,1293.140348,False,False
-43.795676,311,1295.042578,False,False
-42.784337,318,1296.554258,False,False
-93.183428,310,1298.413974,False,False
-92.52016,308,1300.48033,False,False
-93.163727,312,1302.404322,False,False
-42.838975,318,1304.235852,False,False
-43.399487,304,1305.898543,False,False
-43.001659,318,1307.686736,False,False
-43.620498,313,1309.347827,False,False
-42.873795,323,1310.945517,False,False
-43.651502,315,1312.711931,False,False
-43.403942,317,1314.449812,False,False
-43.896166,312,1316.227795,False,False
-43.884137,306,1318.005669,False,False
-92.609273,311,1319.494671,False,False
-44.160215,311,1321.467207,False,False
-44.384355,303,1323.327707,False,False
-94.167261,291,1325.082845,False,False
-93.669591,307,1326.855873,False,False
-44.213385,298,1328.841887,False,False
-93.641901,300,1330.511729,False,False
-43.370961,318,1332.193613,False,False
-45.516362,291,1333.738522,False,False
-93.796102,298,1335.163993,False,False
-44.55838,301,1336.674547,False,False
-44.546546,295,1338.305672,False,False
-44.259382,299,1339.844116,False,False
-45.67475,301,1341.548004,False,False
-94.295185,295,1342.923903,False,False
-44.58143,297,1344.512557,False,False
-43.108955,312,1346.044107,False,False
-42.757647,315,1347.7234,False,False
-43.454868,309,1349.155521,False,False
-43.339415,304,1350.968932,False,False
-43.291613,308,1352.886026,False,False
-42.248739,320,1355.058885,False,False
-42.003552,322,1356.886175,False,False
-44.123646,306,1358.559401,False,False
-44.993668,300,1359.919749,False,False
-42.533898,314,1361.777636,False,False
-41.790893,323,1363.370472,False,False
-41.302669,327,1365.111423,False,False
-41.842547,323,1366.872315,False,False
-41.552596,326,1368.398978,False,False
-42.369612,319,1370.105515,False,False
-42.528834,319,1372.084216,False,False
-41.602555,324,1373.709326,False,False
-42.783443,315,1375.372289,False,False
-41.825332,325,1377.378041,False,False
-42.166049,319,1379.355463,False,False
-41.701524,325,1381.039022,False,False
-41.97646,320,1382.928378,False,False
-42.043663,319,1384.584223,False,False
-41.86797,321,1386.282976,False,False
-41.097234,329,1388.354528,False,False
-42.384049,315,1390.020646,False,False
-41.937641,323,1391.676082,False,False
-93.251489,290,1393.104724,False,False
-41.627709,321,1394.773352,False,False
-42.529144,316,1396.258583,False,False
-42.174908,318,1397.996173,False,False
-42.408785,319,1399.485921,False,False
-43.048474,321,1401.090451,False,False
-42.202434,317,1402.925584,False,False
-41.35141,327,1404.912636,False,False
-43.032616,311,1406.813214,False,False
-41.138935,329,1408.674289,False,False
-41.318781,326,1410.519696,False,False
-42.888881,313,1412.123179,False,False
-42.194914,321,1413.905778,False,False
-42.5436,312,1415.686289,False,False
-42.481315,312,1417.181167,False,False
-43.23799,318,1418.793846,False,False
-43.707604,311,1420.518105,False,False
-42.879601,310,1422.134987,False,False
-42.356873,311,1423.66501,False,False
-42.381202,315,1425.32779,False,False
-42.576808,321,1427.104836,False,False
-43.661137,304,1428.861063,False,False
-43.59978,310,1430.759012,False,False
-93.794121,306,1432.710159,False,False
-93.426639,307,1434.444933,False,False
-93.788023,311,1436.088021,False,False
-92.987768,305,1437.764906,False,False
-42.969109,321,1439.367224,False,False
-93.30015,308,1441.546273,False,False
-43.449481,320,1443.161737,False,False
-43.237457,320,1444.981023,False,False
-42.530108,309,1446.560327,False,False
-42.650161,316,1448.290449,False,False
-42.86368,326,1449.99504,False,False
-44.038512,315,1451.655961,False,False
-94.297284,303,1453.348218,False,False
-44.530146,298,1455.108289,False,False
-93.673308,306,1456.959243,False,False
-45.200049,292,1458.753175,False,False
-42.665432,322,1460.215493,False,False
-43.748734,311,1461.634047,False,False
-43.825295,307,1463.077788,False,False
-93.468767,305,1464.5615,False,False
-43.44552,310,1465.946996,False,False
-43.16538,316,1467.430384,False,False
-42.403301,316,1468.855828,False,False
-43.13092,318,1470.337443,False,False
-43.550545,308,1471.650644,False,False
-92.360034,296,1473.047553,False,False
-43.960033,314,1474.54597,False,False
-42.904969,318,1476.124585,False,False
-92.373629,319,1477.545719,False,False
-93.564355,303,1479.229806,False,False
-42.804904,316,1480.743316,False,False
-44.2954,312,1482.350862,False,False
-43.19211,320,1483.799794,False,False
-44.836542,298,1485.302774,False,False
-44.521994,299,1486.578962,False,False
-93.928202,304,1488.05919,False,False
-44.839594,295,1489.360019,False,False
-44.201096,297,1490.722978,False,False
-43.252891,312,1492.376181,False,False
-43.853801,306,1493.711853,False,False
-43.417568,312,1495.045755,False,False
-43.694142,305,1496.515525,False,False
-43.000193,311,1497.847659,False,False
-43.774039,304,1499.283802,False,False
-42.200661,321,1500.876857,False,False
-42.953689,313,1502.624732,False,False
-43.098336,310,1504.369532,False,False
-42.1597,322,1505.771417,False,False
-42.514089,317,1507.122658,False,False
-43.096288,312,1508.721287,False,False
-42.145581,322,1510.327217,False,False
-42.860294,318,1511.701045,False,False
-43.200646,314,1513.204604,False,False
-42.525886,318,1514.574746,False,False
-43.298084,318,1515.955485,False,False
-44.226474,307,1517.333681,False,False
-42.932212,316,1518.831792,False,False
-92.811827,312,1520.166653,False,False
-42.788121,322,1521.532038,False,False
-44.099847,310,1522.921591,False,False
-93.553141,306,1524.509948,False,False
-43.284981,318,1526.41495,False,False
-93.206878,309,1528.020946,False,False
-43.772847,305,1529.352965,False,False
-93.640405,310,1530.96176,False,False
-43.824909,314,1532.498776,False,False
-43.967072,312,1533.892061,False,False
-45.033146,308,1535.51093,False,False
-44.22702,312,1536.995968,False,False
-44.541033,310,1538.347503,False,False
-44.797126,309,1539.677349,False,False
-43.605793,317,1541.189701,False,False
-93.01807,302,1542.771261,False,False
-43.099819,319,1544.210442,False,False
-43.497255,313,1545.540383,False,False
-43.941139,302,1546.953949,False,False
-42.260461,315,1548.684211,False,False
-44.09858,310,1550.415717,False,False
-42.112514,313,1551.854848,False,False
-44.292157,311,1553.288335,False,False
-43.375629,315,1554.9382,False,False
-93.333361,307,1556.303576,False,False
-43.535892,321,1557.85953,False,False
-42.261179,326,1559.278372,False,False
-43.663387,313,1560.841324,False,False
-93.964933,308,1562.33712,False,False
-44.230878,307,1563.637885,False,False
-44.392173,309,1565.090318,False,False
-44.482834,309,1566.630216,False,False
-44.466201,308,1567.993372,False,False
-43.851757,303,1569.38709,False,False
-45.397362,301,1570.865585,False,False
-44.048678,301,1572.509979,False,False
-43.526985,315,1573.997691,False,False
-42.579369,321,1575.527746,False,False
-93.802448,310,1577.04396,False,False
-44.093307,305,1578.418271,False,False
-42.91789,320,1579.949559,False,False
-43.761676,313,1581.290487,False,False
-43.609409,314,1582.691838,False,False
-42.328009,321,1584.253143,False,False
-43.705296,314,1585.75878,False,False
-42.838109,311,1587.461197,False,False
-42.553283,324,1588.983828,False,False
-93.039415,314,1590.537738,False,False
-93.314884,310,1591.930512,False,False
-43.601907,309,1593.503463,False,False
-93.055459,311,1595.128201,False,False
-93.148146,312,1596.892357,False,False
-43.505072,317,1598.343983,False,False
-92.404274,309,1599.823092,False,False
-43.159851,317,1601.254111,False,False
-42.611144,318,1602.835308,False,False
-93.047624,318,1604.3657,False,False
-42.674268,325,1605.907186,False,False
-92.603137,315,1607.529891,False,False
-43.105652,319,1609.132837,False,False
-42.983762,323,1610.554003,False,False
-42.712425,313,1612.167595,False,False
-43.215533,319,1613.569686,False,False
-43.816145,313,1614.95331,False,False
-44.465154,306,1616.524895,False,False
-92.788649,317,1618.376591,False,False
-92.756127,306,1620.164251,False,False
-93.238159,307,1621.796874,False,False
-92.719324,309,1623.410516,False,False
-92.832434,314,1625.001037,False,False
-42.970867,314,1626.370696,False,False
-42.890844,319,1627.762365,False,False
-92.874881,318,1629.428794,False,False
-43.319413,320,1630.986678,False,False
-92.974175,309,1632.34751,False,False
-93.202042,312,1633.725919,False,False
-93.00919,308,1635.321142,False,False
-42.751554,319,1636.933682,False,False
-92.968924,300,1638.254623,False,False
-93.267381,317,1639.775773,False,False
-42.901911,322,1641.522632,False,False
-43.599077,314,1643.057554,False,False
-43.429185,316,1644.744343,False,False
-43.10319,321,1646.337845,False,False
-43.80076,306,1647.801056,False,False
-93.868197,312,1649.281825,False,False
-93.621209,301,1650.729644,False,False
-42.937063,313,1652.059767,False,False
-43.894487,315,1653.444163,False,False
-42.628615,321,1655.099581,False,False
-44.143147,300,1656.510954,False,False
-43.642317,307,1657.813312,False,False
-43.934174,309,1659.28861,False,False
-93.721247,299,1660.529234,False,False
-42.940799,319,1662.041023,False,False
-42.819133,321,1663.746867,False,False
-43.027269,322,1665.253228,False,False
-43.467173,314,1666.924655,False,False
-43.69952,315,1668.304355,False,False
-43.514406,307,1669.771309,False,False
-43.309828,313,1671.219914,False,False
-42.673681,322,1672.792877,False,False
-93.183878,297,1674.204201,False,False
-93.125237,296,1675.639792,False,False
-93.090313,317,1677.044087,False,False
-42.936935,321,1678.48324,False,False
-92.964707,294,1680.152444,False,False
-43.57526,304,1681.568288,False,False
-92.443342,305,1683.015022,False,False
-44.207695,298,1684.298729,False,False
-43.780431,302,1685.696399,False,False
-43.627511,306,1687.339452,False,False
-43.500672,306,1689.072893,False,False
-43.552235,301,1690.537016,False,False
-42.358128,314,1692.056907,False,False
-41.930712,321,1693.502439,False,False
-42.7251,313,1695.017675,False,False
-41.980573,324,1696.422553,False,False
-41.701206,326,1698.07486,False,False
-42.591924,319,1699.526946,False,False
-43.021995,313,1700.962543,False,False
-42.522752,308,1702.264169,False,False
-42.533255,312,1703.716365,False,False
-42.619595,314,1705.422854,False,False
-42.724067,314,1706.945993,False,False
-42.412044,313,1708.363301,False,False
-42.700476,314,1709.966703,False,False
-42.928925,311,1711.80351,False,False
-41.438776,326,1713.411525,False,False
-41.938344,320,1715.181725,False,False
-43.032911,314,1716.738523,False,False
-42.428336,320,1718.122188,False,False
-42.737963,313,1719.7648,False,False
-41.958453,324,1721.430279,False,False
-42.454195,321,1723.121524,False,False
-42.632755,319,1724.516969,False,False
-42.413892,320,1726.074692,False,False
-44.178699,300,1727.396544,False,False
-42.437544,319,1728.887001,False,False
-42.006571,325,1730.31868,False,False
-42.226559,321,1731.964329,False,False
-42.661796,317,1733.421526,False,False
-43.953366,303,1735.078846,False,False
-42.765481,318,1736.598069,False,False
-42.751821,315,1737.996165,False,False
-42.417453,315,1739.554821,False,False
-42.430296,315,1740.939511,False,False
-42.874683,310,1742.415953,False,False
-41.933483,319,1743.749213,False,False
-42.161721,319,1745.156092,False,False
-42.325206,321,1746.558425,False,False
-42.211394,320,1747.929151,False,False
-42.30089,315,1749.473554,False,False
-43.317652,315,1750.874822,False,False
-42.562006,329,1752.439137,False,False
-42.175796,326,1753.827612,False,False
-93.231624,307,1755.392833,False,False
-42.874225,319,1756.956969,False,False
-92.78052,301,1758.605238,False,False
-92.54249,313,1760.24608,False,False
-92.302864,314,1761.576536,False,False
-92.908995,310,1763.034051,False,False
-41.400916,331,1764.577791,False,False
-42.707928,326,1766.240904,False,False
-92.322073,314,1767.738574,False,False
-43.095804,323,1769.336431,False,False
-92.90898,310,1770.810395,False,False
-93.252479,307,1772.102917,False,False
-42.541867,325,1773.506038,False,False
-92.213956,318,1774.947942,False,False
-42.088482,323,1776.502856,False,False
-42.345639,327,1778.171157,False,False
-92.845822,310,1779.708845,False,False
-43.549937,320,1781.529574,False,False
-42.48771,327,1783.435211,False,False
-93.178579,312,1785.011576,False,False
-42.544929,322,1786.950979,False,False
-92.283966,326,1788.556053,False,False
-93.134465,308,1790.262723,False,False
-42.976796,324,1791.87967,False,False
-42.394804,324,1793.528563,False,False
-42.550406,330,1795.85044,False,False
-92.702622,315,1797.584105,False,False
-42.540998,323,1799.34731,False,False
-43.172943,324,1800.845834,False,False
-42.414982,328,1802.469227,False,False
-93.064064,315,1804.12589,False,False
-42.053525,329,1805.899117,False,False
-92.916992,318,1807.543951,False,False
-42.716503,326,1809.421471,False,False
-42.509868,327,1811.152143,False,False
-93.184267,318,1812.850136,False,False
-42.830571,321,1814.556986,False,False
-43.041738,321,1816.324061,False,False
-92.909778,312,1817.82366,False,False
-42.84078,324,1819.473172,False,False
-42.753116,323,1821.041053,False,False
-43.524393,316,1822.840995,False,False
-93.327275,310,1824.818321,False,False
-43.79969,305,1826.438907,False,False
-43.747285,313,1827.977992,False,False
-42.556893,323,1829.880291,False,False
-43.124352,322,1831.766861,False,False
-42.705479,316,1833.644986,False,False
-43.347061,319,1835.311641,False,False
-41.930893,322,1836.801202,False,False
-42.83766,322,1838.504284,False,False
-42.047159,320,1840.249762,False,False
-93.262386,312,1841.783356,False,False
-93.240421,308,1843.353415,False,False
-42.363636,326,1844.898563,False,False
-93.480621,314,1846.791254,False,False
-42.99262,321,1848.277597,False,False
-43.435542,321,1849.897332,False,False
-43.180959,318,1851.324893,False,False
-42.313711,319,1852.740344,False,False
-43.092903,318,1854.567456,False,False
-43.390817,318,1856.357886,False,False
-42.586596,320,1858.105618,False,False
-92.377217,321,1859.554731,False,False
-42.128092,325,1861.218925,False,False
-92.596973,319,1863.04074,False,False
-92.558246,318,1864.639937,False,False
-93.030477,310,1866.077462,False,False
-42.358728,321,1867.613409,False,False
-43.695717,314,1869.066378,False,False
-92.52743,313,1870.616392,False,False
-42.017048,318,1872.142299,False,False
-92.614715,319,1873.743998,False,False
-42.532152,322,1875.215744,False,False
-44.319441,302,1876.654624,False,False
-92.998177,318,1878.179174,False,False
-42.791612,321,1879.963121,False,False
-92.753303,309,1881.653001,False,False
-43.648062,311,1883.10135,False,False
-92.751072,319,1884.465939,False,False
-43.222297,313,1885.923715,False,False
-92.595822,318,1887.288302,False,False
-92.841477,313,1888.982811,False,False
-43.134072,317,1890.584209,False,False
-92.73025,315,1891.946441,False,False
-43.632835,318,1893.323141,False,False
-92.813284,308,1894.628477,False,False
-42.988299,313,1896.102113,False,False
-92.537426,317,1897.498762,False,False
-92.968486,312,1898.966524,False,False
-43.921671,305,1900.41308,False,False
-93.403714,309,1902.145334,False,False
-93.636832,302,1903.581032,False,False
-93.274202,307,1905.208352,False,False
-43.183589,322,1906.584407,False,False
-91.994847,319,1907.927865,False,False
-44.062183,313,1909.466688,False,False
-43.124972,319,1910.860225,False,False
-93.206781,312,1912.191193,False,False
-92.561984,317,1913.827519,False,False
-44.427839,310,1915.237732,False,False
-92.400972,310,1916.786698,False,False
-92.973926,319,1918.37529,False,False
-43.259335,320,1920.038671,False,False
-44.453607,309,1921.747302,False,False
-92.944758,319,1923.368743,False,False
-92.868767,302,1924.969811,False,False
-42.465764,323,1926.796824,False,False
-43.458525,314,1928.646826,False,False
-92.380001,313,1930.406087,False,False
-44.583259,307,1931.950692,False,False
-93.17899,309,1933.582855,False,False
-93.251961,311,1935.113424,False,False
-92.762041,319,1937.230836,False,False
-92.792032,309,1938.776085,False,False
-93.928819,295,1940.040072,False,False
-43.124642,316,1941.441248,False,False
-93.680645,307,1943.020118,False,False
-93.119643,318,1944.456688,False,False
-92.511705,317,1946.006804,False,False
-93.609497,302,1947.385147,False,False
-92.941425,299,1948.918058,False,False
-42.903339,321,1950.563581,False,False
-93.11504,317,1952.32229,False,False
-42.793677,319,1953.865894,False,False
-92.352337,306,1955.252897,False,False
-92.53983,307,1957.012317,False,False
-42.73097,320,1958.647305,False,False
-93.099587,308,1960.254699,False,False
-43.918654,315,1961.980344,False,False
-43.417262,311,1963.541084,False,False
-43.770699,314,1965.046859,False,False
-43.577343,315,1966.579939,False,False
-92.690786,303,1968.076381,False,False
-43.17804,313,1969.806488,False,False
-42.88934,320,1971.266282,False,False
-92.935636,305,1972.756106,False,False
-43.258948,319,1974.553549,False,False
-42.945718,320,1976.384961,False,False
-93.267914,301,1977.960099,False,False
-43.402902,320,1979.475694,False,False
-42.685722,323,1980.994727,False,False
-42.956844,318,1982.564785,False,False
-93.070166,309,1983.947496,False,False
-43.271719,315,1985.623561,False,False
-42.762411,319,1987.019932,False,False
-92.95711,309,1988.335788,False,False
-42.917643,310,1989.811506,False,False
-42.968229,315,1991.235423,False,False
-42.063052,324,1992.799452,False,False
-92.669019,316,1994.207446,False,False
-92.847002,317,1995.66058,False,False
-92.570716,309,1997.320936,False,False
-94.087701,307,1998.945689,False,False
-93.683193,310,2000.689369,False,False
-92.825735,312,2002.482126,False,False
-43.903073,312,2004.196105,False,False
-43.388757,317,2005.895677,False,False
-41.876268,324,2007.639654,False,False
-93.034127,312,2009.313965,False,False
-92.609158,313,2010.793949,False,False
-93.386358,305,2012.252986,False,False
-43.030381,310,2013.782278,False,False
-93.295715,307,2015.468426,False,False
-41.646809,320,2016.898469,False,False
-93.026327,310,2018.435898,False,False
-43.284691,317,2019.906518,False,False
-92.564207,310,2021.619266,False,False
-43.046503,322,2023.316524,False,False
-43.754715,310,2024.928763,False,False
-92.544341,310,2026.607126,False,False
-92.859298,313,2028.14049,False,False
-42.793578,319,2029.826819,False,False
-42.825617,322,2031.464643,False,False
-42.359529,320,2033.157095,False,False
-42.879225,320,2034.771111,False,False
-43.557014,321,2036.489202,False,False
-92.538843,312,2038.176636,False,False
-92.794262,312,2039.658232,False,False
-93.369877,311,2041.313937,False,False
-42.206506,325,2042.866844,False,False
-43.456602,314,2044.240238,False,False
-42.522644,322,2046.232121,False,False
-43.273409,310,2047.881368,False,False
-43.375862,314,2049.746652,False,False
-42.749169,319,2051.294284,False,False
-42.393324,323,2053.021447,False,False
-93.089999,306,2054.342261,False,False
-43.107212,316,2056.046344,False,False
-92.567383,309,2057.547466,False,False
-42.101657,322,2059.01038,False,False
-93.052501,312,2060.473376,False,False
-42.877071,320,2062.049038,False,False
-42.53693,323,2063.560779,False,False
-92.596747,305,2064.919805,False,False
-43.478117,316,2066.381408,False,False
-43.367056,319,2067.757878,False,False
-42.331623,326,2069.52974,False,False
-42.794867,316,2071.050616,False,False
-42.432383,326,2072.868241,False,False
-93.339264,301,2074.341339,False,False
-42.49003,321,2075.911731,False,False
-42.571148,324,2077.544802,False,False
-43.502876,316,2079.03016,False,False
-43.919348,316,2080.594185,False,False
-92.463935,308,2081.928283,False,False
-43.527409,315,2083.447337,False,False
-92.539602,313,2084.893823,False,False
-42.393894,319,2086.429746,False,False
-92.500401,310,2087.791988,False,False
-93.218417,318,2089.122388,False,False
-92.550135,313,2090.745065,False,False
-42.487315,323,2092.190404,False,False
-42.737117,318,2093.878833,False,False
-92.876904,308,2095.562447,False,False
-92.967991,313,2097.213845,False,False
-92.666139,310,2098.801236,False,False
-92.232002,313,2100.133364,False,False
-41.788689,325,2101.715761,False,False
-92.75793,304,2103.089418,False,False
-42.88709,320,2104.687,False,False
-92.10444,321,2106.281383,False,False
-41.772105,328,2107.947308,False,False
-42.556836,325,2109.379207,False,False
-92.463294,312,2110.751381,False,False
-43.144085,320,2112.374222,False,False
-92.04698,321,2114.010432,False,False
-92.145652,328,2115.693012,False,False
-42.670612,324,2117.649876,False,False
-42.81867,318,2119.232734,False,False
-42.598594,326,2121.130723,False,False
-92.470663,319,2122.623069,False,False
-42.896295,319,2124.294391,False,False
-92.607587,314,2125.937386,False,False
-42.972795,319,2127.523905,False,False
-92.875452,310,2129.231502,False,False
-42.629679,322,2130.751619,False,False
-92.627861,309,2132.473273,False,False
-93.108566,308,2134.047227,False,False
-93.012803,309,2135.445834,False,False
-41.961794,326,2137.009744,False,False
-42.481571,322,2138.796591,False,False
-92.977747,311,2140.855583,False,False
-92.531846,313,2142.522001,False,False
-42.856384,324,2144.460212,False,False
-42.207799,325,2146.114266,False,False
-42.700438,324,2147.517796,False,False
-42.39691,325,2148.940869,False,False
-42.480976,321,2150.355784,False,False
-42.955711,320,2151.926166,False,False
-42.945238,318,2153.39882,False,False
-93.616694,305,2154.785761,False,False
-43.761306,310,2156.131431,False,False
-44.252079,310,2157.665296,False,False
-94.187702,303,2158.994539,False,False
-93.721179,307,2160.45695,False,False
-43.800136,315,2161.918275,False,False
-43.853287,310,2163.362394,False,False
-42.363698,319,2165.206538,False,False
-44.214452,310,2166.863239,False,False
-42.906668,324,2168.789597,False,False
-44.108868,309,2170.177378,False,False
-92.880933,298,2171.663746,False,False
-43.315135,321,2173.40671,False,False
-42.582167,323,2174.873457,False,False
-43.217465,311,2176.400798,False,False
-43.389932,315,2177.979957,False,False
-43.501858,315,2179.565731,False,False
-92.87783,309,2181.016706,False,False
-41.772969,329,2182.675529,False,False
-42.249827,325,2184.398986,False,False
-42.554121,325,2186.054093,False,False
-93.084516,307,2187.431579,False,False
-42.994348,318,2189.057016,False,False
-93.787431,306,2191.018016,False,False
-41.98879,325,2192.946742,False,False
-41.776765,315,2194.448413,False,False
-94.244242,305,2195.787867,False,False
-93.63349,307,2197.14683,False,False
-92.266384,319,2198.859258,False,False
-92.684123,313,2200.438442,False,False
-92.856808,310,2202.213509,False,False
-92.271534,320,2203.680036,False,False
-92.512099,311,2205.193187,False,False
-93.159822,310,2206.954407,False,False
-92.871796,309,2208.458775,False,False
-92.646517,313,2210.030906,False,False
-42.376782,323,2211.559792,False,False
-92.554028,319,2213.268741,False,False
-41.933132,319,2215.165279,False,False
-42.511312,321,2216.961096,False,False
-43.657096,304,2218.338968,False,False
-42.457967,326,2219.952294,False,False
-92.733672,314,2221.51462,False,False
-42.716136,326,2223.165133,False,False
-42.338791,326,2224.613085,False,False
-42.147457,324,2226.144048,False,False
-42.787046,316,2227.747996,False,False
-42.558831,320,2229.117198,False,False
-42.990101,321,2230.521303,False,False
-42.399481,323,2232.063065,False,False
-43.095548,316,2233.655495,False,False
-43.327607,320,2235.270291,False,False
-92.183429,318,2236.885789,False,False
-43.152413,318,2238.74706,False,False
-42.575002,327,2240.349988,False,False
-43.457005,317,2241.954862,False,False
-42.326445,324,2243.742235,False,False
-43.435524,316,2245.293846,False,False
-42.390971,327,2247.410737,False,False
-42.260953,322,2249.178369,False,False
-42.432716,326,2250.670606,False,False
-42.364022,325,2252.229784,False,False
-42.288734,321,2253.698566,False,False
-43.30211,318,2255.349659,False,False
-93.379616,318,2256.750555,False,False
-42.672827,323,2258.385672,False,False
-42.171566,327,2260.401563,False,False
-92.884044,308,2262.116595,False,False
-43.028952,323,2264.335311,False,False
-43.386977,319,2265.883999,False,False
-42.868856,322,2267.639601,False,False
-92.968381,318,2269.362063,False,False
-42.306727,321,2270.827084,False,False
-42.817503,313,2272.263182,False,False
-43.524099,315,2273.771906,False,False
-41.870219,327,2275.22144,False,False
-92.568082,319,2276.641669,False,False
-92.849823,312,2278.073759,False,False
-93.625702,312,2279.828441,False,False
-93.452683,303,2281.274436,False,False
-42.056277,324,2282.897473,False,False
-93.502668,310,2284.921968,False,False
-92.339638,309,2286.911533,False,False
-93.019799,314,2288.775925,False,False
-92.448764,319,2290.528182,False,False
-92.958454,317,2292.096987,False,False
-93.279174,308,2293.700957,False,False
-93.299184,311,2295.31422,False,False
-43.140078,312,2296.956229,False,False
-93.157248,310,2298.344048,False,False
-92.945792,312,2300.046249,False,False
-92.725332,309,2301.67413,False,False
-93.012075,315,2303.238798,False,False
-92.753156,311,2304.746082,False,False
-42.86939,316,2306.205655,False,False
-92.826989,311,2307.780216,False,False
-92.485036,313,2309.713319,False,False
-92.611741,313,2311.827003,False,False
-42.849362,313,2313.64932,False,False
-93.356612,300,2315.109014,False,False
-93.090796,310,2316.663291,False,False
-42.759491,318,2318.183593,False,False
-42.124815,322,2320.054462,False,False
-41.982585,318,2321.736732,False,False
-93.016441,300,2323.134524,False,False
-92.420417,313,2324.571906,False,False
-93.671829,310,2326.198164,False,False
-92.742619,305,2327.620757,False,False
-42.559045,328,2329.307767,False,False
-93.01981,307,2330.717724,False,False
-92.619918,314,2332.334805,False,False
-92.432783,312,2334.220857,False,False
-92.862605,313,2336.464226,False,False
-92.7438,312,2338.245972,False,False
-92.199928,314,2339.79949,False,False
-92.617781,311,2341.387946,False,False
-43.193618,314,2343.190926,False,False
-43.171903,322,2344.669236,False,False
-92.98135,312,2346.26373,False,False
-92.910371,312,2348.022854,False,False
-92.436406,313,2349.494534,False,False
-93.192084,312,2351.152516,False,False
-92.559698,319,2352.746873,False,False
-92.739406,307,2354.336504,False,False
-93.197188,307,2355.888036,False,False
-93.321598,310,2357.224086,False,False
-43.036783,314,2358.783656,False,False
-93.326618,295,2360.226503,False,False
-43.976543,312,2361.81423,False,False
-93.044049,310,2363.42671,False,False
-93.198867,311,2365.015884,False,False
-92.797322,308,2366.432819,False,False
-93.02061,316,2368.260543,False,False
-92.824969,309,2369.676385,False,False
-93.032173,311,2371.26491,False,False
-92.830908,292,2372.744792,False,False
-92.293511,313,2374.114236,False,False
-94.000141,303,2375.424055,False,False
-93.224352,311,2376.910511,False,False
-92.148221,319,2378.337771,False,False
-92.169428,307,2379.910128,False,False
-93.159688,310,2381.304556,False,False
-43.086709,319,2383.127801,False,False
-93.468122,309,2384.784793,False,False
-92.754003,310,2386.280201,False,False
-93.314316,311,2387.904884,False,False
-43.44479,319,2389.489538,False,False
-93.164278,308,2391.01083,False,False
-42.095462,326,2392.625716,False,False
-94.26404,301,2394.141146,False,False
-41.859235,324,2395.587942,False,False
-42.759674,321,2397.084371,False,False
-42.866568,317,2398.499031,False,False
-43.342305,320,2399.994509,False,False
-92.965339,311,2401.567495,False,False
-92.906654,306,2403.175861,False,False
-92.738179,309,2404.725857,False,False
-92.453222,308,2406.44021,False,False
-92.780367,313,2408.477042,False,False
-92.697292,312,2410.368547,False,False
-92.920903,306,2411.783576,False,False
-42.739737,321,2413.379942,False,False
-42.416115,322,2414.937227,False,False
-43.54953,314,2416.554351,False,False
-93.391328,298,2417.923004,False,False
-43.278602,315,2419.29951,False,False
-43.545514,311,2420.701843,False,False
-42.683065,321,2422.327552,False,False
-42.335001,324,2423.998083,False,False
-42.476647,320,2425.479126,False,False
-43.409414,317,2426.943478,False,False
-42.657022,320,2428.691485,False,False
-42.531875,324,2430.751403,False,False
-43.00998,321,2432.717659,False,False
-43.207843,315,2434.290304,False,False
-42.41614,322,2436.020904,False,False
-42.83256,322,2437.910096,False,False
-92.856011,312,2439.427332,False,False
-42.630596,324,2441.430276,False,False
-42.819694,321,2443.275854,False,False
-42.589359,323,2445.0992,False,False
-92.998508,309,2446.612872,False,False
-42.259831,327,2448.435517,False,False
-42.05855,325,2450.287818,False,False
-43.021099,322,2451.897829,False,False
-93.266583,315,2453.436241,False,False
-42.275844,326,2455.388135,False,False
-43.189323,316,2457.374461,False,False
-44.164041,309,2459.03516,False,False
-92.740522,309,2460.612399,False,False
-43.4828,310,2462.124547,False,False
-92.230554,314,2463.760353,False,False
-42.925835,318,2465.188764,False,False
-93.185437,314,2466.653817,False,False
-42.998914,312,2468.088387,False,False
-92.785347,295,2469.370367,False,False
-93.215176,305,2470.658993,False,False
-92.594261,316,2472.073554,False,False
-92.696727,310,2473.742956,False,False
-92.565587,313,2475.24861,False,False
-42.564274,325,2477.05572,False,False
-43.445072,318,2478.751858,False,False
-93.081658,309,2480.361392,False,False
-43.612408,318,2482.121928,False,False
-92.49825,313,2483.60156,False,False
-92.760649,319,2485.109485,False,False
-92.780199,309,2486.607026,False,False
-42.337076,317,2488.12131,False,False
-42.858892,321,2489.673802,False,False
-42.464217,326,2491.346477,False,False
-92.614968,311,2492.954342,False,False
-43.670604,311,2494.351763,False,False
-44.457753,308,2495.847021,False,False
-43.570826,314,2497.15964,False,False
-42.815465,320,2498.702748,False,False
-42.177507,323,2500.090727,False,False
-42.571143,324,2501.619628,False,False
-43.043863,318,2503.863448,False,False
-42.972524,317,2505.604586,False,False
-93.09702,314,2507.610336,False,False
-42.365065,323,2509.46082,False,False
-92.960547,315,2511.023455,False,False
-43.120475,322,2512.725834,False,False
-42.761317,326,2514.478325,False,False
-42.67779,308,2516.027275,False,False
-93.276836,318,2517.58064,False,False
-42.411088,326,2519.47685,False,False
-43.258623,320,2521.012625,False,False
-42.429358,319,2522.618759,False,False
-93.63723,308,2523.977302,False,False
-92.680846,316,2525.607883,False,False
-92.621372,318,2527.287074,False,False
-93.396537,306,2528.963985,False,False
-92.96379,316,2530.836468,False,False
-41.95826,324,2532.352153,False,False
-92.307212,311,2534.076249,False,False
-41.878092,327,2535.508388,False,False
-92.689448,308,2537.044718,False,False
-92.485437,313,2538.622578,False,False
-92.662393,312,2540.076291,False,False
-93.059422,309,2541.696058,False,False
-92.818518,311,2543.61452,False,False
-92.825894,308,2545.038902,False,False
-42.755992,326,2546.820405,False,False
-92.850793,310,2548.275553,False,False
-43.253518,320,2550.16047,False,False
-42.388034,320,2552.044354,False,False
-92.694999,305,2553.715881,False,False
-92.584869,308,2555.574818,False,False
-93.062123,312,2557.220888,False,False
-92.522324,314,2558.988722,False,False
-93.631202,306,2560.635572,False,False
-43.476674,320,2562.358621,False,False
-93.211274,310,2563.833882,False,False
-42.665024,319,2565.455292,False,False
-93.031851,312,2566.932039,False,False
-92.8393,308,2568.333312,False,False
-42.371656,327,2569.782689,False,False
-92.484213,313,2571.163482,False,False
-93.083746,305,2572.507465,False,False
-93.734139,309,2573.994368,False,False
-43.808327,316,2575.570231,False,False
-43.062961,321,2577.240639,False,False
-92.620357,310,2578.709997,False,False
-93.625624,310,2580.363353,False,False
-92.649848,309,2581.721801,False,False
-44.235266,304,2583.360058,False,False
-93.300256,310,2584.678834,False,False
-92.943725,308,2586.134623,False,False
-93.175925,305,2587.557795,False,False
-42.448884,323,2588.937731,False,False
-93.23986,307,2590.248795,False,False
-92.506595,312,2591.691675,False,False
-43.23804,319,2593.193675,False,False
-93.084552,297,2594.74514,False,False
-92.860016,312,2596.220117,False,False
-93.151454,310,2597.698738,False,False
-92.396752,312,2599.246635,False,False
-92.428361,310,2601.261437,False,False
-92.94761,310,2602.939473,False,False
-92.541249,312,2604.432994,False,False
-42.692821,321,2605.978663,False,False
-92.524388,313,2607.572022,False,False
-92.782723,297,2609.001825,False,False
-92.805138,312,2610.359761,False,False
-42.932642,326,2611.984176,False,False
-92.640948,312,2613.553907,False,False
-92.551597,312,2614.957595,False,False
-92.425761,313,2616.363,False,False
-92.79716,307,2617.724449,False,False
-93.78446,306,2619.124221,False,False
-43.411316,318,2620.690828,False,False
-42.889668,315,2622.270403,False,False
-93.027851,324,2623.967795,False,False
-92.802708,307,2625.971041,False,False
-42.8695,317,2627.690998,False,False
-92.39266,318,2629.290694,False,False
-41.911786,327,2630.800218,False,False
-93.466643,318,2632.513093,False,False
-93.121074,310,2634.313111,False,False
-93.481798,298,2636.101007,False,False
-92.880862,294,2637.474596,False,False
-92.629477,313,2639.212622,False,False
-42.837135,318,2640.615321,False,False
-92.34394,313,2642.267236,False,False
-92.687301,312,2643.702602,False,False
-93.1953,311,2645.273993,False,False
-93.304716,308,2646.719801,False,False
-92.91659,310,2648.743263,False,False
-93.51874,297,2650.168353,False,False
-92.531643,313,2651.929224,False,False
-92.493306,311,2653.305094,False,False
-93.754798,302,2654.882925,False,False
-42.776334,323,2656.440438,False,False
-93.157644,310,2657.878987,False,False
-92.677602,316,2659.578321,False,False
-43.633081,316,2661.589797,False,False
-43.641819,312,2663.119136,False,False
-93.322606,306,2664.59385,False,False
-92.560562,313,2666.36507,False,False
-93.031414,311,2667.961147,False,False
-92.458212,313,2669.630927,False,False
-92.355335,314,2671.042369,False,False
-92.727635,311,2672.797255,False,False
-92.448203,314,2674.828014,False,False
-92.787998,310,2676.391622,False,False
-42.782044,326,2677.869262,False,False
-93.119307,294,2679.392065,False,False
-93.92154,308,2680.841883,False,False
-42.784507,325,2682.502364,False,False
-92.542973,313,2683.929754,False,False
-92.675596,313,2685.62884,False,False
-92.788745,299,2687.160487,False,False
-92.82209,312,2688.710617,False,False
-93.263044,310,2690.211308,False,False
-93.137626,310,2691.916915,False,False
-93.77874,299,2693.437875,False,False
-43.591978,316,2695.319917,False,False
-93.338039,312,2697.189712,False,False
-92.75521,312,2699.26722,False,False
-41.82408,326,2701.372806,False,False
-42.110289,327,2703.061173,False,False
-43.09598,320,2704.77989,False,False
-92.754109,304,2706.401035,False,False
-92.593484,309,2708.148384,False,False
-93.297093,309,2709.777434,False,False
-92.575859,312,2711.261926,False,False
-93.527837,303,2713.007524,False,False
-42.818241,324,2714.686944,False,False
-93.059043,309,2716.467049,False,False
-92.895293,312,2717.981345,False,False
-92.806865,308,2719.41924,False,False
-93.370778,306,2720.999606,False,False
-44.067475,305,2722.730367,False,False
-92.525828,313,2725.019459,False,False
-93.064026,307,2727.087645,False,False
-92.760422,308,2728.707063,False,False
-92.674107,313,2730.110223,False,False
-92.3303,314,2731.518893,False,False
-93.512524,318,2733.090232,False,False
-43.185407,317,2734.524396,False,False
-42.34282,328,2736.15086,False,False
-43.40804,317,2737.767088,False,False
-42.736208,323,2739.329134,False,False
-42.521205,325,2741.006255,False,False
-92.700716,312,2742.491789,False,False
-42.592823,322,2743.978477,False,False
-42.225964,330,2745.508135,False,False
-42.614391,324,2747.617039,False,False
-42.074934,328,2749.524468,False,False
-42.401806,325,2751.374372,False,False
-43.47921,305,2752.997962,False,False
-43.299827,313,2754.624251,False,False
-92.419221,325,2756.130746,False,False
-92.926636,317,2757.701488,False,False
-41.97064,324,2759.510776,False,False
-42.424261,320,2761.031723,False,False
-43.095887,320,2762.422579,False,False
-92.99942,311,2763.937279,False,False
-42.438673,321,2765.359662,False,False
-92.817793,318,2766.895369,False,False
-93.36882,305,2768.19287,False,False
-93.585215,308,2769.628936,False,False
-93.65632,310,2771.159877,False,False
-93.116804,310,2772.76535,False,False
-42.924624,312,2774.471104,False,False
-42.460179,326,2775.921426,False,False
-92.804254,308,2777.506423,False,False
-93.044214,312,2778.960298,False,False
-92.966768,309,2780.390514,False,False
-92.075207,312,2781.788333,False,False
-42.70026,323,2783.351051,False,False
-92.829844,312,2784.747553,False,False
-93.193007,311,2786.450824,False,False
-93.219363,306,2788.897555,False,False
-92.371211,312,2790.685137,False,False
-93.021958,308,2792.563931,False,False
-42.428816,329,2794.128391,False,False
-92.071359,314,2795.998526,False,False
-92.793697,307,2797.884458,False,False
-92.748413,313,2799.759274,False,False
-92.781477,310,2801.500938,False,False
-93.261044,311,2802.999496,False,False
-92.91392,310,2804.545007,False,False
-93.220945,310,2806.24902,False,False
-92.952596,310,2807.938586,False,False
-92.713129,308,2809.399083,False,False
-93.646107,309,2811.162572,False,False
-92.356337,317,2812.966988,False,False
-92.708251,313,2814.714428,False,False
-93.115371,309,2816.609076,False,False
-93.0461,311,2818.163899,False,False
-92.484405,307,2820.316462,False,False
-92.402366,312,2822.077349,False,False
-92.68377,303,2823.57447,False,False
-93.505217,310,2825.210227,False,False
-93.027013,308,2826.866202,False,False
-42.682036,325,2828.445819,False,False
-93.091959,307,2830.011758,False,False
-42.945098,315,2831.464179,False,False
-43.092086,315,2832.955769,False,False
-92.706403,309,2834.327575,False,False
-93.245932,312,2835.960308,False,False
-42.402903,323,2837.345581,False,False
-42.705685,325,2838.879363,False,False
-92.89805,307,2840.232761,False,False
-43.215093,319,2841.635611,False,False
-43.47487,317,2843.184012,False,False
-41.719203,322,2844.917679,False,False
-92.796417,312,2846.542397,False,False
-43.316468,318,2848.084932,False,False
-42.321345,328,2849.636789,False,False
-92.572741,321,2851.189733,False,False
-92.784312,308,2852.701672,False,False
-42.59517,321,2854.24504,False,False
-42.511489,323,2855.942646,False,False
-92.564661,320,2857.414444,False,False
-42.523741,319,2858.826466,False,False
-42.436132,324,2860.413717,False,False
-92.918266,315,2861.896883,False,False
-93.208458,312,2863.359618,False,False
-42.330116,323,2864.930163,False,False
-43.278987,323,2866.399825,False,False
-93.391317,311,2868.049992,False,False
-92.672603,314,2869.630511,False,False
-92.643351,314,2871.166883,False,False
-43.015629,321,2872.707113,False,False
-42.568469,326,2874.320433,False,False
-43.098084,321,2875.782076,False,False
-42.708919,324,2877.409752,False,False
-42.832014,325,2878.982615,False,False
-43.518597,312,2880.505509,False,False
-93.110671,314,2881.96963,False,False
-92.464137,310,2883.495141,False,False
-42.49862,326,2885.189116,False,False
-42.476942,327,2886.618589,False,False
-42.8555,320,2888.288267,False,False
-42.678413,319,2889.724805,False,False
-42.172324,325,2891.499109,False,False
-43.14095,316,2893.078138,False,False
-92.779343,311,2894.66614,False,False
-92.420311,311,2896.063105,False,False
-92.644022,312,2897.587845,False,False
-92.441854,310,2899.0303,False,False
-43.406772,313,2900.492462,False,False
-92.869812,310,2901.898924,False,False
-92.945708,311,2903.387871,False,False
-92.60446,314,2905.287027,False,False
-43.004499,318,2906.79193,False,False
-42.538345,327,2908.431748,False,False
-93.162959,311,2910.151748,False,False
-93.159077,306,2911.731187,False,False
-92.842562,312,2913.436669,False,False
-92.772778,308,2915.239945,False,False
-92.183967,306,2917.052711,False,False
-92.405959,311,2918.66131,False,False
-92.804384,308,2920.333999,False,False
-92.103461,320,2922.135559,False,False
-93.261098,309,2923.671745,False,False
-93.160423,310,2925.224984,False,False
-93.143519,312,2926.749329,False,False
-93.217774,311,2928.258041,False,False
-92.103331,313,2929.751122,False,False
-92.98589,312,2931.099785,False,False
-92.915855,312,2932.581641,False,False
-92.442967,309,2934.044062,False,False
-92.994,307,2935.584014,False,False
-92.007302,317,2937.010618,False,False
-93.068349,310,2938.477761,False,False
-93.046828,309,2940.394228,False,False
-92.240411,319,2942.136542,False,False
-93.15521,311,2943.817794,False,False
-42.607652,318,2945.411415,False,False
-92.849587,316,2946.923082,False,False
-93.838476,308,2948.603919,False,False
-92.468892,313,2950.39296,False,False
-92.682431,305,2951.743625,False,False
-42.687257,314,2953.287436,False,False
-42.082876,328,2954.769687,False,False
-42.234141,327,2956.325409,False,False
-92.879235,312,2957.662748,False,False
-93.917766,307,2959.094914,False,False
-93.433167,312,2960.620326,False,False
-43.049241,320,2962.162941,False,False
-93.115797,311,2963.710937,False,False
-43.460672,319,2965.425357,False,False
-92.419211,312,2966.986598,False,False
-92.732261,312,2968.337166,False,False
-92.938119,309,2969.869931,False,False
-42.135766,324,2971.399251,False,False
-92.814841,309,2972.856751,False,False
-93.333572,300,2974.405436,False,False
-92.739673,311,2976.072806,False,False
-43.211895,320,2977.528793,False,False
-44.333316,306,2978.972426,False,False
-92.744621,311,2980.350415,False,False
-92.830525,312,2981.772053,False,False
-93.732115,310,2983.105849,False,False
-92.620265,311,2984.502816,False,False
-92.605486,309,2986.23063,False,False
-92.548075,311,2987.785631,False,False
-93.252631,309,2989.446631,False,False
-93.117386,310,2990.823612,False,False
-93.25582,307,2992.341826,False,False
-92.966702,309,2993.98551,False,False
-92.967837,313,2995.524484,False,False
-42.755234,323,2996.973185,False,False
-93.006967,302,2998.398778,False,False
-93.106311,311,2999.904639,False,False
-92.874705,312,3001.299834,False,False
-92.443932,308,3002.717775,False,False
-92.959825,306,3004.375476,False,False
-92.905539,309,3005.936336,False,False
-92.970409,311,3007.422928,False,False
-92.952551,307,3009.050114,False,False
-93.263173,310,3011.314073,False,False
-43.381984,318,3013.03025,False,False
-44.489968,306,3014.612806,False,False
-93.29292,308,3016.341367,False,False
-93.312341,310,3017.920747,False,False
-92.835976,306,3019.48133,False,False
-42.362284,324,3021.275993,False,False
-42.353948,326,3022.963742,False,False
-42.359316,323,3024.480301,False,False
-92.929759,304,3025.904327,False,False
-92.846779,311,3027.614812,False,False
-92.419263,298,3029.279559,False,False
-93.34299,301,3030.776221,False,False
-93.26972,304,3032.172761,False,False
-92.390649,319,3034.163234,False,False
-93.442197,311,3035.902602,False,False
-43.298374,323,3037.749066,False,False
-92.975738,320,3039.495584,False,False
-42.723251,323,3041.106751,False,False
-92.186964,321,3042.546631,False,False
-42.901143,318,3044.059594,False,False
-42.94779,322,3045.612335,False,False
-42.159855,326,3047.045326,False,False
-43.838956,313,3048.436697,False,False
-43.502931,317,3050.077348,False,False
-93.70143,309,3051.656474,False,False
-42.335714,329,3053.227447,False,False
-92.573158,315,3054.873365,False,False
-43.123789,319,3056.657464,False,False
-92.477697,305,3058.415317,False,False
-43.342006,320,3060.19375,False,False
-43.013465,322,3061.888696,False,False
-93.047878,313,3064.035243,False,False
-92.650917,307,3065.597261,False,False
-43.350187,322,3067.124235,False,False
-41.665183,327,3068.649919,False,False
-93.662879,310,3070.018732,False,False
-93.488041,308,3071.658796,False,False
-41.895604,329,3073.140957,False,False
-92.737736,311,3074.9628,False,False
-43.113305,322,3076.685505,False,False
-92.14071,313,3078.464592,False,False
-43.420572,321,3080.208474,False,False
-93.217879,310,3081.767861,False,False
-41.613054,333,3083.65074,False,False
-42.473554,318,3085.276721,False,False
-41.903511,327,3086.934999,False,False
-42.360046,323,3088.364589,False,False
-92.735305,309,3089.969338,False,False
-42.1258,330,3091.449847,False,False
-93.320434,312,3093.027617,False,False
-92.644189,309,3094.582781,False,False
-40.503918,326,3096.053939,False,False
-93.425247,308,3097.619901,False,False
-43.826873,310,3098.985867,False,False
-44.314875,306,3100.348722,False,False
-92.603208,309,3101.854991,False,False
-43.117602,315,3103.385207,False,False
-42.879648,311,3104.804412,False,False
-92.920809,314,3106.263666,False,False
-42.355814,326,3108.134715,False,False
-92.778972,312,3110.002823,False,False
-93.16915,302,3111.508502,False,False
-92.657566,313,3112.984161,False,False
-43.351696,315,3114.501287,False,False
-43.006742,326,3116.311694,False,False
-93.338306,310,3117.894791,False,False
-93.247427,312,3119.323054,False,False
-92.592284,310,3120.928156,False,False
-42.976431,319,3122.312165,False,False
-42.817109,325,3123.860445,False,False
-93.176185,310,3125.462592,False,False
-93.267614,305,3126.859295,False,False
-93.985463,299,3128.165903,False,False
-92.880791,310,3129.909709,False,False
-42.885705,318,3131.626637,False,False
-43.007094,320,3133.914449,False,False
-92.88504,317,3135.696352,False,False
-42.100531,328,3137.202062,False,False
-42.804202,321,3138.872947,False,False
-93.04006,316,3140.486234,False,False
-92.947449,300,3141.802275,False,False
-42.773151,319,3143.41174,False,False
-92.954032,313,3144.810598,False,False
-43.056331,320,3146.242008,False,False
-93.751746,307,3147.592626,False,False
-92.910185,317,3149.204094,False,False
-92.51677,313,3150.875499,False,False
-92.787104,312,3152.269203,False,False
-92.902068,313,3153.869228,False,False
-92.514762,311,3155.421358,False,False
-92.554028,312,3156.70543,False,False
-92.60256,313,3157.96576,False,False
-93.272247,308,3159.35514,False,False
-92.31772,301,3160.606403,False,False
-42.274827,320,3162.031084,False,False
-92.363143,319,3163.289311,False,False
-43.089743,317,3164.594541,False,False
-42.957362,324,3166.163231,False,False
-93.013409,304,3167.527834,False,False
-92.860532,314,3168.905853,False,False
-93.144946,303,3170.150767,False,False
-93.320443,311,3171.776281,False,False
-92.900271,313,3173.136566,False,False
-92.279943,313,3174.786542,False,False
-93.084594,305,3176.128245,False,False
-92.652033,306,3177.403543,False,False
-92.995352,310,3178.809912,False,False
-93.47728,305,3180.054051,False,False
-92.543238,313,3181.468439,False,False
-92.800886,305,3182.757195,False,False
-92.585428,313,3184.010938,False,False
-42.750822,322,3185.442383,False,False
-92.682685,312,3186.794518,False,False
-92.85161,323,3188.286059,False,False
-92.765915,313,3189.56829,False,False
-92.536025,312,3190.958813,False,False
-93.150822,311,3192.359861,False,False
-92.817222,307,3193.713119,False,False
-92.64374,309,3195.114712,False,False
-92.393481,313,3196.380964,False,False
-92.398785,307,3197.694554,False,False
-92.671257,308,3199.016176,False,False
-93.08687,309,3200.456329,False,False
-93.224424,310,3201.811358,False,False
-92.595722,311,3203.129146,False,False
-93.218226,307,3204.482253,False,False
-92.553549,309,3206.017712,False,False
-43.433665,320,3207.423412,False,False
-92.293362,312,3208.92899,False,False
-92.674116,320,3210.345716,False,False
-92.757894,310,3211.994534,False,False
-93.00025,312,3213.453478,False,False
