#{"t_start": 1764886409.502794, "env_id": "None"}
r,l,t,success,semi_success
8.669727,329,1.017911,False,False
-49.280358,321,1.31623,False,False
-56.809369,268,1.502718,False,False
-0.221261,321,1.703591,False,False
-48.455761,322,1.956573,False,False
4.27545,323,2.161197,False,False
-55.844477,292,4.628999,False,False
-0.301317,330,4.889385,False,False
3.996951,329,5.153383,False,False
-3.502715,336,5.37658,False,False
19.161014,329,5.573147,False,False
2.949141,331,5.767445,False,False
2.985596,335,8.28508,False,False
1.938525,333,8.496025,False,False
-39.572669,306,8.673997,False,False
-49.46424,313,8.903876,False,False
-54.026052,307,9.123567,False,False
10.325553,337,9.395602,False,False
-46.968185,309,9.66721,False,False
-56.838729,277,12.299412,False,False
10.778718,335,12.51412,False,False
-0.725547,333,12.763562,False,False
-51.370838,284,12.961217,False,False
14.55057,328,13.198084,False,False
-49.101001,334,13.531987,False,False
3.214428,335,16.107271,False,False
4.816474,344,16.346609,False,False
-42.790636,318,16.571361,False,False
-47.656417,293,16.757541,False,False
5.404493,347,17.05672,False,False
18.224651,322,17.319281,False,False
-48.229994,302,17.522918,False,False
17.414647,337,20.096531,False,False
5.212946,349,20.317456,False,False
14.53072,337,20.522269,False,False
-45.512938,299,20.72444,False,False
-48.998904,311,20.927328,False,False
19.873699,340,21.17171,False,False
-43.724617,288,23.707724,False,False
10.824328,361,24.032751,False,False
7.657012,350,24.254336,False,False
-43.877879,314,24.446718,False,False
-36.964576,342,24.671182,False,False
-41.537672,314,24.863951,False,False
-46.094305,288,27.487013,False,False
-40.876309,292,27.68919,False,False
-38.893221,316,27.876915,False,False
-47.337365,300,28.072525,False,False
-31.099907,320,28.264124,False,False
5.353026,363,28.473455,False,False
-35.196311,352,30.990401,False,False
-25.812828,346,31.3532,False,False
-36.876088,310,31.57029,False,False
-35.694454,314,31.77046,False,False
-34.402561,309,31.969694,False,False
22.460288,362,32.190496,False,False
-29.957744,352,32.415331,False,False
-29.183344,385,34.964459,False,False
-25.872418,344,35.184744,False,False
-30.307014,308,35.443608,False,False
-22.120956,367,35.737634,False,False
-24.709827,326,35.954191,False,False
-36.051064,337,36.161577,False,False
-19.080142,367,38.767439,False,False
-18.462735,345,39.080085,False,False
-23.30494,347,39.324849,False,False
-22.374462,338,39.552353,False,False
-16.673899,343,39.777764,False,False
-24.50631,343,42.329311,False,False
-11.959397,331,42.564477,False,False
-16.914783,347,42.86205,False,False
-27.05183,318,43.131857,False,False
-19.637018,355,43.376241,False,False
-20.945012,364,43.596736,False,False
-13.120092,339,46.115292,False,False
-8.991237,345,46.49763,False,False
-4.534001,343,46.825376,False,False
-9.987008,348,47.115637,False,False
-9.618796,333,47.355477,False,False
-12.984406,338,47.576718,False,False
-19.27912,342,50.219341,False,False
-4.216134,346,50.502068,False,False
-10.117076,344,50.771636,False,False
-4.612764,349,51.079491,False,False
-5.219614,335,51.361021,False,False
-11.97402,357,51.643708,False,False
-5.955689,361,54.303025,False,False
-3.744652,344,54.667693,False,False
-2.467124,339,54.980473,False,False
-7.388025,340,55.220202,False,False
-9.86962,336,55.445259,False,False
-9.759772,345,55.673974,False,False
-1.279755,344,58.373375,False,False
0.538333,339,58.75234,False,False
2.375723,347,58.989561,False,False
-2.21849,350,59.202962,False,False
-7.918628,340,59.404051,False,False
0.297679,350,59.615905,False,False
-3.81356,356,62.336112,False,False
5.454492,337,62.558013,False,False
4.669298,347,62.772313,False,False
4.704768,344,62.998137,False,False
-5.276012,336,63.2133,False,False
1.711214,341,63.447394,False,False
5.501677,348,66.094409,False,False
10.037966,343,66.327535,False,False
3.257679,338,66.552639,False,False
11.763655,344,66.79592,False,False
8.149617,343,67.030912,False,False
15.599104,345,67.301614,False,False
6.542598,345,69.935897,False,False
15.42793,345,70.167505,False,False
14.828033,345,70.49541,False,False
10.474255,343,70.761073,False,False
11.032475,345,71.016207,False,False
13.056584,346,71.286802,False,False
12.847948,345,74.055995,False,False
16.113674,345,74.294804,False,False
20.925451,345,74.560202,False,False
15.16178,345,74.812762,False,False
13.12432,344,75.068858,False,False
15.362174,344,75.397802,False,False
14.702971,344,77.968164,False,False
17.175542,345,78.212718,False,False
16.65147,345,78.477673,False,False
18.466145,344,78.701677,False,False
14.733214,345,78.990957,False,False
16.238286,345,79.285353,False,False
16.993624,345,81.790849,False,False
14.504017,345,82.00622,False,False
15.218256,345,82.221306,False,False
18.646113,345,82.430068,False,False
20.389873,345,82.63084,False,False
16.75395,345,82.8342,False,False
20.194028,345,85.249651,False,False
17.055194,345,85.482828,False,False
20.675182,345,85.80033,False,False
20.62472,345,86.074094,False,False
17.365989,345,86.330371,False,False
18.512513,345,86.544805,False,False
17.764369,345,89.062679,False,False
19.625658,345,89.365681,False,False
17.340313,345,89.648615,False,False
20.805109,345,89.909297,False,False
18.212808,345,90.13505,False,False
19.280428,344,90.37844,False,False
20.075252,345,92.829423,False,False
22.302862,345,93.05829,False,False
19.157982,345,93.306022,False,False
22.547301,345,93.553329,False,False
19.923592,345,93.85004,False,False
21.515264,345,94.183965,False,False
21.265749,345,96.971768,False,False
21.166402,345,97.2395,False,False
22.38682,345,97.537737,False,False
22.040268,345,97.846475,False,False
22.166367,345,98.14325,False,False
21.362826,345,98.430622,False,False
21.007758,345,101.050913,False,False
21.45236,345,101.312454,False,False
20.369863,345,101.660971,False,False
18.579247,344,101.913631,False,False
20.702135,345,102.14087,False,False
21.067856,345,102.357049,False,False
21.225807,345,104.853982,False,False
21.59697,345,105.1124,False,False
20.689771,345,105.399899,False,False
22.158858,345,105.639575,False,False
21.224143,345,105.850542,False,False
21.659091,345,106.05871,False,False
21.339739,345,108.648401,False,False
21.78813,345,108.974103,False,False
22.100986,345,109.292972,False,False
22.525906,345,109.557552,False,False
21.044116,345,109.789956,False,False
22.8406,345,112.363838,False,False
21.580751,345,112.670143,False,False
21.642376,345,112.905856,False,False
22.297971,345,113.13502,False,False
20.880211,345,113.342033,False,False
20.377532,345,113.543192,False,False
22.379277,345,116.044854,False,False
22.372489,345,116.293627,False,False
22.856153,345,116.517038,False,False
21.066892,345,116.754444,False,False
21.562991,345,116.978096,False,False
21.603655,345,117.211607,False,False
21.456807,345,119.846602,False,False
21.57255,345,120.057983,False,False
22.311712,345,120.269794,False,False
21.895208,345,120.474441,False,False
21.846022,345,120.676254,False,False
20.820782,345,120.882994,False,False
22.569231,345,123.221891,False,False
23.033652,345,123.449655,False,False
21.701484,345,123.655994,False,False
22.847942,345,123.870131,False,False
22.405291,345,124.091416,False,False
21.066183,345,124.323422,False,False
23.415277,345,126.923225,False,False
22.289299,345,127.203798,False,False
22.036424,345,127.435497,False,False
22.606483,345,127.654096,False,False
22.559724,345,127.904298,False,False
22.27833,345,128.144372,False,False
22.83213,345,130.638951,False,False
23.853229,345,130.872478,False,False
22.386664,345,131.095983,False,False
22.580378,345,131.329829,False,False
22.436289,345,131.53009,False,False
22.752718,345,131.744687,False,False
23.122845,345,134.346431,False,False
22.6511,345,134.581595,False,False
23.208922,345,134.807395,False,False
21.954547,345,135.021213,False,False
22.832323,345,135.232329,False,False
23.282084,345,135.440533,False,False
22.808102,345,137.657755,False,False
22.87091,345,137.893556,False,False
24.017489,345,138.124909,False,False
22.018214,345,138.351597,False,False
22.290178,345,138.583798,False,False
22.790228,345,138.816644,False,False
23.770329,345,141.177383,False,False
23.491745,345,141.416044,False,False
22.542741,345,141.689186,False,False
22.693245,345,142.022019,False,False
22.634117,345,142.261907,False,False
23.396117,345,142.473861,False,False
22.113432,345,144.729553,False,False
23.207719,345,144.949761,False,False
22.697784,345,145.16159,False,False
22.868644,345,145.368587,False,False
22.279509,345,145.571441,False,False
22.501261,345,145.77157,False,False
23.114701,345,148.284433,False,False
23.27035,345,148.497141,False,False
22.263095,345,148.707683,False,False
23.38726,345,148.912509,False,False
22.090189,345,149.14284,False,False
21.765716,345,149.422203,False,False
22.968985,345,151.972435,False,False
23.335059,345,152.191952,False,False
23.253639,345,152.403676,False,False
23.97686,345,152.612379,False,False
23.695672,345,152.854852,False,False
24.070564,345,153.116169,False,False
23.354214,345,155.520394,False,False
23.337345,345,155.766874,False,False
23.112345,345,155.9984,False,False
22.213815,345,156.253758,False,False
23.530772,345,156.536033,False,False
23.37515,345,156.753294,False,False
23.951842,345,159.297154,False,False
22.3351,345,159.562527,False,False
22.925709,345,159.852429,False,False
22.531956,345,160.086885,False,False
23.51484,345,160.302675,False,False
22.316702,345,160.512878,False,False
22.664964,345,162.973742,False,False
22.708049,345,163.231134,False,False
22.405319,345,163.476074,False,False
22.173207,345,163.708037,False,False
23.120496,345,163.961795,False,False
21.869487,345,164.199036,False,False
22.523384,345,166.83636,False,False
22.509196,345,167.068393,False,False
24.002151,345,167.287338,False,False
23.14485,345,167.52861,False,False
22.920483,345,167.754756,False,False
23.880227,345,170.380269,False,False
23.519405,345,170.614288,False,False
22.687805,345,170.845443,False,False
23.881605,345,171.096511,False,False
22.795246,345,171.423123,False,False
22.249309,345,171.720779,False,False
22.172473,345,174.256149,False,False
23.789203,345,174.502046,False,False
23.106176,345,174.76955,False,False
22.491609,345,175.05982,False,False
22.972419,345,175.309351,False,False
22.527422,345,175.533235,False,False
23.343393,345,178.04684,False,False
22.8104,345,178.40973,False,False
22.826623,345,178.667063,False,False
23.23084,345,178.899883,False,False
22.436813,345,179.12905,False,False
23.782978,345,179.382251,False,False
22.429428,345,181.87764,False,False
22.89494,345,182.147613,False,False
22.912865,345,182.387667,False,False
23.297951,345,182.599423,False,False
23.824971,345,182.816005,False,False
23.144447,345,183.029373,False,False
23.733476,345,185.612455,False,False
22.704794,345,185.847047,False,False
22.545889,345,186.084069,False,False
23.028147,345,186.348905,False,False
23.602405,345,186.597843,False,False
22.89729,345,186.853994,False,False
23.873439,345,189.950243,False,False
22.538126,345,190.208587,False,False
22.898422,345,190.431999,False,False
23.526755,345,190.713291,False,False
24.132863,345,191.055721,False,False
22.224012,345,191.352199,False,False
22.64578,345,193.896293,False,False
23.268298,345,194.176951,False,False
22.917313,345,194.434236,False,False
22.866972,345,194.768572,False,False
22.988493,345,195.114287,False,False
23.950527,345,195.386802,False,False
23.139497,345,197.932239,False,False
23.819832,345,198.214957,False,False
23.190356,345,198.453525,False,False
23.265638,345,198.751728,False,False
22.44389,345,199.063477,False,False
24.055495,345,199.285842,False,False
23.346667,345,201.929186,False,False
23.062157,345,202.271638,False,False
22.766171,345,202.539635,False,False
23.498285,345,202.774767,False,False
22.851326,345,203.027252,False,False
23.001655,345,203.271836,False,False
23.322252,345,205.894514,False,False
22.757488,345,206.182607,False,False
23.032479,345,206.419599,False,False
23.924485,345,206.636944,False,False
23.474778,345,206.881851,False,False
23.161276,345,207.158902,False,False
24.456782,345,210.011606,False,False
23.266848,345,210.227115,False,False
23.229014,345,210.446417,False,False
23.173497,345,210.666121,False,False
23.926977,345,210.88416,False,False
23.943985,345,211.137951,False,False
22.733297,345,213.61511,False,False
23.142899,345,213.903299,False,False
23.158666,345,214.188177,False,False
23.477875,345,214.430203,False,False
22.932466,345,214.642023,False,False
22.902735,345,214.872041,False,False
23.330239,345,217.439387,False,False
23.642934,345,217.653301,False,False
24.297643,345,217.870039,False,False
23.342978,345,218.089167,False,False
22.549312,345,218.294177,False,False
24.29418,345,218.507159,False,False
23.724701,345,221.083497,False,False
23.739907,345,221.37628,False,False
23.37412,345,221.721939,False,False
23.389525,345,222.145688,False,False
24.223053,345,222.542996,False,False
22.170259,345,223.020987,False,False
22.684493,345,225.718902,False,False
22.739395,345,226.072136,False,False
23.035595,345,226.359035,False,False
24.13347,345,226.60307,False,False
23.915704,345,226.846034,False,False
23.842956,345,227.096187,False,False
24.392307,345,229.805349,False,False
22.376928,345,230.086066,False,False
23.703041,345,230.360031,False,False
23.687941,345,230.628378,False,False
22.638755,345,231.105991,False,False
23.83568,345,233.879965,False,False
23.518744,345,234.177414,False,False
23.105311,345,234.439603,False,False
23.708763,345,234.726768,False,False
24.383904,345,235.006307,False,False
23.142692,345,235.353939,False,False
23.874734,345,238.324111,False,False
23.497983,345,238.605642,False,False
23.995905,345,238.872943,False,False
22.770374,345,239.278145,False,False
24.236817,345,239.581765,False,False
22.654037,345,239.83638,False,False
22.981516,345,242.689542,False,False
22.857898,345,242.97739,False,False
23.608485,345,243.258987,False,False
23.65885,345,243.53784,False,False
23.634261,345,243.837942,False,False
24.201259,345,244.106148,False,False
22.057735,345,247.050492,False,False
23.696206,345,247.435333,False,False
22.452674,345,247.729728,False,False
23.278989,345,248.002123,False,False
24.35385,345,248.272149,False,False
22.374101,345,248.544828,False,False
24.025491,345,251.46032,False,False
24.232657,345,251.706357,False,False
23.909967,345,251.962032,False,False
23.178376,345,252.210841,False,False
22.458993,345,252.517155,False,False
23.476649,345,252.894587,False,False
23.231183,345,255.678319,False,False
23.463595,345,256.023466,False,False
23.929154,345,256.285202,False,False
22.600326,345,256.533688,False,False
23.224427,345,256.771533,False,False
24.101824,345,257.009246,False,False
24.166823,345,259.870355,False,False
22.519787,345,260.185339,False,False
24.424434,345,260.471701,False,False
23.172851,345,260.896876,False,False
23.244029,345,261.242168,False,False
24.422492,345,261.485674,False,False
23.698554,345,264.359214,False,False
23.036564,345,264.656998,False,False
23.472826,345,265.059458,False,False
22.429778,345,265.370038,False,False
23.741135,345,265.631501,False,False
23.501575,345,265.889347,False,False
24.498437,345,268.870402,False,False
24.492654,345,269.17105,False,False
23.462564,345,269.526062,False,False
23.664257,345,269.825338,False,False
24.318078,345,270.082862,False,False
22.541143,345,270.32034,False,False
23.575841,345,272.836308,False,False
23.699576,345,273.149761,False,False
24.326126,345,273.400093,False,False
22.683302,345,273.647589,False,False
24.091417,345,273.927822,False,False
24.460521,345,274.255404,False,False
24.345545,345,277.226703,False,False
23.300085,345,277.489562,False,False
24.381252,345,277.74034,False,False
23.844194,345,277.97824,False,False
24.347399,345,278.341826,False,False
23.353005,345,278.663696,False,False
24.36696,345,281.530785,False,False
23.275835,345,281.802038,False,False
23.926492,345,282.148376,False,False
23.739063,345,282.502684,False,False
24.344936,345,282.825314,False,False
23.326883,345,283.070973,False,False
23.797808,345,286.13525,False,False
23.634827,345,286.440845,False,False
24.263735,345,286.778366,False,False
22.56565,345,287.046799,False,False
24.320174,345,287.302072,False,False
23.655808,345,287.637593,False,False
24.335271,345,290.761709,False,False
24.365487,345,291.027882,False,False
23.045479,345,291.266055,False,False
23.670923,345,291.505768,False,False
24.447289,345,291.741288,False,False
22.877925,345,291.991332,False,False
23.427679,345,294.893167,False,False
23.273397,345,295.26442,False,False
24.089742,345,295.634888,False,False
22.625963,345,295.916066,False,False
22.924789,345,296.157442,False,False
24.037417,345,296.401213,False,False
24.147289,345,299.577871,False,False
23.32944,345,299.896103,False,False
22.762771,345,300.154857,False,False
22.762383,345,300.39883,False,False
23.038083,345,300.651607,False,False
23.442055,345,303.728499,False,False
22.729295,345,304.101387,False,False
24.06807,345,304.369635,False,False
23.480907,345,304.629662,False,False
24.310396,345,304.885355,False,False
23.517958,345,305.135233,False,False
23.416946,345,307.925004,False,False
23.780217,345,308.189381,False,False
24.543526,345,308.55079,False,False
23.762609,345,308.846754,False,False
22.763711,345,309.231663,False,False
24.554366,345,309.486832,False,False
24.051013,345,312.258416,False,False
24.098883,345,312.578625,False,False
22.702397,345,312.862885,False,False
22.738238,345,313.108363,False,False
24.051367,345,313.338599,False,False
23.816172,345,313.591648,False,False
22.970196,345,316.418561,False,False
24.570602,345,316.780962,False,False
23.725904,345,317.042994,False,False
24.354859,345,317.279515,False,False
24.551329,345,317.51124,False,False
23.731207,345,317.753119,False,False
24.581122,345,320.601911,False,False
22.85414,345,320.89983,False,False
23.745043,345,321.224483,False,False
23.380725,345,321.513468,False,False
23.472374,345,321.792939,False,False
23.596097,345,322.040958,False,False
22.776174,345,324.826703,False,False
24.104753,345,325.100253,False,False
23.625572,345,325.379325,False,False
24.249508,345,325.701284,False,False
22.514537,345,326.033723,False,False
22.797898,345,326.314116,False,False
24.475732,345,329.133327,False,False
23.826722,345,329.384493,False,False
22.725067,345,329.650182,False,False
24.187707,345,329.959316,False,False
23.711231,345,330.30165,False,False
24.553894,345,330.605939,False,False
23.458779,345,333.431621,False,False
24.38692,345,333.685996,False,False
24.006797,345,333.939429,False,False
23.82674,345,334.193533,False,False
23.549552,345,334.431156,False,False
23.09045,345,334.714144,False,False
24.151142,345,337.537144,False,False
23.877875,345,337.830616,False,False
23.76646,345,338.188423,False,False
22.906583,345,338.474079,False,False
23.001968,345,338.718786,False,False
23.220286,345,338.954099,False,False
23.365309,345,341.789155,False,False
22.875956,345,342.063812,False,False
24.262201,345,342.353868,False,False
22.880501,345,342.703666,False,False
24.187772,345,342.990295,False,False
23.937953,345,343.245403,False,False
24.199269,345,346.00209,False,False
23.380182,345,346.238225,False,False
24.35915,345,346.496731,False,False
23.483698,345,346.7299,False,False
22.769049,345,346.965888,False,False
23.012236,345,347.22142,False,False
24.413339,345,350.008763,False,False
23.586213,345,350.299446,False,False
24.468002,345,350.688354,False,False
24.281239,345,351.029097,False,False
24.152703,345,351.354944,False,False
23.184443,345,351.620595,False,False
24.048025,345,354.347889,False,False
23.384496,345,354.586322,False,False
23.816853,345,354.842508,False,False
24.231164,345,355.082306,False,False
23.212807,345,355.375216,False,False
24.165524,345,355.721285,False,False
23.003547,345,358.453111,False,False
24.448898,345,358.803142,False,False
24.527188,345,359.07423,False,False
23.606962,345,359.340905,False,False
23.519156,345,359.58743,False,False
23.2572,345,359.84483,False,False
23.432439,345,362.513746,False,False
23.718545,345,362.861007,False,False
24.440407,345,363.252619,False,False
23.318175,345,363.513206,False,False
23.021307,345,363.762722,False,False
24.28433,345,366.602544,False,False
22.728958,345,366.842923,False,False
24.378182,345,367.127928,False,False
23.665965,345,367.417451,False,False
23.544785,345,367.763888,False,False
23.505379,345,368.071397,False,False
24.44695,345,370.685225,False,False
23.664585,345,370.927005,False,False
23.27656,345,371.17943,False,False
24.421917,345,371.430958,False,False
23.215814,345,371.683487,False,False
23.871353,345,371.92962,False,False
23.935077,345,374.540516,False,False
23.900415,345,374.789034,False,False
22.834349,345,375.037431,False,False
24.176788,345,375.2925,False,False
24.294484,345,375.565023,False,False
23.275978,345,375.873336,False,False
23.46233,345,378.623371,False,False
23.184025,345,378.858725,False,False
24.190485,345,379.101744,False,False
23.902864,345,379.361579,False,False
23.440813,345,379.613961,False,False
22.647487,345,379.878074,False,False
23.469919,345,382.513334,False,False
23.448065,345,382.762671,False,False
23.474231,345,383.03533,False,False
24.432476,345,383.378969,False,False
24.119328,345,383.671746,False,False
24.402634,345,384.094887,False,False
23.045248,345,386.82028,False,False
24.358039,345,387.07129,False,False
22.725169,345,387.319174,False,False
23.736432,345,387.567769,False,False
22.879856,345,387.829542,False,False
24.2104,345,388.080732,False,False
22.486366,345,390.872635,False,False
23.507902,345,391.118608,False,False
23.710927,345,391.352895,False,False
22.773068,345,391.595762,False,False
24.547928,345,391.847409,False,False
22.909837,345,392.094301,False,False
23.611465,345,394.710629,False,False
23.827261,345,394.955836,False,False
23.687441,345,395.20197,False,False
24.286642,345,395.433266,False,False
24.474709,345,395.677232,False,False
24.556678,345,395.937163,False,False
22.850361,345,398.714766,False,False
23.867974,345,398.954796,False,False
23.773895,345,399.196613,False,False
23.928376,345,399.432554,False,False
24.311726,345,399.688632,False,False
24.609073,345,399.955977,False,False
24.360075,345,402.528812,False,False
23.939932,345,402.764677,False,False
23.783939,345,403.002949,False,False
22.953887,345,403.239917,False,False
23.588428,345,403.502424,False,False
23.275416,345,403.745539,False,False
24.570434,345,406.443971,False,False
23.032647,345,406.801542,False,False
24.469005,345,407.065408,False,False
24.309728,345,407.298773,False,False
24.043636,345,407.550856,False,False
23.870352,345,407.792169,False,False
23.954843,345,410.407214,False,False
23.812082,345,410.657067,False,False
23.271153,345,410.898235,False,False
24.382872,345,411.1477,False,False
23.759284,345,411.40175,False,False
23.950241,345,411.65499,False,False
22.924035,345,414.524685,False,False
23.722144,345,414.774338,False,False
24.202901,345,415.058618,False,False
24.506307,345,415.31917,False,False
24.371995,345,415.58308,False,False
23.584766,345,415.837068,False,False
23.326842,345,418.423322,False,False
24.223905,345,418.68476,False,False
24.103687,345,418.919325,False,False
22.937411,345,419.167497,False,False
23.689885,345,419.419046,False,False
24.571328,345,419.666935,False,False
24.570094,345,422.328007,False,False
24.412692,345,422.580815,False,False
23.698164,345,422.825148,False,False
23.266592,345,423.076168,False,False
22.878366,345,423.332662,False,False
24.570849,345,423.589141,False,False
22.985321,345,426.334708,False,False
23.362443,345,426.592747,False,False
24.013719,345,426.865533,False,False
23.898401,345,427.129043,False,False
24.106254,345,427.39806,False,False
23.522971,345,430.077079,False,False
23.804812,345,430.460454,False,False
24.050014,345,430.776422,False,False
23.368245,345,431.058943,False,False
24.642416,345,431.330359,False,False
23.925759,345,431.678623,False,False
23.859453,345,434.519988,False,False
22.990936,345,434.75921,False,False
23.313282,345,435.015361,False,False
22.868839,345,435.263108,False,False
24.322555,345,435.51324,False,False
23.822473,345,435.769778,False,False
23.662362,345,438.400136,False,False
23.630984,345,438.687793,False,False
24.265765,345,438.957003,False,False
23.784588,345,439.246032,False,False
23.900308,345,439.541932,False,False
24.49801,345,439.817925,False,False
24.655651,345,442.535663,False,False
23.425815,345,442.768436,False,False
24.614231,345,443.025612,False,False
23.481355,345,443.324969,False,False
24.606228,345,443.568467,False,False
23.574147,345,443.80303,False,False
23.05324,345,446.530642,False,False
24.66867,345,446.770481,False,False
22.970547,345,447.041749,False,False
23.410632,345,447.331007,False,False
22.998159,345,447.608426,False,False
23.848456,345,448.006853,False,False
24.63451,345,451.059154,False,False
23.776453,345,451.338556,False,False
24.632822,345,451.608903,False,False
24.646997,345,451.875078,False,False
21.879938,345,452.146528,False,False
24.466292,345,452.43163,False,False
23.553918,345,455.568408,False,False
24.198753,345,455.860608,False,False
23.473861,345,456.187945,False,False
23.637983,345,456.544453,False,False
24.626396,345,456.83177,False,False
24.605526,345,457.107757,False,False
23.572287,345,459.986815,False,False
24.660003,345,460.242427,False,False
24.655266,345,460.554337,False,False
24.005461,345,460.920994,False,False
23.328067,345,461.205437,False,False
24.183962,345,461.457322,False,False
24.601261,345,464.323822,False,False
24.647156,345,464.625815,False,False
22.765422,345,464.961298,False,False
24.649592,345,465.260814,False,False
23.536443,345,465.523139,False,False
24.391193,345,465.77562,False,False
24.329113,345,468.413667,False,False
24.093675,345,468.680262,False,False
24.612566,345,469.039564,False,False
24.66642,345,469.338168,False,False
24.462765,345,469.597926,False,False
24.654302,345,469.854439,False,False
23.97232,345,472.863964,False,False
23.656954,345,473.236829,False,False
24.083544,345,473.482099,False,False
24.359551,345,473.757532,False,False
24.659388,345,474.022093,False,False
24.649018,345,474.301613,False,False
24.668729,345,477.096011,False,False
24.644904,345,477.33837,False,False
24.061254,345,477.626726,False,False
23.043109,345,477.90883,False,False
24.274552,345,478.298708,False,False
23.468526,345,478.602123,False,False
22.992506,345,481.578842,False,False
23.744468,345,481.873743,False,False
24.216865,345,482.138351,False,False
22.843764,345,482.414683,False,False
24.642406,345,482.711349,False,False
24.614762,345,482.987957,False,False
24.507809,345,486.039016,False,False
23.453751,345,486.296989,False,False
23.650385,345,486.560681,False,False
24.597743,345,486.817839,False,False
22.895793,345,487.08358,False,False
24.474544,345,487.332781,False,False
24.668528,345,491.421904,False,False
24.607473,345,491.839387,False,False
22.599823,345,492.221582,False,False
24.047567,345,492.577319,False,False
24.674691,345,492.906211,False,False
24.662281,345,493.227166,False,False
22.901311,345,496.108706,False,False
24.63218,345,496.417509,False,False
23.630158,345,496.717512,False,False
24.040581,345,497.045535,False,False
24.622047,345,497.334417,False,False
23.808122,345,500.083074,False,False
24.636675,345,500.347562,False,False
24.664986,345,500.618563,False,False
23.597982,345,500.913669,False,False
24.644683,345,501.313912,False,False
24.659572,345,501.719727,False,False
24.572591,345,504.442915,False,False
23.994547,345,504.705916,False,False
24.500142,345,504.969255,False,False
24.614177,345,505.249653,False,False
24.535995,345,505.515982,False,False
24.638152,345,505.780926,False,False
24.639596,345,508.499453,False,False
23.541507,345,508.779103,False,False
24.66131,345,509.063081,False,False
24.646532,345,509.340325,False,False
24.4528,345,509.607587,False,False
22.918215,345,509.877117,False,False
24.631574,345,512.594233,False,False
24.098217,345,512.85264,False,False
24.308404,345,513.121721,False,False
24.643257,345,513.431361,False,False
24.255234,345,513.734268,False,False
23.90764,345,514.080707,False,False
24.671198,345,516.954122,False,False
24.625702,345,517.221716,False,False
24.665423,345,517.500211,False,False
24.567111,345,517.780053,False,False
24.60651,345,518.043504,False,False
24.624694,345,518.316405,False,False
24.647525,345,521.019968,False,False
24.338588,345,521.282222,False,False
24.615696,345,521.552687,False,False
24.63498,345,521.850999,False,False
24.024415,345,522.12385,False,False
24.574469,345,522.39342,False,False
24.643523,345,525.263449,False,False
24.652959,345,525.523992,False,False
22.457615,345,525.808999,False,False
24.647322,345,526.112966,False,False
24.647229,345,526.381658,False,False
24.602596,345,526.64284,False,False
24.638685,345,529.352807,False,False
24.663711,345,529.621738,False,False
23.708694,345,529.91025,False,False
24.627305,345,530.188293,False,False
24.462854,345,530.457877,False,False
22.951778,345,530.724129,False,False
24.666756,345,533.392383,False,False
24.32064,345,533.707879,False,False
24.650932,345,534.056037,False,False
23.158415,345,534.425189,False,False
24.673718,345,534.817924,False,False
24.666942,345,535.119971,False,False
24.632175,345,537.810561,False,False
23.299895,345,538.086497,False,False
24.66208,345,538.367568,False,False
22.98198,345,538.634247,False,False
24.035933,345,538.903516,False,False
24.614332,345,539.169968,False,False
23.850705,345,541.871788,False,False
24.654539,345,542.147139,False,False
24.664157,345,542.429569,False,False
24.667273,345,542.697383,False,False
23.46867,345,542.963733,False,False
24.61087,345,543.22907,False,False
23.239909,345,545.920359,False,False
24.530109,345,546.193108,False,False
24.647496,345,546.472534,False,False
24.597868,345,546.740628,False,False
24.417438,345,547.003137,False,False
23.824264,345,547.264969,False,False
24.668508,345,549.958289,False,False
23.754117,345,550.224372,False,False
23.795047,345,550.514058,False,False
23.001831,345,550.78438,False,False
24.618008,345,551.049271,False,False
23.728176,345,551.316181,False,False
24.654691,345,554.202998,False,False
24.572444,345,554.479007,False,False
22.881791,345,554.762982,False,False
24.013659,345,555.027901,False,False
24.649097,345,555.323377,False,False
24.643012,345,555.618468,False,False
24.481277,345,558.470036,False,False
23.56888,345,558.745256,False,False
24.613512,345,559.017182,False,False
24.650762,345,559.284462,False,False
24.523235,345,559.553483,False,False
24.563893,345,562.297931,False,False
24.027685,345,562.687546,False,False
24.604205,345,562.991712,False,False
24.654826,345,563.267663,False,False
24.665536,345,563.528214,False,False
23.552866,345,563.79767,False,False
23.483596,345,566.936405,False,False
22.981912,345,567.303127,False,False
24.657598,345,567.58113,False,False
24.440995,345,567.870931,False,False
23.84802,345,568.146274,False,False
24.585592,345,568.414704,False,False
23.351141,345,571.462095,False,False
24.612709,345,571.724072,False,False
24.655109,345,571.976534,False,False
24.628764,345,572.22581,False,False
24.629329,345,572.486045,False,False
24.643117,345,572.736185,False,False
24.031625,345,575.705336,False,False
24.169911,345,576.117254,False,False
24.273639,345,576.405383,False,False
24.249808,345,576.676146,False,False
22.946756,345,576.975441,False,False
24.616486,345,577.326255,False,False
24.635905,345,580.063204,False,False
23.817913,345,580.340332,False,False
23.181676,345,580.647664,False,False
24.601388,345,581.002408,False,False
24.655086,345,581.386855,False,False
24.565675,345,581.664605,False,False
22.9133,345,585.172962,False,False
24.638504,345,585.522362,False,False
24.576577,345,585.90071,False,False
24.664314,345,586.209714,False,False
23.833695,345,586.478674,False,False
24.585869,345,586.738206,False,False
24.66922,345,589.783364,False,False
24.656883,345,590.065795,False,False
24.656115,345,590.320167,False,False
24.547253,345,590.57792,False,False
24.668844,345,590.879326,False,False
24.657631,345,591.248637,False,False
24.63206,345,594.122018,False,False
24.646093,345,594.456772,False,False
24.619587,345,595.13523,False,False
24.612954,345,595.461985,False,False
24.57734,345,595.749241,False,False
23.781588,345,596.064848,False,False
24.663014,345,599.081076,False,False
23.553969,345,599.355305,False,False
24.670549,345,599.659667,False,False
24.513929,345,599.988167,False,False
24.644276,345,600.35657,False,False
24.67228,345,600.639517,False,False
24.620289,345,603.65806,False,False
24.634234,345,603.95618,False,False
23.011533,345,604.256588,False,False
24.664292,345,604.574034,False,False
24.667853,345,604.892468,False,False
23.720268,345,605.301243,False,False
24.667265,345,608.279559,False,False
24.663516,345,608.579665,False,False
23.804366,345,608.952562,False,False
24.057239,345,609.242481,False,False
23.442422,345,609.514815,False,False
24.653919,345,609.789971,False,False
24.622731,345,612.819783,False,False
24.660666,345,613.090936,False,False
24.328313,345,613.365166,False,False
23.316977,345,613.678898,False,False
24.640329,345,613.998023,False,False
24.607403,345,614.3697,False,False
24.667087,345,617.275053,False,False
24.58568,345,617.546122,False,False
24.647114,345,617.878307,False,False
24.662776,345,618.235666,False,False
24.671143,345,618.513838,False,False
24.61939,345,618.779162,False,False
24.668071,345,621.786791,False,False
24.382354,345,622.082175,False,False
24.619438,345,622.340354,False,False
24.671915,345,622.614731,False,False
24.666812,345,622.876631,False,False
24.310289,345,623.150657,False,False
24.653762,345,625.947067,False,False
24.664021,345,626.247743,False,False
24.627891,345,626.616852,False,False
24.659173,345,627.00927,False,False
23.91849,345,627.271361,False,False
24.664554,345,627.516462,False,False
24.617217,345,630.205517,False,False
24.669626,345,630.48443,False,False
24.663758,345,630.761505,False,False
23.612555,345,631.09751,False,False
22.998583,345,631.372396,False,False
24.642577,345,634.170583,False,False
24.668814,345,634.427995,False,False
24.669726,345,634.716545,False,False
24.658802,345,634.97884,False,False
24.27802,345,635.32065,False,False
24.668125,345,635.64118,False,False
24.672335,345,638.381263,False,False
24.66656,345,638.662008,False,False
24.658675,345,639.021877,False,False
24.603128,345,639.327805,False,False
24.641302,345,639.58003,False,False
24.43511,345,639.819772,False,False
24.625966,345,642.629828,False,False
24.64601,345,643.056618,False,False
24.667626,345,643.342882,False,False
24.646331,345,643.6036,False,False
24.66922,345,643.845012,False,False
24.658984,345,644.12827,False,False
24.341933,345,647.018303,False,False
24.657918,345,647.2677,False,False
24.569559,345,647.544039,False,False
24.670181,345,647.822946,False,False
24.639344,345,648.125262,False,False
24.657799,345,648.467389,False,False
22.990698,345,651.406799,False,False
23.600616,345,651.765049,False,False
24.517941,345,652.027184,False,False
24.667001,345,652.269645,False,False
24.549967,345,652.51222,False,False
24.594792,345,652.753413,False,False
24.578209,345,655.632328,False,False
23.134624,345,655.921141,False,False
24.672009,345,656.18457,False,False
24.613023,345,656.42867,False,False
24.454281,345,656.682848,False,False
24.493654,345,656.961725,False,False
24.661686,345,659.822191,False,False
24.641132,345,660.066018,False,False
24.668345,345,660.342813,False,False
24.648934,345,660.612039,False,False
24.021322,345,660.862365,False,False
24.627009,345,661.114643,False,False
24.623911,345,664.152925,False,False
21.417509,345,664.457791,False,False
23.831075,345,664.726793,False,False
24.652836,345,664.968998,False,False
24.623794,345,665.209159,False,False
24.663293,345,665.444504,False,False
24.672912,345,668.465049,False,False
24.674548,345,668.725324,False,False
24.658319,345,668.9849,False,False
24.643907,345,669.265979,False,False
24.671693,345,669.540069,False,False
23.851402,345,669.872955,False,False
24.661104,345,672.642737,False,False
24.659535,345,672.937336,False,False
24.629834,345,673.197991,False,False
24.667503,345,673.573575,False,False
24.653803,345,673.877665,False,False
24.661992,345,674.151517,False,False
23.330429,345,677.142536,False,False
23.082925,345,677.469931,False,False
24.673227,345,677.713941,False,False
24.671109,345,677.959117,False,False
24.668147,345,678.223309,False,False
24.654277,345,678.50104,False,False
24.666353,345,681.471776,False,False
24.666714,345,681.756504,False,False
24.668238,345,682.074269,False,False
24.672505,345,682.437718,False,False
24.596527,345,682.805944,False,False
24.672585,345,683.209069,False,False
24.659069,345,686.468949,False,False
24.650674,345,686.789765,False,False
24.656489,345,687.128508,False,False
24.624887,345,687.454668,False,False
24.663079,345,687.891436,False,False
24.619719,345,688.234214,False,False
24.66553,345,691.778847,False,False
24.662394,345,692.082412,False,False
24.660415,345,692.384083,False,False
24.666529,345,692.686325,False,False
24.667251,345,693.011739,False,False
24.37783,345,693.327762,False,False
24.666666,345,696.508239,False,False
24.674748,345,696.932242,False,False
24.022286,345,697.552898,False,False
24.669082,345,697.853168,False,False
22.792322,345,698.144354,False,False
24.675638,345,698.463469,False,False
24.660532,345,701.771449,False,False
22.149964,345,702.191483,False,False
24.638466,345,702.486375,False,False
24.670996,345,702.774472,False,False
24.663322,345,703.056003,False,False
22.627644,345,706.480609,False,False
24.668605,345,706.783748,False,False
24.522187,345,707.086718,False,False
24.17273,345,707.418805,False,False
24.670929,345,707.772849,False,False
24.642679,345,708.153451,False,False
24.623465,345,712.002824,False,False
24.671661,345,712.276708,False,False
24.605763,345,712.551866,False,False
24.637422,345,712.824669,False,False
24.65173,345,713.136927,False,False
23.7077,345,713.583462,False,False
24.671505,345,716.623977,False,False
24.283496,345,717.044928,False,False
24.673256,345,717.326922,False,False
24.648778,345,717.588531,False,False
24.632781,345,717.836928,False,False
24.664743,345,718.075711,False,False
24.668324,345,720.965017,False,False
24.673323,345,721.233923,False,False
24.652499,345,721.58008,False,False
24.652812,345,721.889707,False,False
24.014341,345,722.131774,False,False
24.620836,345,722.36849,False,False
24.362209,345,725.16218,False,False
24.671847,345,725.414614,False,False
24.666613,345,725.666056,False,False
24.666969,345,725.961001,False,False
24.671858,345,726.231666,False,False
24.668264,345,726.623282,False,False
24.657019,345,729.444739,False,False
24.643388,345,729.745584,False,False
24.647419,345,730.048464,False,False
24.62182,345,730.362878,False,False
24.607989,345,730.724715,False,False
24.671765,345,730.964922,False,False
24.627222,345,733.950125,False,False
24.672179,345,734.26148,False,False
24.66923,345,734.514589,False,False
24.675613,345,734.765862,False,False
24.672262,345,735.043425,False,False
24.666296,345,735.299963,False,False
24.670768,345,738.338331,False,False
24.605591,345,738.591571,False,False
24.669078,345,738.881256,False,False
24.650568,345,739.153816,False,False
24.640286,345,739.464059,False,False
24.669562,345,739.731199,False,False
24.661946,345,742.555973,False,False
22.155657,345,742.854619,False,False
24.621554,345,743.19867,False,False
24.668042,345,743.559636,False,False
24.645415,345,743.804779,False,False
24.665656,345,744.073516,False,False
24.652569,345,747.090375,False,False
24.662584,345,747.342676,False,False
24.670897,345,747.626874,False,False
24.677871,345,747.899616,False,False
24.670926,345,748.238064,False,False
24.666357,345,748.513655,False,False
24.668363,345,751.339265,False,False
24.643805,345,751.634522,False,False
24.531207,345,751.884437,False,False
24.639638,345,752.139053,False,False
24.67082,345,752.438212,False,False
24.360621,345,752.789204,False,False
24.594626,345,755.690384,False,False
24.669603,345,756.022246,False,False
24.66926,345,756.291793,False,False
24.670296,345,756.578827,False,False
24.666165,345,756.820872,False,False
22.231048,345,757.121293,False,False
24.670689,345,760.121127,False,False
24.668575,345,760.37946,False,False
24.668506,345,760.660314,False,False
24.668792,345,760.966109,False,False
24.669832,345,761.356203,False,False
24.66745,345,761.610841,False,False
23.948872,345,764.462621,False,False
24.666649,345,764.707175,False,False
24.640693,345,764.985963,False,False
24.667282,345,765.294793,False,False
24.657483,345,765.651935,False,False
24.178775,345,765.924789,False,False
24.66997,345,768.916166,False,False
24.667755,345,769.170831,False,False
24.671014,345,769.411813,False,False
24.14077,345,769.728649,False,False
24.663419,345,769.978498,False,False
24.64855,345,773.366158,False,False
24.648047,345,773.666389,False,False
24.434214,345,774.076662,False,False
24.664406,345,774.376974,False,False
24.66681,345,774.672781,False,False
24.651925,345,774.937042,False,False
24.663962,345,777.663373,False,False
22.678259,345,777.952636,False,False
24.542733,345,778.211669,False,False
24.63214,345,778.519563,False,False
24.668386,345,778.838944,False,False
24.669645,345,779.109827,False,False
24.66655,345,782.047993,False,False
24.663589,345,782.301163,False,False
24.635984,345,782.590974,False,False
24.667678,345,782.939659,False,False
24.661918,345,783.201376,False,False
24.182368,345,783.44531,False,False
24.667263,345,786.4438,False,False
24.299455,345,786.705313,False,False
24.670287,345,786.964436,False,False
24.451961,345,787.195611,False,False
24.678099,345,787.455106,False,False
24.670651,345,787.718307,False,False
24.656678,345,790.645116,False,False
24.612584,345,790.966513,False,False
24.670362,345,791.236455,False,False
24.66588,345,791.481783,False,False
24.519783,345,791.72601,False,False
24.632133,345,791.98127,False,False
24.645413,345,794.979961,False,False
24.673014,345,795.223966,False,False
24.61338,345,795.49441,False,False
24.628065,345,795.76118,False,False
23.969656,345,796.09925,False,False
24.152353,345,796.420949,False,False
24.659692,345,799.305562,False,False
24.669016,345,799.639293,False,False
24.228497,345,799.90665,False,False
24.674011,345,800.159431,False,False
24.669657,345,800.403709,False,False
24.656358,345,800.64022,False,False
24.624007,345,803.694534,False,False
23.984337,345,803.983305,False,False
24.659905,345,804.249193,False,False
24.669498,345,804.537111,False,False
24.546447,345,804.821073,False,False
24.672422,345,805.131425,False,False
24.668011,345,808.04851,False,False
24.664772,345,808.309718,False,False
24.667397,345,808.625089,False,False
23.516331,345,808.894211,False,False
24.672221,345,809.141671,False,False
24.541049,345,809.379293,False,False
24.663321,345,812.2347,False,False
24.641158,345,812.516443,False,False
24.661628,345,812.85418,False,False
24.661783,345,813.134987,False,False
24.630339,345,813.40176,False,False
24.622202,345,813.659531,False,False
24.664374,345,816.595305,False,False
24.664088,345,816.85608,False,False
24.615189,345,817.109208,False,False
24.655425,345,817.347792,False,False
24.63346,345,817.59066,False,False
24.58353,345,817.862943,False,False
24.674301,345,821.016259,False,False
24.669932,345,821.262239,False,False
24.577955,345,821.541863,False,False
24.668761,345,821.826223,False,False
24.640724,345,822.151997,False,False
24.671408,345,822.439993,False,False
24.664712,345,825.380248,False,False
24.669466,345,825.627717,False,False
24.665143,345,825.90934,False,False
24.664688,345,826.201409,False,False
24.667004,345,826.565854,False,False
24.666027,345,826.988276,False,False
24.385586,345,829.87408,False,False
22.785906,345,830.119789,False,False
24.673061,345,830.363757,False,False
24.668131,345,830.620795,False,False
24.649066,345,830.861842,False,False
24.637182,345,831.118779,False,False
24.675108,345,833.771769,False,False
24.671064,345,834.016294,False,False
24.673233,345,834.283291,False,False
24.666468,345,834.624857,False,False
24.670407,345,834.972675,False,False
24.672108,345,835.354516,False,False
24.633094,345,838.169978,False,False
24.654603,345,838.458255,False,False
24.663657,345,838.723715,False,False
24.659157,345,839.009162,False,False
24.5778,345,839.260034,False,False
24.663973,345,842.476189,False,False
24.653203,345,842.755143,False,False
24.652936,345,843.011148,False,False
24.675718,345,843.257277,False,False
21.139577,345,843.520237,False,False
24.638864,345,843.781148,False,False
24.650136,345,846.471377,False,False
24.488909,345,846.73316,False,False
24.675309,345,846.993652,False,False
24.670603,345,847.240646,False,False
24.668317,345,847.485691,False,False
24.605154,345,847.749061,False,False
24.654955,345,850.838545,False,False
24.660312,345,851.138772,False,False
24.659409,345,851.481795,False,False
24.669212,345,851.75086,False,False
24.669338,345,851.987494,False,False
24.633482,345,852.321127,False,False
24.665346,345,855.360404,False,False
24.67286,345,855.60284,False,False
24.65133,345,855.835393,False,False
24.606997,345,856.07931,False,False
24.673447,345,856.317098,False,False
24.638959,345,856.58051,False,False
24.646012,345,859.476942,False,False
24.672252,345,859.742114,False,False
24.173934,345,860.069367,False,False
24.620112,345,860.463507,False,False
24.639759,345,860.715348,False,False
24.546684,345,860.979454,False,False
24.646627,345,863.802148,False,False
24.66987,345,864.074373,False,False
22.865674,345,864.350154,False,False
24.592729,345,864.67774,False,False
24.675505,345,865.011565,False,False
24.629562,345,865.400268,False,False
24.667546,345,868.238027,False,False
24.673653,345,868.490347,False,False
24.652923,345,868.792396,False,False
24.665293,345,869.175791,False,False
24.668715,345,869.477642,False,False
24.662084,345,869.771675,False,False
24.678314,345,872.515672,False,False
24.356457,345,872.757571,False,False
24.540344,345,872.997956,False,False
24.641288,345,873.242536,False,False
24.65978,345,873.54094,False,False
24.669101,345,873.872907,False,False
24.654611,345,876.92198,False,False
24.636193,345,877.17208,False,False
24.663342,345,877.420826,False,False
24.633254,345,877.686576,False,False
24.616299,345,877.967029,False,False
24.667733,345,878.241859,False,False
24.639884,345,881.091451,False,False
24.672466,345,881.334422,False,False
24.66904,345,881.61455,False,False
24.650498,345,881.948973,False,False
24.405289,345,882.300101,False,False
24.670138,345,882.579242,False,False
24.666759,345,885.370586,False,False
24.67447,345,885.614519,False,False
24.66655,345,885.8484,False,False
24.674877,345,886.088988,False,False
24.665018,345,886.396636,False,False
24.6715,345,886.714548,False,False
24.663083,345,889.691375,False,False
24.613859,345,889.974152,False,False
24.603135,345,890.228977,False,False
24.337897,345,890.483988,False,False
24.663784,345,890.753182,False,False
24.498864,345,891.04466,False,False
24.451584,345,894.016838,False,False
24.675504,345,894.257861,False,False
24.128775,345,894.553857,False,False
24.648813,345,894.86471,False,False
23.042617,345,895.24819,False,False
24.468955,345,895.512711,False,False
24.674364,345,898.344404,False,False
24.670809,345,898.7236,False,False
24.635643,345,899.008371,False,False
24.666472,345,899.271459,False,False
24.672281,345,899.57114,False,False
24.620494,345,899.887793,False,False
24.661902,345,902.770278,False,False
24.66452,345,903.019382,False,False
24.644423,345,903.266687,False,False
24.586953,345,903.561433,False,False
24.634928,345,903.874077,False,False
24.58135,345,904.239109,False,False
24.671956,345,907.015887,False,False
24.565763,345,907.256239,False,False
24.668765,345,907.50114,False,False
24.66523,345,907.757872,False,False
24.41825,345,908.063859,False,False
24.671576,345,910.945304,False,False
24.666318,345,911.271879,False,False
24.646109,345,911.563413,False,False
24.669102,345,911.839414,False,False
24.672828,345,912.251601,False,False
24.653891,345,912.651356,False,False
24.657709,345,915.517191,False,False
24.652451,345,915.872063,False,False
24.672623,345,916.133023,False,False
24.677713,345,916.383228,False,False
24.675727,345,916.652783,False,False
24.668914,345,916.992027,False,False
24.667828,345,919.949067,False,False
24.671898,345,920.208382,False,False
24.669819,345,920.50373,False,False
24.66986,345,920.788916,False,False
24.660948,345,921.155491,False,False
24.675133,345,921.436469,False,False
24.662625,345,924.188601,False,False
24.654757,345,924.483188,False,False
24.634178,345,924.7274,False,False
24.664605,345,925.013352,False,False
24.668438,345,925.395026,False,False
24.634703,345,925.740867,False,False
24.616403,345,928.713903,False,False
24.669474,345,928.950067,False,False
24.663613,345,929.222261,False,False
24.673247,345,929.508951,False,False
24.632507,345,929.836804,False,False
24.604952,345,930.192563,False,False
24.663657,345,933.049826,False,False
24.66851,345,933.318609,False,False
24.671898,345,933.633066,False,False
24.117344,345,934.003657,False,False
24.67186,345,934.384499,False,False
23.890184,345,934.651917,False,False
24.670908,345,937.465676,False,False
24.137771,345,937.741603,False,False
24.664645,345,938.014966,False,False
24.655933,345,938.353294,False,False
24.672448,345,938.657174,False,False
24.67644,345,938.930713,False,False
24.661309,345,941.687232,False,False
24.667511,345,941.981615,False,False
24.668827,345,942.364409,False,False
24.665627,345,942.645479,False,False
24.670959,345,942.909221,False,False
24.668972,345,943.170076,False,False
24.518978,345,946.056932,False,False
24.669909,345,946.325327,False,False
24.669361,345,946.582197,False,False
24.671934,345,946.83351,False,False
24.671764,345,947.086099,False,False
24.664285,345,947.34771,False,False
24.537871,345,950.240551,False,False
24.672743,345,950.638966,False,False
24.621126,345,950.889751,False,False
24.671694,345,951.158214,False,False
24.648181,345,951.431395,False,False
24.662588,345,951.797402,False,False
24.671023,345,954.645666,False,False
24.66634,345,954.898881,False,False
24.668407,345,955.161657,False,False
24.674915,345,955.481856,False,False
24.655233,345,955.871507,False,False
24.015338,345,956.240829,False,False
24.6155,345,959.142808,False,False
23.849535,345,959.436371,False,False
24.673658,345,959.824557,False,False
24.667487,345,960.165539,False,False
24.671212,345,960.434221,False,False
24.674841,345,960.718984,False,False
22.795677,345,963.575796,False,False
24.670122,345,963.963479,False,False
24.63299,345,964.217202,False,False
24.671348,345,964.48546,False,False
24.667797,345,964.800615,False,False
24.667192,345,965.136532,False,False
24.669171,345,968.130607,False,False
24.668654,345,968.47943,False,False
24.658021,345,968.806337,False,False
24.663823,345,969.20134,False,False
24.671905,345,969.471455,False,False
24.670699,345,969.747703,False,False
24.47029,345,972.667455,False,False
24.668162,345,972.938833,False,False
24.638267,345,973.2042,False,False
24.66908,345,973.498215,False,False
24.667974,345,973.866219,False,False
24.673177,345,976.772617,False,False
24.666667,345,977.027235,False,False
24.666206,345,977.275593,False,False
24.669869,345,977.520235,False,False
24.64376,345,977.77936,False,False
24.669135,345,978.043397,False,False
24.674859,345,981.252751,False,False
24.674765,345,981.565092,False,False
24.456322,345,981.91353,False,False
24.668266,345,982.305039,False,False
24.652703,345,982.623205,False,False
24.666233,345,983.023393,False,False
24.668321,345,985.869269,False,False
24.670059,345,986.195339,False,False
24.64611,345,986.553922,False,False
24.642461,345,986.883202,False,False
24.139754,345,987.166611,False,False
24.675013,345,987.482818,False,False
24.666662,345,990.406004,False,False
24.672256,345,990.689078,False,False
24.623289,345,990.990308,False,False
24.666187,345,991.325396,False,False
24.670812,345,991.709586,False,False
24.658377,345,991.984637,False,False
24.659176,345,994.944815,False,False
24.661793,345,995.242042,False,False
24.666976,345,995.586626,False,False
24.632769,345,996.00261,False,False
24.643227,345,996.307081,False,False
24.644067,345,996.586648,False,False
24.662652,345,999.487023,False,False
24.670822,345,999.743485,False,False
24.562972,345,1000.04675,False,False
24.603861,345,1000.378138,False,False
24.669055,345,1000.725429,False,False
24.263717,345,1001.023105,False,False
24.669913,345,1003.942888,False,False
24.66654,345,1004.369071,False,False
24.672714,345,1004.707,False,False
24.431146,345,1004.995198,False,False
24.568057,345,1005.277993,False,False
24.665779,345,1005.614455,False,False
24.650751,345,1008.385795,False,False
24.665736,345,1008.635121,False,False
23.912225,345,1008.942444,False,False
24.666858,345,1009.26617,False,False
24.222392,345,1009.6429,False,False
24.6711,345,1009.922717,False,False
24.625368,345,1012.605403,False,False
24.667907,345,1012.883393,False,False
24.67239,345,1013.233193,False,False
24.676484,345,1013.531883,False,False
24.659495,345,1013.808962,False,False
24.671777,345,1014.083807,False,False
24.663227,345,1016.826869,False,False
24.638429,345,1017.122714,False,False
24.251754,345,1017.456747,False,False
24.668124,345,1017.775228,False,False
24.576895,345,1018.15651,False,False
24.595578,345,1018.417201,False,False
24.657149,345,1021.0726,False,False
24.645012,345,1021.315422,False,False
24.629591,345,1021.611533,False,False
24.558018,345,1021.925682,False,False
24.665158,345,1022.268615,False,False
24.668666,345,1022.537585,False,False
24.649208,345,1025.185663,False,False
24.667253,345,1025.46535,False,False
24.674711,345,1025.74574,False,False
24.632902,345,1026.061176,False,False
24.615724,345,1026.425527,False,False
24.61914,345,1026.690424,False,False
24.663391,345,1029.432439,False,False
24.668386,345,1029.712238,False,False
24.66924,345,1030.044396,False,False
24.613209,345,1030.346805,False,False
24.665901,345,1030.611752,False,False
24.589141,345,1030.865436,False,False
24.674676,345,1033.502158,False,False
24.642107,345,1033.778122,False,False
24.665781,345,1034.069048,False,False
24.672229,345,1034.405897,False,False
24.650614,345,1034.83876,False,False
24.620468,345,1035.139326,False,False
24.673602,345,1037.850679,False,False
24.671079,345,1038.180567,False,False
23.418683,345,1038.455584,False,False
24.674495,345,1038.713922,False,False
24.667129,345,1038.974698,False,False
24.673559,345,1039.225882,False,False
24.670069,345,1041.85571,False,False
24.649745,345,1042.14432,False,False
24.553652,345,1042.434571,False,False
24.665785,345,1042.780483,False,False
24.670086,345,1043.052806,False,False
24.609839,345,1045.727182,False,False
24.660436,345,1046.004158,False,False
24.640091,345,1046.287229,False,False
24.671036,345,1046.630666,False,False
24.669625,345,1046.910308,False,False
24.648665,345,1047.181747,False,False
24.662275,345,1049.826381,False,False
24.561746,345,1050.061656,False,False
24.632838,345,1050.308355,False,False
24.64967,345,1050.577035,False,False
24.664415,345,1050.876603,False,False
24.655552,345,1051.172044,False,False
24.671722,345,1054.097482,False,False
24.20038,345,1054.368316,False,False
24.606422,345,1054.657627,False,False
24.668961,345,1055.081624,False,False
24.659755,345,1055.368705,False,False
24.585195,345,1055.619687,False,False
24.670495,345,1058.385396,False,False
24.671026,345,1058.705867,False,False
24.655668,345,1058.967858,False,False
24.669773,345,1059.266456,False,False
24.665685,345,1059.547384,False,False
24.671672,345,1059.944127,False,False
24.638211,345,1062.723262,False,False
24.666769,345,1063.00954,False,False
24.643372,345,1063.360063,False,False
22.650648,345,1063.646598,False,False
24.566385,345,1063.907874,False,False
24.668447,345,1064.182123,False,False
24.596367,345,1067.274111,False,False
24.670761,345,1067.535791,False,False
24.564891,345,1067.783995,False,False
24.665464,345,1068.073714,False,False
24.66725,345,1068.406503,False,False
24.66637,345,1068.793604,False,False
24.636367,345,1071.529994,False,False
24.667504,345,1071.816648,False,False
24.664246,345,1072.101426,False,False
24.666927,345,1072.461545,False,False
24.610469,345,1072.87144,False,False
24.626464,345,1073.123952,False,False
24.667341,345,1075.842434,False,False
24.675704,345,1076.11425,False,False
24.670924,345,1076.49213,False,False
24.632525,345,1076.798747,False,False
24.625299,345,1077.063399,False,False
24.671189,345,1077.331033,False,False
24.117366,345,1080.147385,False,False
24.59007,345,1080.411533,False,False
24.624727,345,1080.673709,False,False
24.66503,345,1080.91858,False,False
24.661369,345,1081.214411,False,False
24.672858,345,1081.515299,False,False
24.666358,345,1084.370705,False,False
24.668392,345,1084.650392,False,False
24.623301,345,1084.917335,False,False
24.357833,345,1085.214111,False,False
24.65579,345,1085.649049,False,False
24.608811,345,1085.900798,False,False
24.568914,345,1088.6142,False,False
24.664261,345,1088.968271,False,False
24.670062,345,1089.26139,False,False
24.670047,345,1089.536452,False,False
24.670562,345,1089.798891,False,False
24.662557,345,1090.047068,False,False
24.668108,345,1092.763789,False,False
24.671244,345,1093.04502,False,False
24.671098,345,1093.369224,False,False
24.665692,345,1093.6679,False,False
24.646409,345,1093.954007,False,False
24.666897,345,1094.229102,False,False
24.671212,345,1097.001612,False,False
24.675058,345,1097.270744,False,False
24.677489,345,1097.539577,False,False
23.62996,345,1097.897691,False,False
24.655341,345,1098.199472,False,False
24.635958,345,1098.461197,False,False
24.668715,345,1101.124911,False,False
24.672371,345,1101.370618,False,False
24.45052,345,1101.659023,False,False
24.654448,345,1102.003358,False,False
24.666246,345,1102.351614,False,False
24.665536,345,1102.611834,False,False
24.668268,345,1105.372321,False,False
24.618178,345,1105.636543,False,False
24.572801,345,1105.962426,False,False
24.675513,345,1106.270439,False,False
24.677949,345,1106.53707,False,False
24.670209,345,1106.790538,False,False
24.650448,345,1109.67636,False,False
24.673122,345,1109.968499,False,False
24.673444,345,1110.366866,False,False
24.660063,345,1110.654295,False,False
23.474854,345,1110.925746,False,False
24.666952,345,1113.755021,False,False
24.659198,345,1114.057093,False,False
24.657541,345,1114.309028,False,False
24.616316,345,1114.559225,False,False
24.667807,345,1114.811312,False,False
24.666117,345,1115.08591,False,False
24.651347,345,1117.883091,False,False
24.127622,345,1118.125572,False,False
24.666463,345,1118.440746,False,False
24.661991,345,1118.730391,False,False
24.671102,345,1119.086233,False,False
24.584253,345,1119.340605,False,False
24.66819,345,1122.147797,False,False
24.670053,345,1122.442155,False,False
24.658802,345,1122.734868,False,False
24.64375,345,1123.06817,False,False
23.616456,345,1123.326891,False,False
24.669687,345,1123.586229,False,False
24.663863,345,1126.304366,False,False
24.645463,345,1126.67871,False,False
24.403915,345,1126.959906,False,False
24.646041,345,1127.208604,False,False
23.770572,345,1127.465054,False,False
24.670555,345,1127.732808,False,False
24.667516,345,1130.485936,False,False
24.675431,345,1130.838547,False,False
24.672665,345,1131.136152,False,False
24.654825,345,1131.384647,False,False
24.670354,345,1131.634801,False,False
24.623124,345,1131.878174,False,False
24.670959,345,1134.745417,False,False
24.60188,345,1134.992547,False,False
24.531026,345,1135.252845,False,False
24.641217,345,1135.507878,False,False
24.566975,345,1135.802243,False,False
24.57559,345,1136.077128,False,False
24.272729,345,1138.924957,False,False
22.958413,345,1139.192697,False,False
24.453255,345,1139.453433,False,False
24.636062,345,1139.708893,False,False
24.431602,345,1140.014287,False,False
24.484752,345,1140.358367,False,False
24.668819,345,1143.12116,False,False
24.664643,345,1143.409241,False,False
24.658991,345,1143.764011,False,False
24.664371,345,1144.034938,False,False
24.641807,345,1144.284411,False,False
24.669366,345,1144.542707,False,False
24.477071,345,1147.317422,False,False
24.67045,345,1147.663356,False,False
24.626786,345,1147.918798,False,False
24.636026,345,1148.178206,False,False
24.605202,345,1148.425496,False,False
24.664856,345,1148.67306,False,False
24.594515,345,1151.496635,False,False
24.648584,345,1151.781862,False,False
24.672714,345,1152.02979,False,False
24.672588,345,1152.272298,False,False
24.628421,345,1152.538007,False,False
24.664281,345,1152.811036,False,False
24.624557,345,1155.56247,False,False
23.756147,345,1155.849645,False,False
24.512836,345,1156.153148,False,False
24.594847,345,1156.493773,False,False
24.677965,345,1156.772159,False,False
24.670506,345,1157.022407,False,False
24.672802,345,1159.82384,False,False
24.656603,345,1160.131063,False,False
24.668184,345,1160.385646,False,False
24.668394,345,1160.64175,False,False
24.417095,345,1160.933666,False,False
24.649707,345,1161.229001,False,False
24.657179,345,1163.918832,False,False
24.669482,345,1164.192211,False,False
24.634728,345,1164.542291,False,False
23.661779,345,1164.962646,False,False
24.650001,345,1165.271822,False,False
24.668936,345,1165.529898,False,False
22.32935,345,1168.370035,False,False
24.614955,345,1168.624779,False,False
24.636981,345,1168.869785,False,False
24.66343,345,1169.11114,False,False
24.663538,345,1169.387577,False,False
24.666127,345,1169.668426,False,False
24.679225,345,1172.369779,False,False
24.658087,345,1172.627532,False,False
24.66416,345,1172.905761,False,False
24.635821,345,1173.279958,False,False
22.949812,345,1173.578639,False,False
24.667841,345,1176.654969,False,False
24.582009,345,1176.948769,False,False
24.665877,345,1177.225739,False,False
24.624573,345,1177.499574,False,False
24.376396,345,1177.791657,False,False
24.668662,345,1178.136197,False,False
24.606563,345,1181.244641,False,False
24.349588,345,1181.566903,False,False
24.663001,345,1181.849957,False,False
24.669348,345,1182.155125,False,False
23.253046,345,1182.424431,False,False
24.610872,345,1182.691065,False,False
24.131993,345,1185.793083,False,False
24.669075,345,1186.068823,False,False
24.667124,345,1186.333773,False,False
24.666092,345,1186.596414,False,False
24.607154,345,1186.904197,False,False
24.655711,345,1187.175927,False,False
24.662662,345,1190.107527,False,False
24.667802,345,1190.40536,False,False
24.643886,345,1190.707668,False,False
24.668818,345,1191.048313,False,False
24.65693,345,1191.548714,False,False
24.664552,345,1191.834289,False,False
24.593085,345,1194.688453,False,False
24.662741,345,1194.944636,False,False
24.669043,345,1195.248939,False,False
24.658353,345,1195.570213,False,False
24.653737,345,1195.921096,False,False
24.66464,345,1196.291296,False,False
24.674346,345,1199.226147,False,False
24.671939,345,1199.616683,False,False
24.672384,345,1199.885046,False,False
24.671794,345,1200.141943,False,False
24.667866,345,1200.397493,False,False
24.655083,345,1200.652547,False,False
24.583263,345,1203.762317,False,False
24.666356,345,1204.008477,False,False
24.657701,345,1204.286947,False,False
24.656042,345,1204.737833,False,False
24.640484,345,1205.134591,False,False
24.558111,345,1205.437544,False,False
24.634351,345,1208.365227,False,False
24.668629,345,1208.667956,False,False
24.662138,345,1208.955736,False,False
24.663949,345,1209.272345,False,False
24.669932,345,1209.659607,False,False
24.65146,345,1210.053881,False,False
24.665342,345,1213.656252,False,False
24.652693,345,1214.027917,False,False
24.668818,345,1214.429687,False,False
24.671478,345,1214.703455,False,False
24.67082,345,1215.02373,False,False
24.665891,345,1215.39303,False,False
24.670201,345,1218.388955,False,False
24.656739,345,1218.747305,False,False
24.667721,345,1219.105881,False,False
24.669844,345,1219.360887,False,False
24.66068,345,1219.62366,False,False
24.651528,345,1219.882458,False,False
24.669302,345,1222.817046,False,False
24.658667,345,1223.101651,False,False
24.56376,345,1223.349365,False,False
24.647829,345,1223.602992,False,False
24.544593,345,1223.848005,False,False
24.671941,345,1224.139382,False,False
24.599524,345,1226.814395,False,False
24.568707,345,1227.152347,False,False
24.668654,345,1227.450416,False,False
23.680942,345,1227.703453,False,False
24.596123,345,1227.954665,False,False
24.669782,345,1228.212136,False,False
24.64974,345,1230.923643,False,False
24.639245,345,1231.244443,False,False
24.636138,345,1231.495064,False,False
24.664795,345,1231.74389,False,False
24.647872,345,1232.014267,False,False
24.621942,345,1232.300497,False,False
24.667171,345,1235.291293,False,False
23.349275,345,1235.611104,False,False
24.663782,345,1235.870035,False,False
24.610482,345,1236.119922,False,False
24.668115,345,1236.360952,False,False
24.655341,345,1236.604304,False,False
24.49437,345,1239.479346,False,False
24.663985,345,1239.720916,False,False
24.603571,345,1239.967281,False,False
24.664756,345,1240.239547,False,False
24.66527,345,1240.5007,False,False
24.670973,345,1240.810111,False,False
24.635557,345,1243.572508,False,False
23.828014,345,1243.842235,False,False
24.633283,345,1244.120331,False,False
24.667044,345,1244.470572,False,False
24.664602,345,1244.741835,False,False
24.665836,345,1247.361477,False,False
24.656788,345,1247.616865,False,False
24.657451,345,1247.88739,False,False
24.668714,345,1248.237508,False,False
24.495252,345,1248.52323,False,False
24.651168,345,1248.793019,False,False
24.662897,345,1251.576726,False,False
24.575645,345,1251.879737,False,False
24.668538,345,1252.129595,False,False
24.671129,345,1252.373255,False,False
24.672143,345,1252.630887,False,False
24.649844,345,1252.905555,False,False
24.666144,345,1255.852998,False,False
24.65469,345,1256.09827,False,False
24.660066,345,1256.404891,False,False
24.639502,345,1256.694567,False,False
24.671412,345,1257.029811,False,False
24.600471,345,1257.308886,False,False
24.629308,345,1260.371932,False,False
24.654413,345,1260.693001,False,False
24.660993,345,1261.028885,False,False
24.668016,345,1261.393076,False,False
24.663209,345,1261.695232,False,False
24.669019,345,1261.98583,False,False
24.670932,345,1265.116636,False,False
24.6681,345,1265.398365,False,False
24.671687,345,1265.732402,False,False
24.566904,345,1266.0187,False,False
24.663755,345,1266.270824,False,False
24.641812,345,1266.569365,False,False
24.667377,345,1269.615876,False,False
24.601182,345,1269.888171,False,False
24.647194,345,1270.143605,False,False
24.671229,345,1270.434691,False,False
24.674557,345,1270.678799,False,False
24.672331,345,1270.947743,False,False
24.644876,345,1273.865566,False,False
24.663167,345,1274.114683,False,False
24.665282,345,1274.415543,False,False
24.653663,345,1274.907509,False,False
24.660663,345,1275.259386,False,False
24.671641,345,1275.539639,False,False
24.661554,345,1278.16148,False,False
22.883654,345,1278.433348,False,False
23.37973,345,1278.737569,False,False
24.665977,345,1279.070857,False,False
24.671131,345,1279.314522,False,False
24.670123,345,1279.578369,False,False
24.674179,345,1282.242975,False,False
24.665205,345,1282.521364,False,False
24.665528,345,1282.814783,False,False
24.674475,345,1283.160781,False,False
24.631273,345,1283.408846,False,False
24.657137,345,1283.653567,False,False
22.747466,345,1286.341921,False,False
24.659712,345,1286.626402,False,False
24.674041,345,1286.972534,False,False
24.658492,345,1287.24832,False,False
24.671775,345,1287.509456,False,False
24.674079,345,1287.758123,False,False
24.669354,345,1290.605459,False,False
24.653738,345,1290.845658,False,False
24.637515,345,1291.078685,False,False
24.619561,345,1291.322976,False,False
24.542777,345,1291.574967,False,False
24.654319,345,1291.866731,False,False
24.671516,345,1294.549419,False,False
24.672723,345,1294.812751,False,False
24.653557,345,1295.121435,False,False
24.671125,345,1295.436928,False,False
24.672143,345,1295.699761,False,False
24.656492,345,1295.971192,False,False
24.674991,345,1298.903749,False,False
24.655746,345,1299.173816,False,False
24.678502,345,1299.420126,False,False
24.675857,345,1299.661838,False,False
24.670659,345,1299.956668,False,False
24.66611,345,1300.238909,False,False
24.661638,345,1303.013007,False,False
24.638093,345,1303.252283,False,False
24.670049,345,1303.526565,False,False
24.667651,345,1303.785837,False,False
24.666907,345,1304.102404,False,False
24.671889,345,1304.36175,False,False
24.676698,345,1307.103089,False,False
24.657579,345,1307.384602,False,False
24.66985,345,1307.652918,False,False
24.666101,345,1307.965649,False,False
24.674081,345,1308.243909,False,False
24.674507,345,1308.505334,False,False
24.669491,345,1311.208258,False,False
24.661087,345,1311.472923,False,False
24.668304,345,1311.732017,False,False
24.66677,345,1312.024976,False,False
24.668565,345,1312.358289,False,False
24.672928,345,1315.173154,False,False
24.67436,345,1315.479156,False,False
22.900596,345,1315.730502,False,False
24.674988,345,1315.97413,False,False
24.662509,345,1316.227297,False,False
24.671686,345,1316.518131,False,False
24.670051,345,1319.302793,False,False
24.666202,345,1319.581372,False,False
24.670459,345,1319.830861,False,False
24.669117,345,1320.130757,False,False
24.671307,345,1320.461728,False,False
24.65753,345,1320.723065,False,False
24.67524,345,1323.593515,False,False
24.66475,345,1323.842227,False,False
24.665165,345,1324.0904,False,False
24.668926,345,1324.328956,False,False
24.665564,345,1324.611826,False,False
24.670433,345,1324.93431,False,False
24.66262,345,1327.802972,False,False
24.454672,345,1328.077483,False,False
24.670688,345,1328.377992,False,False
24.669769,345,1328.659501,False,False
24.638205,345,1328.916328,False,False
24.666828,345,1329.15893,False,False
24.676777,345,1331.861729,False,False
24.670274,345,1332.14467,False,False
24.671482,345,1332.382403,False,False
24.67259,345,1332.72178,False,False
24.669932,345,1333.017406,False,False
24.668077,345,1333.277934,False,False
24.674327,345,1336.16656,False,False
24.671049,345,1336.43433,False,False
24.665816,345,1336.702499,False,False
24.671798,345,1336.991297,False,False
24.670318,345,1337.308255,False,False
24.672604,345,1337.71111,False,False
24.66823,345,1340.742616,False,False
24.6695,345,1340.994245,False,False
24.673048,345,1341.306384,False,False
24.668751,345,1341.61652,False,False
24.672012,345,1341.996853,False,False
24.667549,345,1342.313769,False,False
24.668383,345,1345.442124,False,False
24.66869,345,1345.724516,False,False
24.672213,345,1346.063819,False,False
24.662294,345,1346.384065,False,False
24.676367,345,1346.779854,False,False
24.666726,345,1347.051531,False,False
24.673186,345,1350.038716,False,False
24.671726,345,1350.426757,False,False
24.577723,345,1350.700746,False,False
24.666735,345,1350.963606,False,False
24.669615,345,1351.253508,False,False
22.969556,345,1351.62511,False,False
24.667711,345,1354.747489,False,False
24.670447,345,1354.98366,False,False
24.671109,345,1355.230026,False,False
24.670234,345,1355.504333,False,False
24.668139,345,1355.801189,False,False
24.669015,345,1356.251381,False,False
24.648281,345,1359.21201,False,False
24.637504,345,1359.495093,False,False
24.672417,345,1359.828094,False,False
24.666333,345,1360.096092,False,False
24.670805,345,1360.361579,False,False
24.668359,345,1360.605487,False,False
24.670328,345,1363.504815,False,False
24.670793,345,1363.807536,False,False
24.675255,345,1364.093495,False,False
24.671337,345,1364.375463,False,False
24.678264,345,1364.738937,False,False
24.667422,345,1365.128674,False,False
24.674876,345,1368.039583,False,False
24.670674,345,1368.337413,False,False
24.666598,345,1368.655385,False,False
24.667116,345,1368.919498,False,False
24.673066,345,1369.169863,False,False
24.669607,345,1369.418686,False,False
24.668714,345,1372.476762,False,False
24.666441,345,1372.74619,False,False
24.65792,345,1373.027346,False,False
24.674122,345,1373.298341,False,False
24.66148,345,1373.675829,False,False
24.653709,345,1374.037449,False,False
24.671289,345,1376.928517,False,False
24.669625,345,1377.265703,False,False
24.656272,345,1377.554883,False,False
22.716811,345,1377.828751,False,False
24.675481,345,1378.092607,False,False
21.871719,345,1381.065903,False,False
24.599048,345,1381.319587,False,False
24.667969,345,1381.623847,False,False
24.659773,345,1381.883662,False,False
24.671248,345,1382.22729,False,False
24.667597,345,1382.562642,False,False
24.66944,345,1385.290972,False,False
24.653226,345,1385.546143,False,False
24.636877,345,1385.856409,False,False
24.670933,345,1386.186556,False,False
24.664667,345,1386.57943,False,False
24.632336,345,1386.876142,False,False
24.669471,345,1389.875687,False,False
22.970786,345,1390.156064,False,False
24.676527,345,1390.407503,False,False
24.666695,345,1390.677212,False,False
24.64867,345,1390.950437,False,False
24.66975,345,1391.228784,False,False
24.662401,345,1394.122667,False,False
24.670566,345,1394.432877,False,False
24.668777,345,1394.781383,False,False
24.68066,345,1395.147701,False,False
24.665902,345,1395.568754,False,False
24.665429,345,1395.819726,False,False
24.676058,345,1398.937342,False,False
24.460437,345,1399.212975,False,False
24.671387,345,1399.518105,False,False
24.663091,345,1399.836608,False,False
24.668061,345,1400.23668,False,False
24.676037,345,1400.723786,False,False
24.66657,345,1403.872413,False,False
24.662529,345,1404.216911,False,False
24.329428,345,1404.639944,False,False
24.629476,345,1405.205752,False,False
24.653728,345,1405.509155,False,False
21.134681,345,1405.823456,False,False
24.634395,345,1409.080002,False,False
24.670756,345,1409.351171,False,False
24.640711,345,1409.701663,False,False
24.539364,345,1410.07585,False,False
24.498812,345,1410.373579,False,False
24.672387,345,1410.71782,False,False
24.669545,345,1414.451422,False,False
24.618556,345,1414.74839,False,False
24.676924,345,1415.047783,False,False
24.672029,345,1415.349864,False,False
24.672983,345,1415.628692,False,False
24.623518,345,1415.925914,False,False
24.67235,345,1419.650716,False,False
24.596491,345,1419.98634,False,False
24.646797,345,1420.339681,False,False
24.672699,345,1420.812625,False,False
24.671774,345,1421.173485,False,False
24.674802,345,1421.462351,False,False
24.670398,345,1425.330145,False,False
24.671954,345,1425.642358,False,False
24.668727,345,1425.99936,False,False
24.676625,345,1426.329691,False,False
24.673234,345,1426.727337,False,False
24.647588,345,1427.014491,False,False
24.660791,345,1430.043483,False,False
24.667039,345,1430.352531,False,False
24.672023,345,1430.661553,False,False
24.673778,345,1431.062121,False,False
24.678945,345,1431.375053,False,False
24.612065,345,1431.646198,False,False
24.041271,345,1434.645536,False,False
24.66651,345,1434.980028,False,False
24.666543,345,1435.262789,False,False
24.667655,345,1435.552962,False,False
24.668411,345,1435.813175,False,False
24.507514,345,1436.115707,False,False
24.670868,345,1438.921196,False,False
24.674713,345,1439.203918,False,False
24.668041,345,1439.529072,False,False
24.666629,345,1439.892602,False,False
24.662079,345,1440.253133,False,False
24.658442,345,1440.548622,False,False
23.96829,345,1443.578865,False,False
18.864008,344,1443.836324,False,False
24.671446,345,1444.128182,False,False
24.666383,345,1444.390446,False,False
24.635371,345,1444.636975,False,False
24.666082,345,1444.921169,False,False
24.662186,345,1447.718232,False,False
24.671713,345,1447.99504,False,False
24.651446,345,1448.260778,False,False
24.667956,345,1448.50807,False,False
24.667747,345,1448.766577,False,False
24.470085,345,1449.065561,False,False
24.601007,345,1452.078709,False,False
24.679099,345,1452.328156,False,False
24.126292,345,1452.581832,False,False
24.669675,345,1452.865418,False,False
24.505598,345,1453.138835,False,False
23.491851,345,1456.025748,False,False
24.617419,345,1456.317436,False,False
24.663383,345,1456.674687,False,False
24.669499,345,1456.934836,False,False
24.655129,345,1457.198757,False,False
24.636514,345,1457.45445,False,False
24.677097,345,1460.311355,False,False
24.613239,345,1460.570482,False,False
24.672889,345,1460.816103,False,False
24.677121,345,1461.075846,False,False
24.675352,345,1461.318358,False,False
24.669075,345,1461.594402,False,False
24.627173,345,1464.314787,False,False
24.659445,345,1464.594525,False,False
24.672928,345,1464.914819,False,False
24.572826,345,1465.188814,False,False
24.668565,345,1465.449062,False,False
24.667089,345,1465.699874,False,False
24.669606,345,1468.515312,False,False
24.669258,345,1468.798194,False,False
24.667061,345,1469.187801,False,False
22.685003,345,1469.467037,False,False
24.67065,345,1469.73911,False,False
24.671083,345,1469.994759,False,False
24.668844,345,1472.748746,False,False
24.670764,345,1473.063093,False,False
24.623771,345,1473.319236,False,False
24.589928,345,1473.565954,False,False
24.615346,345,1473.838706,False,False
24.568284,345,1474.120055,False,False
24.599132,345,1477.09795,False,False
24.626661,345,1477.34757,False,False
24.534702,345,1477.596614,False,False
24.668539,345,1477.845836,False,False
24.668426,345,1478.092635,False,False
24.655181,345,1478.343597,False,False
24.626776,345,1481.175151,False,False
24.163133,345,1481.423637,False,False
24.626127,345,1481.669863,False,False
24.6429,345,1481.917893,False,False
24.657234,345,1482.195637,False,False
24.679497,345,1482.540927,False,False
24.638807,345,1485.281296,False,False
24.666541,345,1485.571861,False,False
24.672911,345,1485.820223,False,False
24.65284,345,1486.086389,False,False
24.67546,345,1486.339675,False,False
24.668375,345,1486.581466,False,False
24.667447,345,1489.408547,False,False
24.566929,345,1489.660958,False,False
24.671967,345,1489.921398,False,False
24.664203,345,1490.178537,False,False
24.669325,345,1490.467758,False,False
24.641013,345,1490.777955,False,False
24.625544,345,1493.637896,False,False
23.503541,345,1493.880163,False,False
24.666824,345,1494.138758,False,False
24.665834,345,1494.409346,False,False
24.603917,345,1494.671171,False,False
24.668754,345,1495.013254,False,False
24.667766,345,1497.838905,False,False
24.658583,345,1498.111288,False,False
24.67212,345,1498.376004,False,False
24.595976,345,1498.735663,False,False
24.416433,345,1499.009888,False,False
24.637276,345,1499.29572,False,False
24.670312,345,1502.095487,False,False
24.671263,345,1502.349857,False,False
24.662784,345,1502.616821,False,False
24.662666,345,1502.901593,False,False
24.60766,345,1503.184185,False,False
24.674372,345,1503.526585,False,False
24.678783,345,1506.282035,False,False
24.668602,345,1506.546474,False,False
24.645058,345,1506.818332,False,False
24.669136,345,1507.183643,False,False
23.002077,345,1507.460334,False,False
24.675086,345,1507.713439,False,False
22.066359,345,1510.595249,False,False
24.667049,345,1510.85231,False,False
24.671927,345,1511.110148,False,False
24.663345,345,1511.358783,False,False
24.673838,345,1511.649728,False,False
24.671006,345,1511.926155,False,False
24.622067,345,1514.727597,False,False
24.669019,345,1514.975521,False,False
24.673273,345,1515.242002,False,False
24.648353,345,1515.532566,False,False
22.866627,345,1515.894202,False,False
24.646699,345,1516.159301,False,False
24.668135,345,1519.159752,False,False
24.675262,345,1519.454182,False,False
24.643184,345,1519.717154,False,False
24.66675,345,1519.976836,False,False
24.559207,345,1520.239291,False,False
24.665984,345,1523.0093,False,False
24.666109,345,1523.280348,False,False
24.608002,345,1523.52437,False,False
24.649727,345,1523.783647,False,False
24.655761,345,1524.060052,False,False
24.667326,345,1524.341593,False,False
24.671427,345,1527.155284,False,False
22.812072,345,1527.402751,False,False
24.235456,345,1527.679541,False,False
24.672978,345,1527.94191,False,False
24.60039,345,1528.196291,False,False
24.60555,345,1528.481541,False,False
24.670605,345,1531.305472,False,False
24.640023,345,1531.658891,False,False
24.502661,345,1532.010917,False,False
24.616086,345,1532.300476,False,False
24.32042,345,1532.61606,False,False
24.667881,345,1532.873054,False,False
24.667535,345,1535.713557,False,False
24.62989,345,1536.050518,False,False
24.651963,345,1536.328868,False,False
22.978033,345,1536.605813,False,False
22.928748,345,1536.933903,False,False
24.674028,345,1537.361084,False,False
24.583369,345,1540.131677,False,False
22.521795,345,1540.478513,False,False
24.638957,345,1540.765961,False,False
24.643332,345,1541.01531,False,False
24.557528,345,1541.257168,False,False
24.669701,345,1541.521329,False,False
24.558512,345,1544.375129,False,False
24.602283,345,1544.644722,False,False
24.674875,345,1544.907482,False,False
24.670669,345,1545.17601,False,False
24.665497,345,1545.482969,False,False
24.671136,345,1545.852124,False,False
24.669709,345,1548.525853,False,False
24.670319,345,1548.79769,False,False
24.173673,345,1549.068878,False,False
24.637156,345,1549.404054,False,False
24.665184,345,1549.712803,False,False
24.669173,345,1549.981322,False,False
24.668165,345,1552.754582,False,False
24.627991,345,1553.020264,False,False
24.638897,345,1553.270364,False,False
24.669236,345,1553.523925,False,False
24.669223,345,1553.810795,False,False
24.667208,345,1554.090964,False,False
24.676841,345,1556.889004,False,False
24.326401,345,1557.157369,False,False
24.669602,345,1557.425644,False,False
24.673766,345,1557.801041,False,False
22.696653,345,1558.08576,False,False
24.670139,345,1558.328367,False,False
24.670131,345,1561.148336,False,False
24.675927,345,1561.443227,False,False
24.665726,345,1561.698576,False,False
24.673696,345,1561.949012,False,False
24.651361,345,1562.19902,False,False
24.662533,345,1562.478955,False,False
24.669267,345,1565.358204,False,False
24.667938,345,1565.605034,False,False
24.669852,345,1565.873723,False,False
23.055898,345,1566.155276,False,False
24.671158,345,1566.450976,False,False
24.672183,345,1566.78553,False,False
24.672986,345,1569.610112,False,False
24.661267,345,1569.953414,False,False
24.490786,345,1570.21031,False,False
24.672967,345,1570.458022,False,False
24.667768,345,1570.703556,False,False
24.671652,345,1570.957899,False,False
24.575642,345,1573.713342,False,False
24.65462,345,1573.961942,False,False
24.671358,345,1574.2287,False,False
24.664085,345,1574.501255,False,False
24.669227,345,1574.852298,False,False
24.666479,345,1575.145227,False,False
24.671664,345,1577.798027,False,False
24.677297,345,1578.064076,False,False
24.622018,345,1578.324719,False,False
24.539101,345,1578.575203,False,False
24.671854,345,1578.828811,False,False
24.669606,345,1579.118824,False,False
24.640267,345,1581.865134,False,False
24.667927,345,1582.115341,False,False
24.665109,345,1582.361293,False,False
24.672979,345,1582.610276,False,False
24.254371,345,1582.896062,False,False
24.673191,345,1583.172321,False,False
24.668252,345,1585.883625,False,False
24.669213,345,1586.267138,False,False
24.669358,345,1586.526701,False,False
22.967842,345,1586.783754,False,False
24.670881,345,1587.030735,False,False
24.658958,345,1589.900546,False,False
24.588499,345,1590.220048,False,False
22.262404,345,1590.550777,False,False
24.674981,345,1590.799071,False,False
24.673792,345,1591.061659,False,False
24.668345,345,1591.307794,False,False
24.655,345,1594.109836,False,False
24.668173,345,1594.358902,False,False
24.654787,345,1594.611318,False,False
24.673498,345,1594.917095,False,False
24.671312,345,1595.192993,False,False
24.66853,345,1595.480226,False,False
24.642925,345,1598.268477,False,False
24.629454,345,1598.583102,False,False
24.603357,345,1598.904984,False,False
24.666206,345,1599.282458,False,False
24.642326,345,1599.594873,False,False
24.668972,345,1599.888585,False,False
24.668578,345,1602.815678,False,False
24.671087,345,1603.124634,False,False
24.671632,345,1603.392541,False,False
24.676171,345,1603.658074,False,False
24.675442,345,1603.923262,False,False
24.672685,345,1604.21148,False,False
24.67078,345,1607.132774,False,False
24.639999,345,1607.384795,False,False
24.670481,345,1607.681292,False,False
24.661853,345,1607.949327,False,False
24.489513,345,1608.396366,False,False
24.670008,345,1608.712166,False,False
24.678626,345,1611.460339,False,False
24.531123,345,1611.795389,False,False
24.6698,345,1612.065248,False,False
24.67316,345,1612.331172,False,False
24.64554,345,1612.600335,False,False
24.665824,345,1612.872473,False,False
24.669973,345,1615.657953,False,False
24.653981,345,1615.91722,False,False
24.663954,345,1616.181721,False,False
24.665985,345,1616.439125,False,False
24.662603,345,1616.682236,False,False
24.669101,345,1616.966998,False,False
24.672642,345,1619.639023,False,False
24.646405,345,1619.909456,False,False
24.673189,345,1620.238378,False,False
24.667668,345,1620.574572,False,False
24.649712,345,1620.825321,False,False
24.668777,345,1621.111178,False,False
24.667248,345,1623.939124,False,False
24.67045,345,1624.210363,False,False
24.671578,345,1624.457134,False,False
24.668233,345,1624.735819,False,False
24.630727,345,1625.006051,False,False
24.671532,345,1625.377817,False,False
24.650835,345,1628.388262,False,False
24.668643,345,1629.08467,False,False
24.558564,345,1629.377572,False,False
24.672834,345,1629.670188,False,False
24.667189,345,1629.966909,False,False
24.673315,345,1630.365236,False,False
24.667197,345,1633.254346,False,False
24.64147,345,1633.544059,False,False
24.673598,345,1633.809543,False,False
24.670897,345,1634.072444,False,False
24.669621,345,1634.379169,False,False
24.672871,345,1635.014104,False,False
24.671988,345,1637.989528,False,False
24.407642,345,1638.293107,False,False
24.66402,345,1638.611141,False,False
24.668719,345,1638.87832,False,False
24.631241,345,1639.142533,False,False
24.611493,345,1639.421631,False,False
24.595308,345,1642.441638,False,False
24.654703,345,1642.717033,False,False
24.384809,345,1643.001406,False,False
24.663427,345,1643.288448,False,False
24.675701,345,1643.561787,False,False
24.609357,345,1643.838679,False,False
24.679152,345,1646.754595,False,False
24.660104,345,1647.016149,False,False
24.662256,345,1647.27516,False,False
24.671169,345,1647.532203,False,False
24.669562,345,1647.795003,False,False
24.575479,345,1648.055306,False,False
24.666131,345,1650.979446,False,False
24.667048,345,1651.247088,False,False
24.584735,345,1651.517105,False,False
24.614661,345,1651.779285,False,False
24.667967,345,1652.027373,False,False
24.651113,345,1654.757722,False,False
24.564373,345,1655.050047,False,False
24.664623,345,1655.337655,False,False
24.623385,345,1655.686553,False,False
24.650399,345,1656.00429,False,False
24.664899,345,1656.27036,False,False
24.676185,345,1659.161259,False,False
24.656716,345,1659.426608,False,False
24.665351,345,1659.69952,False,False
24.254722,345,1659.945666,False,False
24.633999,345,1660.191771,False,False
24.648968,345,1660.462617,False,False
24.673975,345,1663.301622,False,False
24.64237,345,1663.554116,False,False
24.668841,345,1663.845792,False,False
21.964099,345,1664.116809,False,False
24.584237,345,1664.613503,False,False
24.389708,345,1664.896895,False,False
24.669017,345,1667.578378,False,False
24.659402,345,1667.851156,False,False
24.584971,345,1668.132889,False,False
24.667526,345,1668.383018,False,False
24.489941,345,1668.679933,False,False
24.64162,345,1668.973557,False,False
24.654543,345,1671.771948,False,False
24.585943,345,1672.035981,False,False
24.671187,345,1672.283788,False,False
24.66872,345,1672.576614,False,False
24.664481,345,1672.831072,False,False
24.612802,345,1673.101662,False,False
24.667157,345,1675.790528,False,False
24.569633,345,1676.10137,False,False
24.667397,345,1676.40792,False,False
24.606673,345,1676.738001,False,False
23.585806,345,1677.016457,False,False
24.671891,345,1677.2638,False,False
24.634209,345,1680.002907,False,False
24.651946,345,1680.271928,False,False
24.66193,345,1680.568558,False,False
24.670914,345,1680.8616,False,False
24.631498,345,1681.217125,False,False
23.592951,345,1681.492901,False,False
24.668452,345,1684.086319,False,False
24.671358,345,1684.346413,False,False
24.668704,345,1684.605688,False,False
24.669617,345,1684.900701,False,False
24.675018,345,1685.189763,False,False
24.666086,345,1685.551041,False,False
24.674439,345,1688.326222,False,False
24.668778,345,1688.616881,False,False
24.668381,345,1688.966087,False,False
24.563678,345,1689.288769,False,False
22.787578,345,1689.552564,False,False
24.649543,345,1689.798038,False,False
24.669878,345,1692.63998,False,False
24.639354,345,1692.923346,False,False
23.693372,345,1693.203427,False,False
24.668241,345,1693.533373,False,False
24.646297,345,1693.849239,False,False
24.666919,345,1694.107842,False,False
24.64935,345,1696.976967,False,False
24.666242,345,1697.243561,False,False
24.633404,345,1697.516166,False,False
24.67076,345,1697.799841,False,False
24.669671,345,1698.081191,False,False
24.666099,345,1698.368704,False,False
24.670598,345,1701.238451,False,False
24.649158,345,1701.499117,False,False
24.630153,345,1701.758923,False,False
24.663654,345,1702.023319,False,False
24.670541,345,1702.321831,False,False
24.648369,345,1702.629884,False,False
24.667172,345,1705.404269,False,False
24.669057,345,1705.693913,False,False
24.65581,345,1705.974397,False,False
24.663219,345,1706.325584,False,False
24.632406,345,1706.625765,False,False
24.664433,345,1706.907187,False,False
24.674706,345,1709.654203,False,False
24.664486,345,1709.910496,False,False
24.666619,345,1710.162187,False,False
24.652402,345,1710.409415,False,False
24.670076,345,1710.713062,False,False
24.67357,345,1711.028246,False,False
24.646981,345,1713.93877,False,False
24.651172,345,1714.200685,False,False
24.671415,345,1714.462773,False,False
24.669537,345,1714.729489,False,False
24.669772,345,1715.122265,False,False
24.670883,345,1715.450138,False,False
24.616932,345,1718.196689,False,False
24.593771,345,1718.448747,False,False
24.673056,345,1718.742342,False,False
24.364251,345,1719.029172,False,False
24.671127,345,1719.392209,False,False
24.654262,345,1722.182293,False,False
24.670102,345,1722.494012,False,False
24.674772,345,1722.848172,False,False
24.658048,345,1723.125782,False,False
24.499103,345,1723.415748,False,False
22.414863,345,1723.687016,False,False
24.65587,345,1726.530521,False,False
24.666314,345,1726.809836,False,False
24.668469,345,1727.071684,False,False
24.672883,345,1727.321807,False,False
24.677262,345,1727.574818,False,False
24.623356,345,1727.872581,False,False
24.664898,345,1730.564786,False,False
24.673857,345,1730.834103,False,False
24.638741,345,1731.137965,False,False
24.635787,345,1731.469479,False,False
24.616606,345,1731.730832,False,False
23.610314,345,1732.002327,False,False
24.670488,345,1734.896693,False,False
24.667902,345,1735.296763,False,False
24.666091,345,1735.560501,False,False
24.649559,345,1735.825963,False,False
24.562118,345,1736.077529,False,False
24.668568,345,1736.352493,False,False
24.660887,345,1739.205209,False,False
24.676295,345,1739.486617,False,False
24.62592,345,1739.768521,False,False
24.620229,345,1740.091191,False,False
24.666704,345,1740.431986,False,False
24.665698,345,1740.687019,False,False
24.671646,345,1743.448011,False,False
24.358955,345,1743.726211,False,False
24.668748,345,1744.013489,False,False
24.612299,345,1744.348704,False,False
24.669076,345,1744.677731,False,False
24.208494,345,1744.937846,False,False
24.498117,345,1747.646852,False,False
24.672138,345,1747.946542,False,False
24.674345,345,1748.265265,False,False
24.671425,345,1748.638307,False,False
24.668481,345,1748.903338,False,False
24.672086,345,1749.156453,False,False
24.416575,345,1751.924643,False,False
24.659866,345,1752.193459,False,False
24.668534,345,1752.443939,False,False
24.658729,345,1752.688103,False,False
24.671684,345,1752.931608,False,False
24.669888,345,1753.224148,False,False
24.663314,345,1756.219725,False,False
24.667736,345,1756.543118,False,False
24.67311,345,1756.840688,False,False
24.668596,345,1757.210997,False,False
24.651472,345,1757.612405,False,False
24.670883,345,1757.918104,False,False
24.647035,345,1760.652806,False,False
24.568959,345,1760.957266,False,False
24.596445,345,1761.253546,False,False
24.669536,345,1761.607055,False,False
24.66603,345,1761.881474,False,False
24.666794,345,1762.128876,False,False
24.672008,345,1765.0468,False,False
24.649353,345,1765.414087,False,False
24.673638,345,1765.667676,False,False
24.671513,345,1765.92777,False,False
24.672718,345,1766.191089,False,False
24.681921,345,1766.434691,False,False
24.498756,345,1769.621242,False,False
24.673954,345,1770.001859,False,False
24.590722,345,1770.283089,False,False
24.664742,345,1770.610836,False,False
24.664257,345,1770.982261,False,False
23.922342,345,1771.341965,False,False
24.671948,345,1774.324026,False,False
24.655326,345,1774.615836,False,False
24.671002,345,1774.896684,False,False
24.62551,345,1775.206639,False,False
24.669711,345,1775.475552,False,False
24.604136,345,1775.7625,False,False
24.667114,345,1778.597823,False,False
24.674524,345,1778.882435,False,False
24.675501,345,1779.259914,False,False
24.664654,345,1779.58284,False,False
24.669413,345,1779.825114,False,False
24.668976,345,1780.064083,False,False
24.654201,345,1782.978742,False,False
22.894867,345,1783.23729,False,False
24.669726,345,1783.484752,False,False
24.646112,345,1783.763536,False,False
24.675012,345,1784.040353,False,False
24.673538,345,1784.387276,False,False
24.670288,345,1787.346634,False,False
24.66659,345,1787.735009,False,False
24.642455,345,1788.012653,False,False
24.671938,345,1788.263415,False,False
24.676293,345,1788.514471,False,False
24.671846,345,1791.303933,False,False
24.669833,345,1791.560466,False,False
24.668586,345,1791.817697,False,False
24.675521,345,1792.119742,False,False
24.664118,345,1792.425045,False,False
24.669617,345,1792.742519,False,False
24.665039,345,1795.6317,False,False
24.620316,345,1795.989677,False,False
24.620301,345,1796.245668,False,False
24.672777,345,1796.517934,False,False
24.669291,345,1796.763125,False,False
24.548982,345,1797.053262,False,False
24.600393,345,1799.926758,False,False
24.664645,345,1800.191561,False,False
24.677876,345,1800.478347,False,False
24.647523,345,1800.770716,False,False
24.663371,345,1801.127753,False,False
24.65228,345,1801.424144,False,False
24.666717,345,1804.178295,False,False
24.673839,345,1804.427928,False,False
24.671673,345,1804.684002,False,False
24.192817,345,1804.979571,False,False
24.670636,345,1805.238179,False,False
24.58984,345,1805.523844,False,False
24.672038,345,1808.424183,False,False
24.664538,345,1808.687195,False,False
24.666734,345,1808.964675,False,False
24.669521,345,1809.279847,False,False
24.669304,345,1809.620349,False,False
24.670583,345,1809.922205,False,False
24.67418,345,1812.787225,False,False
24.666728,345,1813.085417,False,False
24.674923,345,1813.448997,False,False
24.6709,345,1813.715203,False,False
24.672475,345,1813.981108,False,False
24.67265,345,1814.255551,False,False
24.664021,345,1817.164969,False,False
24.668728,345,1817.413186,False,False
24.670691,345,1817.658108,False,False
24.552131,345,1817.906148,False,False
24.672402,345,1818.197528,False,False
24.673295,345,1818.457535,False,False
24.674246,345,1821.417829,False,False
24.673543,345,1821.70608,False,False
24.622434,345,1822.046985,False,False
24.642935,345,1822.364016,False,False
24.669334,345,1822.60103,False,False
24.664947,345,1822.868533,False,False
24.668935,345,1825.808614,False,False
24.669675,345,1826.056048,False,False
24.668739,345,1826.3151,False,False
24.674261,345,1826.577784,False,False
24.649596,345,1826.858467,False,False
24.398873,345,1827.105959,False,False
24.672041,345,1830.011832,False,False
24.624361,345,1830.299571,False,False
24.668738,345,1830.635635,False,False
24.624875,345,1830.941702,False,False
24.671395,345,1831.202534,False,False
24.651557,345,1831.444802,False,False
24.668079,345,1834.471179,False,False
24.671091,345,1834.766499,False,False
24.6708,345,1835.041707,False,False
24.67177,345,1835.293801,False,False
24.669259,345,1835.539983,False,False
24.614699,345,1835.781261,False,False
24.666931,345,1838.363857,False,False
24.66852,345,1838.621438,False,False
24.652309,345,1838.875612,False,False
24.655514,345,1839.132438,False,False
24.642229,345,1839.399291,False,False
24.667434,345,1839.680966,False,False
24.670857,345,1842.427887,False,False
24.463375,345,1842.739071,False,False
24.619436,345,1843.08035,False,False
24.587447,345,1843.455814,False,False
24.672853,345,1843.703855,False,False
24.668405,345,1843.963186,False,False
24.672477,345,1846.926946,False,False
24.239588,345,1847.281892,False,False
24.672179,345,1847.568518,False,False
24.659046,345,1847.818951,False,False
24.666785,345,1848.063689,False,False
24.669844,345,1848.310048,False,False
22.797821,345,1851.249289,False,False
24.487733,345,1851.628815,False,False
24.670022,345,1851.936376,False,False
24.6691,345,1852.191423,False,False
24.64373,345,1852.480176,False,False
24.669898,345,1855.755831,False,False
24.611296,345,1856.041982,False,False
24.62467,345,1856.370274,False,False
24.585267,345,1856.731561,False,False
24.668713,345,1857.00835,False,False
