#{"t_start": 1764906282.3004632, "env_id": "None"}
r,l,t,success,semi_success
-89.748637,303,4.488849,False,False
-41.057738,341,8.877452,False,False
-41.568377,339,12.933858,False,False
-91.964821,297,16.01607,False,False
-92.323619,310,20.088576,False,False
-41.537081,327,25.299098,False,False
-41.579126,335,30.294615,False,False
-91.432369,297,33.588154,False,False
-89.724993,293,37.667503,False,False
-91.15813,287,41.215509,False,False
-90.555562,316,46.477033,False,False
-41.415219,339,51.675349,False,False
-91.215774,301,55.020647,False,False
-89.64221,323,58.897369,False,False
-89.373623,292,62.872589,False,False
-90.655748,298,67.642819,False,False
-88.741352,325,72.090289,False,False
-41.124823,346,76.282711,False,False
-92.750406,301,80.138798,False,False
-38.870718,348,84.295258,False,False
-91.773631,294,88.318151,False,False
-41.161409,352,93.063555,False,False
-39.163292,336,98.07115,False,False
-37.227032,349,102.60798,False,False
-91.692886,328,107.572601,False,False
-40.071163,351,113.247454,False,False
-91.008176,346,118.677432,False,False
-92.035647,308,123.059443,False,False
-40.646571,344,127.255207,False,False
-86.485939,327,131.295703,False,False
-91.630481,296,136.200797,False,False
-39.585013,353,140.863235,False,False
-39.831084,351,146.082163,False,False
-91.968703,302,150.302537,False,False
-39.715522,355,154.372028,False,False
-40.794795,349,160.109316,False,False
-41.023799,345,164.384519,False,False
-90.950467,309,168.281507,False,False
-90.914792,302,172.66788,False,False
-88.964523,345,176.85658,False,False
-38.973822,368,182.204622,False,False
-91.251544,334,186.779339,False,False
-90.042096,334,190.95992,False,False
-89.041931,344,195.664017,False,False
-88.792321,298,199.09481,False,False
-38.671904,375,204.798535,False,False
-38.66612,367,209.893923,False,False
-89.847064,351,214.11599,False,False
-89.495663,358,218.756455,False,False
-88.268114,370,223.715074,False,False
-86.801903,391,229.572732,False,False
-86.604061,335,233.5521,False,False
-89.014834,335,238.153357,False,False
-88.430409,353,243.121594,False,False
-87.631313,345,247.463954,False,False
-87.997424,320,252.778808,False,False
-33.229366,411,258.643963,False,False
-86.394311,345,263.255785,False,False
-85.736122,343,268.251349,False,False
-87.019978,335,274.515607,False,False
-86.463802,356,279.723023,False,False
-84.958897,346,285.789729,False,False
-85.779503,340,290.111873,False,False
-84.920374,343,294.565251,False,False
-85.478512,338,299.617706,False,False
-84.80193,347,304.128721,False,False
35.979663,345,308.182199,False,True
-84.457401,346,313.220028,False,False
-84.059219,345,319.498321,False,False
36.15997,345,325.209399,False,True
-84.178635,344,331.39202,False,False
-84.704951,342,336.078587,False,False
36.458787,345,342.36764,False,True
-85.348337,347,348.624307,False,False
36.182529,345,354.509173,False,True
-85.042045,355,361.547304,False,False
-85.212048,342,366.980771,False,False
-84.236373,346,375.059955,False,False
-84.011897,345,381.159244,False,False
-85.466561,342,386.886157,False,False
-86.414394,341,392.935457,False,False
36.428716,345,397.940205,False,True
-84.106582,344,404.823037,False,False
-83.973284,345,409.894362,False,False
-84.113345,345,414.711994,False,False
-84.787881,346,420.826492,False,False
-85.388285,344,426.413921,False,False
-84.671221,345,431.647355,False,False
-86.880911,344,437.4662,False,False
-88.342957,344,442.481391,False,False
-84.039801,345,448.763622,False,False
-84.042368,345,454.287487,False,False
-83.904807,346,459.333526,False,False
-84.26512,345,465.02646,False,False
-86.372949,343,470.209186,False,False
-86.89482,347,477.043634,False,False
-86.645427,347,482.131624,False,False
-85.535049,345,486.969928,False,False
-84.404651,345,492.818683,False,False
-84.54087,345,498.164061,False,False
36.53403,345,505.153732,False,True
36.406913,345,509.951907,False,True
36.276113,346,515.101994,False,True
36.617702,346,521.064823,False,True
36.415733,345,526.790506,False,True
-84.490081,344,532.726688,False,False
-86.929004,338,537.56694,False,False
-86.03514,340,542.848569,False,False
-84.506795,346,548.902478,False,False
36.148344,345,554.748551,False,True
36.60706,345,559.690478,False,True
36.499769,345,565.777469,False,True
36.476393,344,570.844683,False,True
36.421062,344,577.171292,False,True
-83.83866,344,583.278404,False,False
36.411109,345,588.195772,False,True
-87.336876,344,594.429734,False,False
36.855872,345,600.4274,False,True
36.719581,345,606.773652,False,True
36.845984,345,613.049735,False,True
37.06475,345,618.521815,False,True
36.674832,344,624.319242,False,True
-83.652869,344,630.142803,False,False
36.825124,345,635.651704,False,True
-84.274357,344,641.767611,False,False
36.572316,345,647.090524,False,True
36.857884,345,653.19111,False,True
36.572423,344,659.739783,False,True
36.84478,345,664.992206,False,True
36.653783,344,671.207314,False,True
36.896897,345,676.433411,False,True
36.517273,345,682.403814,False,True
36.673411,345,688.327053,False,True
35.537778,345,693.175931,False,True
35.477322,344,699.353408,False,True
35.940994,345,705.10922,False,True
35.725194,344,710.145695,False,True
36.993365,345,716.008546,False,True
36.950538,345,721.261569,False,True
37.108536,345,726.702632,False,True
36.65155,345,733.566932,False,True
36.559069,345,738.163563,False,True
36.860417,345,743.54431,False,True
36.784018,345,748.128618,False,True
36.598831,345,753.312465,False,True
36.952787,345,759.010216,False,True
36.845409,345,763.59316,False,True
36.404702,345,768.999097,False,True
36.732672,345,774.549011,False,True
36.648882,345,780.318493,False,True
37.017689,345,785.991224,False,True
36.918753,345,790.630247,False,True
36.472829,345,796.77795,False,True
36.778968,345,802.259871,False,True
36.465221,345,807.575173,False,True
36.551313,345,812.986154,False,True
36.991458,345,817.440517,False,True
37.145671,345,822.706089,False,True
36.916942,345,828.102565,False,True
36.694763,345,833.095126,False,True
36.51706,345,839.14569,False,True
36.879248,345,844.394592,False,True
36.811663,345,849.577096,False,True
-84.253371,345,856.111149,False,False
36.357708,345,861.446864,False,True
36.946795,345,866.851289,False,True
36.817005,345,872.246745,False,True
36.886585,344,878.46465,False,True
36.946929,345,884.44189,False,True
36.739606,345,889.015041,False,True
36.641247,345,894.771915,False,True
-87.191364,344,900.904452,False,False
36.478053,345,906.427771,False,True
36.637924,345,912.764566,False,True
36.770291,345,918.123839,False,True
36.742235,345,924.61142,False,True
36.65887,345,930.554904,False,True
36.746344,345,935.676184,False,True
36.70113,345,942.162568,False,True
36.859211,345,947.314066,False,True
36.628365,345,953.187988,False,True
36.424091,344,959.436766,False,True
36.608078,345,964.322293,False,True
36.761827,345,970.416399,False,True
36.878038,345,976.214207,False,True
36.720338,345,981.92093,False,True
36.714942,345,987.952914,False,True
36.786267,345,992.987786,False,True
36.710617,345,998.637414,False,True
36.694477,345,1004.465544,False,True
36.843108,345,1009.767138,False,True
36.819282,345,1015.859444,False,True
36.615174,345,1021.236709,False,True
36.888242,345,1027.906561,False,True
36.798029,345,1033.617061,False,True
36.317795,345,1038.961122,False,True
36.933053,345,1045.418854,False,True
36.946441,345,1050.750034,False,True
37.012112,345,1057.614136,False,True
36.917979,345,1064.269738,False,True
36.822547,345,1069.473367,False,True
36.731788,345,1075.558329,False,True
36.835238,345,1081.65394,False,True
36.637092,345,1087.935654,False,True
36.756414,345,1096.087154,False,True
36.767292,345,1101.463698,False,True
36.722338,345,1108.288337,False,True
37.005389,345,1113.675675,False,True
36.966726,345,1118.22165,False,True
36.530077,345,1123.781672,False,True
36.870798,345,1128.715672,False,True
36.567737,345,1135.033036,False,True
36.630616,345,1139.97865,False,True
36.960374,345,1144.663046,False,True
36.687781,345,1150.518502,False,True
36.943004,345,1156.180709,False,True
36.647623,345,1162.947831,False,True
36.647551,345,1168.251867,False,True
36.789933,345,1173.59644,False,True
36.939921,345,1179.827275,False,True
36.95414,345,1186.10901,False,True
36.82679,345,1192.024176,False,True
36.88959,345,1198.137374,False,True
36.933251,345,1203.553814,False,True
36.895247,345,1210.620507,False,True
36.577518,345,1215.724369,False,True
36.865649,345,1221.040222,False,True
36.900523,345,1227.228088,False,True
37.043972,345,1232.540084,False,True
36.817411,345,1239.221983,False,True
36.975257,345,1244.054005,False,True
37.021799,345,1248.846901,False,True
37.068062,345,1254.921842,False,True
36.962456,345,1261.376438,False,True
34.402367,345,1267.738855,False,True
37.08045,345,1272.886534,False,True
36.918099,345,1278.152005,False,True
36.958456,345,1284.757947,False,True
36.889035,345,1290.439354,False,True
36.885051,345,1295.043278,False,True
36.684314,345,1300.99873,False,True
36.91374,345,1305.831568,False,True
36.96618,345,1312.507446,False,True
36.859952,345,1317.443223,False,True
36.95513,345,1322.479159,False,True
36.963109,345,1329.057388,False,True
36.926994,345,1335.688983,False,True
36.937924,345,1342.574621,False,True
37.057489,345,1347.714537,False,True
37.032514,345,1352.70993,False,True
36.547782,345,1358.855509,False,True
36.95674,345,1365.132492,False,True
36.84826,345,1371.417021,False,True
36.9234,345,1376.409953,False,True
36.990531,345,1381.848648,False,True
36.819958,345,1388.415035,False,True
36.856609,345,1393.908269,False,True
36.841436,345,1400.23664,False,True
36.902159,345,1405.585273,False,True
36.979562,345,1410.661888,False,True
36.908253,345,1417.955421,False,True
36.978979,345,1423.161626,False,True
36.962576,345,1428.435408,False,True
36.889925,345,1435.121132,False,True
36.886287,345,1441.175696,False,True
36.973937,345,1447.497281,False,True
37.017048,345,1452.704849,False,True
36.963409,345,1457.539099,False,True
37.024619,345,1463.161056,False,True
36.922883,345,1468.730148,False,True
36.965411,345,1474.450989,False,True
36.889964,345,1479.196154,False,True
36.966938,345,1485.611929,False,True
36.87676,345,1494.040051,False,True
36.956417,345,1499.19801,False,True
36.958591,345,1504.980092,False,True
36.958438,345,1509.677391,False,True
36.967353,345,1515.083031,False,True
36.877625,345,1521.07109,False,True
34.46584,345,1525.952114,False,True
36.977279,345,1531.295816,False,True
36.970757,345,1535.906955,False,True
36.952842,345,1541.84034,False,True
36.948192,345,1547.304019,False,True
36.979895,345,1551.898773,False,True
36.997205,345,1556.681275,False,True
36.97031,345,1562.505108,False,True
36.927152,345,1568.55466,False,True
36.909856,345,1574.568608,False,True
36.747261,345,1579.978513,False,True
36.888415,345,1585.387246,False,True
36.917677,345,1592.361738,False,True
37.043669,345,1597.629394,False,True
36.953118,345,1603.550124,False,True
36.978989,345,1608.540929,False,True
36.97994,345,1614.231338,False,True
36.938871,345,1621.575779,False,True
36.96976,345,1626.850607,False,True
36.99006,345,1633.574836,False,True
36.981652,345,1639.256487,False,True
36.967123,345,1645.887629,False,True
36.965876,345,1651.856265,False,True
36.952916,345,1657.134724,False,True
36.903356,345,1662.025744,False,True
36.982999,345,1668.638805,False,True
37.017483,345,1674.68525,False,True
36.965236,345,1680.78557,False,True
36.806654,345,1685.927212,False,True
36.960366,345,1691.506163,False,True
36.89254,345,1698.639595,False,True
36.95643,345,1704.146619,False,True
36.896326,345,1710.134596,False,True
36.172598,345,1714.995568,False,True
36.948991,345,1720.73124,False,True
36.892722,345,1727.504337,False,True
35.989948,345,1732.753233,False,True
36.491929,345,1738.842554,False,True
37.000861,345,1744.33427,False,True
36.827527,345,1750.615555,False,True
36.661441,345,1757.353101,False,True
36.850139,345,1762.542451,False,True
36.814858,345,1768.836529,False,True
36.51316,345,1774.968815,False,True
36.606139,345,1779.234503,False,True
36.592937,345,1784.376751,False,True
36.695381,345,1788.664751,False,True
36.909116,345,1793.167369,False,True
36.853749,345,1799.042867,False,True
36.486212,345,1803.484994,False,True
36.780241,345,1808.706071,False,True
36.89054,345,1812.892923,False,True
36.80776,345,1817.690983,False,True
36.877965,345,1823.108513,False,True
36.662537,345,1827.641451,False,True
36.687935,345,1832.561926,False,True
36.207901,345,1836.747573,False,True
36.221907,345,1841.711839,False,True
36.56139,345,1847.215572,False,True
36.748012,345,1851.877396,False,True
36.84931,345,1856.785291,False,True
36.177435,345,1861.138484,False,True
36.968241,345,1866.332069,False,True
36.719439,345,1871.572684,False,True
36.694403,345,1876.06282,False,True
36.879586,345,1881.112044,False,True
36.819905,345,1885.56416,False,True
36.875563,345,1890.638735,False,True
36.857705,345,1895.812404,False,True
36.968995,345,1900.078298,False,True
36.812239,345,1904.779653,False,True
36.800518,345,1910.373774,False,True
36.950562,345,1915.146715,False,True
36.891635,345,1920.529584,False,True
36.947885,345,1925.208949,False,True
36.328494,345,1929.587593,False,True
36.355069,345,1935.779309,False,True
36.281437,345,1940.741756,False,True
36.336921,345,1945.934011,False,True
36.175414,345,1950.288507,False,True
36.6158,345,1954.699973,False,True
36.458793,345,1960.704248,False,True
36.45036,345,1965.241285,False,True
36.810672,345,1970.385216,False,True
36.464693,345,1974.681594,False,True
36.538958,345,1979.206693,False,True
37.000669,345,1984.688696,False,True
36.77282,345,1989.145695,False,True
36.836495,345,1993.543757,False,True
36.78607,345,1999.004155,False,True
36.82977,345,2003.668929,False,True
36.780948,345,2009.250558,False,True
36.949159,345,2013.681596,False,True
36.73882,345,2017.862769,False,True
36.899787,345,2023.32642,False,True
36.698564,345,2028.412341,False,True
36.802506,345,2033.977859,False,True
36.897217,345,2038.907457,False,True
36.762455,345,2043.150744,False,True
36.838147,345,2048.374077,False,True
37.030486,345,2053.270547,False,True
36.789912,345,2058.441442,False,True
36.875433,345,2062.493889,False,True
36.927934,345,2066.837197,False,True
37.007749,345,2072.084623,False,True
36.880725,345,2076.989754,False,True
36.961912,345,2082.283889,False,True
36.875187,345,2086.77732,False,True
36.770372,345,2090.929548,False,True
36.950129,345,2096.758681,False,True
36.745249,345,2102.17595,False,True
36.903403,345,2107.060794,False,True
36.984884,345,2113.54988,False,True
37.021124,345,2118.254787,False,True
36.898669,345,2124.656274,False,True
36.838478,345,2129.600819,False,True
36.838966,345,2134.453578,False,True
36.774025,345,2140.591287,False,True
36.74193,345,2145.735664,False,True
36.574521,345,2152.01641,False,True
36.679749,345,2156.855581,False,True
36.805766,345,2161.866047,False,True
36.53316,345,2167.195725,False,True
35.737224,345,2172.344889,False,True
36.435353,345,2178.197296,False,True
36.800186,345,2182.732386,False,True
36.900176,345,2187.085175,False,True
36.936504,345,2192.41671,False,True
36.916775,345,2197.751035,False,True
36.80852,345,2202.669742,False,True
36.997293,345,2207.309305,False,True
36.957179,345,2211.418927,False,True
36.914087,345,2216.918691,False,True
36.887864,345,2221.736553,False,True
36.737745,345,2225.93727,False,True
36.904578,345,2231.051866,False,True
36.995275,345,2235.773986,False,True
36.967117,345,2241.762582,False,True
36.978289,345,2247.357518,False,True
36.867712,345,2252.591377,False,True
36.915591,345,2257.754802,False,True
34.953498,345,2262.251984,False,True
36.841733,345,2268.274271,False,True
36.931771,345,2273.036101,False,True
36.947884,345,2278.01242,False,True
36.860341,345,2283.345214,False,True
36.84519,345,2287.97905,False,True
36.954442,345,2294.286083,False,True
36.736565,345,2298.796802,False,True
36.904593,345,2303.254471,False,True
36.936372,345,2308.395761,False,True
36.808891,345,2312.963367,False,True
37.025809,345,2318.503788,False,True
36.935887,345,2324.513476,False,True
37.008961,345,2329.030572,False,True
36.871786,345,2334.569229,False,True
36.888548,345,2339.601595,False,True
36.942353,345,2344.595209,False,True
37.002573,345,2350.419822,False,True
36.974116,345,2355.337561,False,True
36.995621,345,2360.746901,False,True
36.913181,345,2366.47127,False,True
36.904514,345,2371.298564,False,True
36.953687,345,2376.695847,False,True
36.986144,345,2381.109515,False,True
36.896124,345,2386.543511,False,True
36.929412,345,2391.57421,False,True
36.765923,345,2396.225407,False,True
36.821654,345,2401.461856,False,True
36.951317,345,2405.584459,False,True
36.835673,345,2411.613566,False,True
37.002706,345,2416.158446,False,True
36.865977,345,2420.722281,False,True
37.087209,345,2426.068089,False,True
36.972613,345,2430.793119,False,True
37.08006,345,2436.452634,False,True
36.91652,345,2442.049084,False,True
36.998605,345,2446.971089,False,True
36.853078,345,2452.411971,False,True
37.050006,345,2458.103926,False,True
37.019518,345,2463.18618,False,True
37.014687,345,2468.286159,False,True
37.008797,345,2472.477115,False,True
36.974677,345,2477.704924,False,True
36.969457,345,2482.84819,False,True
36.89699,345,2487.742782,False,True
36.865124,345,2493.36904,False,True
37.007093,345,2498.001582,False,True
37.001659,345,2503.448958,False,True
36.920546,345,2509.186444,False,True
36.880367,345,2513.366443,False,True
37.013761,345,2519.224371,False,True
36.821225,345,2524.044423,False,True
36.977548,345,2530.042714,False,True
36.851475,345,2535.028246,False,True
36.837326,345,2539.600509,False,True
36.803762,345,2544.742096,False,True
36.666877,345,2549.122594,False,True
36.761501,345,2554.38707,False,True
36.234136,345,2560.21422,False,True
36.40242,345,2565.550113,False,True
36.716264,345,2570.944877,False,True
36.793179,345,2575.710153,False,True
36.974647,345,2581.639544,False,True
37.060214,345,2587.308523,False,True
37.027758,345,2591.595454,False,True
37.012906,345,2597.07209,False,True
36.957008,345,2602.951287,False,True
36.985463,345,2608.25744,False,True
36.950922,345,2613.824547,False,True
36.981942,345,2618.810575,False,True
36.953703,345,2624.510673,False,True
36.954782,345,2630.45828,False,True
36.833386,345,2635.278495,False,True
36.957406,345,2640.998935,False,True
36.993183,345,2645.56008,False,True
36.965556,345,2651.04454,False,True
37.020242,345,2657.576548,False,True
37.009658,345,2662.395268,False,True
36.873617,345,2668.145316,False,True
37.041865,345,2672.809942,False,True
36.756281,345,2677.843182,False,True
37.009023,345,2683.574383,False,True
37.055529,345,2688.255854,False,True
36.939389,345,2693.281339,False,True
37.080351,345,2698.08605,False,True
37.026866,345,2703.054392,False,True
37.01826,345,2708.632075,False,True
36.904529,345,2713.066807,False,True
37.094766,345,2718.478977,False,True
37.024887,345,2723.966108,False,True
37.067407,345,2729.072664,False,True
37.047761,345,2734.371032,False,True
37.03789,345,2738.993852,False,True
37.017991,345,2744.371738,False,True
37.040216,345,2750.206818,False,True
36.939142,345,2755.285925,False,True
37.024271,345,2761.668032,False,True
37.086823,345,2766.879072,False,True
37.025946,345,2771.988916,False,True
37.044666,345,2778.165988,False,True
37.022049,345,2782.695817,False,True
37.028454,345,2787.493093,False,True
37.058536,345,2792.500681,False,True
37.087299,345,2797.796132,False,True
37.064333,345,2803.120987,False,True
37.041353,345,2807.849623,False,True
37.013787,345,2812.891045,False,True
36.986707,345,2817.225233,False,True
37.031321,345,2823.604819,False,True
36.899245,345,2829.623563,False,True
37.027612,345,2834.628546,False,True
36.797171,345,2839.841108,False,True
37.031216,345,2845.024244,False,True
37.004093,345,2850.234603,False,True
36.188124,345,2855.54864,False,True
36.899331,345,2860.608469,False,True
36.962335,345,2866.585686,False,True
37.040639,345,2872.612569,False,True
37.030372,345,2877.796318,False,True
37.007761,345,2883.226114,False,True
37.015702,345,2887.416239,False,True
36.727386,345,2892.075893,False,True
37.056251,345,2897.744028,False,True
37.012717,345,2902.295289,False,True
37.066446,345,2907.293874,False,True
36.981946,345,2911.883246,False,True
37.038941,345,2917.201445,False,True
36.993891,345,2922.923053,False,True
37.003977,345,2927.476747,False,True
36.969065,345,2932.616338,False,True
36.98595,345,2936.969752,False,True
36.751217,345,2942.835647,False,True
37.062606,345,2948.391272,False,True
37.027667,345,2953.709284,False,True
37.086104,345,2959.164334,False,True
37.038517,345,2964.427236,False,True
37.074507,345,2969.28312,False,True
37.008599,345,2974.815389,False,True
37.092897,345,2979.975249,False,True
37.045736,345,2985.077985,False,True
37.040229,345,2991.433594,False,True
37.066076,345,2996.036989,False,True
37.074206,345,3001.569009,False,True
37.051927,345,3006.266478,False,True
37.045618,345,3011.711072,False,True
36.957123,345,3018.63989,False,True
37.042868,345,3023.776032,False,True
37.038015,345,3029.537699,False,True
37.023129,345,3034.405516,False,True
36.828681,345,3039.944769,False,True
37.01619,345,3046.216152,False,True
37.038954,345,3050.564746,False,True
37.009901,345,3056.07222,False,True
37.051035,345,3060.513503,False,True
37.0655,345,3066.333709,False,True
37.012835,345,3071.927447,False,True
36.766062,345,3076.726776,False,True
37.010815,345,3081.775218,False,True
36.979461,345,3086.068279,False,True
37.00723,345,3091.057271,False,True
37.028606,345,3096.369663,False,True
37.03101,345,3100.707716,False,True
37.029837,345,3106.89064,False,True
37.064892,345,3113.450655,False,True
37.012146,345,3118.776187,False,True
37.029815,345,3124.557025,False,True
37.036625,345,3129.728246,False,True
37.007625,345,3135.541543,False,True
36.983886,345,3141.83035,False,True
37.00677,345,3146.458309,False,True
37.032717,345,3151.735416,False,True
37.049636,345,3155.942002,False,True
36.886833,345,3160.57165,False,True
36.873525,345,3166.247093,False,True
36.211363,345,3170.775879,False,True
36.505239,345,3176.050859,False,True
37.072212,345,3180.495628,False,True
37.019011,345,3185.240558,False,True
37.011185,345,3190.68522,False,True
37.047003,345,3195.246032,False,True
36.941836,345,3200.58567,False,True
36.995594,345,3205.04193,False,True
37.035543,345,3210.101665,False,True
36.684655,345,3215.402244,False,True
37.027795,345,3220.124603,False,True
37.055741,345,3224.706245,False,True
37.031239,345,3231.000156,False,True
36.979074,345,3236.378085,False,True
37.042015,345,3242.135865,False,True
37.071422,345,3246.522474,False,True
37.070523,345,3251.034767,False,True
37.065574,345,3256.994986,False,True
37.075641,345,3261.856391,False,True
37.062311,345,3267.538491,False,True
37.032994,345,3271.960673,False,True
37.027396,345,3276.291164,False,True
37.027607,345,3282.158865,False,True
37.019652,345,3286.458237,False,True
36.969759,345,3292.09157,False,True
36.95451,345,3296.416874,False,True
37.005284,345,3300.548036,False,True
37.054342,345,3306.473368,False,True
37.125276,345,3311.240925,False,True
37.024056,345,3315.59614,False,True
36.910609,345,3320.891216,False,True
37.022374,345,3326.092611,False,True
37.041054,345,3332.722703,False,True
37.063252,345,3337.57564,False,True
37.08702,345,3342.164706,False,True
37.081233,345,3347.853003,False,True
37.08142,345,3353.665738,False,True
37.108843,345,3359.189455,False,True
37.056888,345,3363.427205,False,True
37.076113,345,3368.228538,False,True
37.071688,345,3374.227015,False,True
37.085102,345,3380.132203,False,True
37.031495,345,3385.311087,False,True
37.089336,345,3389.945303,False,True
37.019183,345,3395.34234,False,True
36.886119,345,3401.435438,False,True
36.957874,345,3406.050527,False,True
36.413606,345,3411.396836,False,True
37.062846,345,3415.697618,False,True
36.687044,345,3420.151543,False,True
36.940504,345,3426.28767,False,True
37.047783,345,3430.806875,False,True
37.03433,345,3435.570125,False,True
37.018643,345,3440.907347,False,True
37.023005,345,3445.519948,False,True
37.068547,345,3452.311891,False,True
37.063171,345,3456.932821,False,True
36.986736,345,3461.288756,False,True
37.088312,345,3466.666492,False,True
37.072349,345,3471.204475,False,True
37.061044,345,3475.873699,False,True
37.057938,345,3479.768824,False,True
37.047447,345,3484.078457,False,True
36.941861,345,3489.041225,False,True
37.029678,345,3493.328525,False,True
37.010478,345,3498.170094,False,True
36.98334,345,3502.098283,False,True
37.013688,345,3506.130082,False,True
36.939064,345,3511.08684,False,True
37.005683,345,3515.019163,False,True
37.06014,345,3519.902142,False,True
36.993,345,3524.287392,False,True
37.07901,345,3528.672001,False,True
37.063512,345,3533.45685,False,True
37.004696,345,3537.414586,False,True
37.080537,345,3541.20198,False,True
37.009478,345,3545.196466,False,True
36.949181,345,3548.576375,False,True
37.011531,345,3552.392297,False,True
37.022814,345,3555.836498,False,True
37.045403,345,3559.44247,False,True
37.046811,345,3563.43549,False,True
37.054876,345,3566.762,False,True
37.090066,345,3570.665162,False,True
37.087999,345,3573.889365,False,True
37.07605,345,3577.333697,False,True
37.041251,345,3581.302045,False,True
37.023996,345,3584.621108,False,True
37.04829,345,3588.753483,False,True
37.074761,345,3592.103106,False,True
37.102452,345,3595.616309,False,True
37.084023,345,3599.990987,False,True
37.093339,345,3603.518594,False,True
37.05884,345,3607.127782,False,True
37.015251,345,3611.126161,False,True
37.042881,345,3614.346327,False,True
37.079852,345,3618.481814,False,True
37.067492,345,3621.740955,False,True
37.040902,345,3624.972668,False,True
37.029422,345,3629.008063,False,True
37.019509,345,3632.364763,False,True
36.962608,345,3636.360425,False,True
36.924362,345,3639.676855,False,True
37.003042,345,3642.940702,False,True
37.109022,345,3646.948811,False,True
37.095225,345,3650.337463,False,True
37.064878,345,3654.284163,False,True
37.071692,345,3657.664939,False,True
37.076368,345,3661.034998,False,True
37.02833,345,3665.010527,False,True
37.058278,345,3668.463464,False,True
37.066311,345,3672.383102,False,True
37.111639,345,3675.865524,False,True
36.99719,345,3679.350541,False,True
37.053211,345,3683.282679,False,True
37.122902,345,3686.811831,False,True
37.05335,345,3690.330939,False,True
37.075278,345,3694.459235,False,True
37.127539,345,3698.324276,False,True
37.112838,345,3702.431845,False,True
37.096733,345,3705.782197,False,True
37.107172,345,3709.00083,False,True
37.067178,345,3712.67732,False,True
37.027444,345,3716.067785,False,True
37.099499,345,3719.847622,False,True
37.041499,345,3723.194065,False,True
37.069868,345,3726.297208,False,True
37.093035,345,3730.084194,False,True
37.095366,345,3733.148198,False,True
37.106668,345,3736.988484,False,True
37.108785,345,3740.108182,False,True
37.077919,345,3743.358276,False,True
37.073885,345,3747.146471,False,True
37.101593,345,3750.409147,False,True
37.111332,345,3754.510569,False,True
37.091462,345,3757.838721,False,True
37.049208,345,3761.312452,False,True
37.077051,345,3765.164725,False,True
37.080088,345,3768.584806,False,True
37.053508,345,3771.764925,False,True
37.052483,345,3775.804708,False,True
37.103324,345,3779.290897,False,True
37.091791,345,3783.03475,False,True
37.082984,345,3786.348697,False,True
37.061655,345,3789.906335,False,True
37.057807,345,3793.504452,False,True
37.07248,345,3796.700466,False,True
37.087787,345,3800.289506,False,True
37.085591,345,3803.433015,False,True
37.089487,345,3806.515959,False,True
37.095541,345,3810.355791,False,True
37.103562,345,3813.66007,False,True
37.098059,345,3818.147034,False,True
37.08072,345,3821.502779,False,True
37.104616,345,3824.724561,False,True
37.114029,345,3828.666052,False,True
37.08625,345,3831.809968,False,True
37.095152,345,3835.151919,False,True
37.103228,345,3839.070554,False,True
37.101539,345,3842.40404,False,True
37.094777,345,3846.177825,False,True
37.075564,345,3849.52634,False,True
37.105895,345,3852.549784,False,True
37.115953,345,3856.283433,False,True
37.104434,345,3859.589275,False,True
37.100914,345,3863.511795,False,True
37.119943,345,3866.80138,False,True
37.095294,345,3870.217302,False,True
37.097303,345,3874.358312,False,True
37.113226,345,3877.836487,False,True
37.094272,345,3881.842225,False,True
37.083288,345,3886.02227,False,True
37.097624,345,3889.520997,False,True
37.075097,345,3893.354241,False,True
37.114347,345,3896.977874,False,True
37.097124,345,3900.881011,False,True
37.099428,345,3904.291346,False,True
37.111695,345,3907.659595,False,True
37.079781,345,3911.415606,False,True
37.035881,345,3914.756482,False,True
37.093249,345,3917.916994,False,True
37.07687,345,3921.749316,False,True
37.08213,345,3924.949691,False,True
37.129696,345,3928.850572,False,True
37.120185,345,3932.170191,False,True
37.110593,345,3935.355534,False,True
37.044346,345,3939.208558,False,True
37.098228,345,3942.35495,False,True
37.020879,345,3946.611183,False,True
37.117704,345,3950.02713,False,True
37.084194,345,3953.313243,False,True
37.054361,345,3957.118317,False,True
37.101072,345,3960.204049,False,True
37.072366,345,3964.126688,False,True
37.106991,345,3967.245267,False,True
37.096109,345,3970.574402,False,True
37.092021,345,3974.582598,False,True
37.104258,345,3977.853325,False,True
37.037442,345,3981.878403,False,True
36.964217,345,3985.245284,False,True
37.097544,345,3988.699032,False,True
37.066974,345,3992.78256,False,True
37.080215,345,3996.126972,False,True
37.089816,345,3999.915242,False,True
37.063247,345,4004.1524,False,True
37.118341,345,4007.590834,False,True
37.132129,345,4011.793194,False,True
37.0967,345,4015.01172,False,True
37.048191,345,4018.306231,False,True
37.102082,345,4021.912573,False,True
37.115985,345,4024.916646,False,True
37.085367,345,4028.694334,False,True
37.143133,345,4031.747066,False,True
37.102703,345,4034.798936,False,True
37.037794,345,4038.513612,False,True
37.124774,345,4041.551684,False,True
37.070695,345,4045.291605,False,True
37.108057,345,4048.34091,False,True
36.985256,345,4051.536875,False,True
37.122431,345,4055.168297,False,True
37.044172,345,4058.296378,False,True
37.121258,345,4061.501958,False,True
36.949255,345,4065.096926,False,True
37.079229,345,4068.26014,False,True
37.06275,345,4072.137018,False,True
37.106797,345,4075.356115,False,True
37.142606,345,4078.393359,False,True
37.074893,345,4082.125175,False,True
37.10732,345,4085.184281,False,True
37.101889,345,4088.891398,False,True
37.126906,345,4092.035275,False,True
37.115953,345,4095.205198,False,True
37.122411,345,4098.953189,False,True
37.119755,345,4101.980656,False,True
37.12931,345,4105.678675,False,True
37.113529,345,4108.699463,False,True
37.121898,345,4111.893205,False,True
36.876085,345,4115.726164,False,True
37.103199,345,4118.737998,False,True
37.12891,345,4122.437847,False,True
37.098322,345,4125.531174,False,True
37.115753,345,4128.77962,False,True
37.128858,345,4132.533673,False,True
37.123048,345,4135.734938,False,True
37.11645,345,4138.802787,False,True
37.07665,345,4142.487642,False,True
37.131266,345,4145.533756,False,True
37.12499,345,4149.236941,False,True
37.095138,345,4152.569414,False,True
37.075869,345,4155.684317,False,True
37.097702,345,4159.587129,False,True
37.062367,345,4162.965257,False,True
37.118612,345,4166.751761,False,True
37.13433,345,4169.91114,False,True
37.129369,345,4173.279985,False,True
37.137865,345,4177.180581,False,True
37.122382,345,4180.561009,False,True
37.130757,345,4184.521037,False,True
37.109702,345,4187.924493,False,True
37.124223,345,4191.542625,False,True
37.115808,345,4195.697072,False,True
37.127548,345,4199.032224,False,True
37.138726,345,4203.117066,False,True
37.138492,345,4206.350051,False,True
37.119524,345,4209.720303,False,True
37.137806,345,4213.730898,False,True
37.136046,345,4216.997252,False,True
37.154227,345,4220.331588,False,True
37.132871,345,4224.034183,False,True
37.152425,345,4227.088579,False,True
37.160341,345,4230.823093,False,True
37.12825,345,4233.940564,False,True
37.117846,345,4237.173162,False,True
37.130657,345,4240.975109,False,True
37.131163,345,4244.066179,False,True
37.101834,345,4247.860868,False,True
37.10111,345,4250.941913,False,True
37.130211,345,4254.177153,False,True
37.133679,345,4258.088261,False,True
37.125671,345,4261.362908,False,True
37.135125,345,4265.084976,False,True
37.124044,345,4268.331543,False,True
37.11571,345,4271.386155,False,True
37.115957,345,4275.411536,False,True
37.128108,345,4278.647422,False,True
37.13108,345,4281.995167,False,True
37.089792,345,4285.784153,False,True
37.130194,345,4288.838432,False,True
37.100724,345,4292.692798,False,True
37.131103,345,4295.867355,False,True
37.105645,345,4299.039281,False,True
37.11487,345,4302.806503,False,True
37.112671,345,4305.879638,False,True
37.119833,345,4309.691504,False,True
37.117485,345,4312.862437,False,True
37.12029,345,4316.173696,False,True
37.121159,345,4319.979603,False,True
37.091881,345,4323.233402,False,True
37.092219,345,4327.030375,False,True
37.111596,345,4330.271167,False,True
37.114054,345,4333.339697,False,True
37.109804,345,4337.17483,False,True
37.123273,345,4340.243704,False,True
37.129391,345,4343.969588,False,True
37.083107,345,4347.112756,False,True
37.141994,345,4350.240655,False,True
37.113596,345,4354.079108,False,True
37.110058,345,4357.154115,False,True
37.117675,345,4360.313579,False,True
37.144058,345,4364.031562,False,True
37.135019,345,4367.139685,False,True
37.124301,345,4370.867508,False,True
37.130598,345,4373.936207,False,True
37.122704,345,4377.137685,False,True
37.104825,345,4380.886669,False,True
37.095906,345,4384.112315,False,True
37.089282,345,4387.870377,False,True
37.115195,345,4390.927283,False,True
37.104658,345,4394.138102,False,True
37.107303,345,4397.762832,False,True
37.120105,345,4400.936395,False,True
37.110833,345,4404.556312,False,True
37.096374,345,4407.791255,False,True
37.111022,345,4410.843831,False,True
37.111962,345,4414.620871,False,True
37.118076,345,4417.832889,False,True
37.091271,345,4421.470745,False,True
37.120419,345,4424.654867,False,True
37.134275,345,4427.70505,False,True
37.112475,345,4431.455508,False,True
36.97538,345,4434.511063,False,True
37.119333,345,4437.77763,False,True
37.13569,345,4441.483444,False,True
37.122974,345,4444.777104,False,True
37.121089,345,4448.5456,False,True
37.110253,345,4451.647187,False,True
37.139051,345,4454.842443,False,True
37.153063,345,4458.600898,False,True
37.136883,345,4461.651963,False,True
37.134502,345,4465.323207,False,True
37.094511,345,4468.831446,False,True
37.133061,345,4472.521699,False,True
37.154172,345,4476.310061,False,True
37.143529,345,4479.559191,False,True
37.140514,345,4483.201334,False,True
37.134931,345,4486.500142,False,True
37.145026,345,4489.577896,False,True
37.140487,345,4493.292174,False,True
37.147846,345,4496.333301,False,True
37.136388,345,4499.534073,False,True
37.131009,345,4503.391953,False,True
37.115324,345,4506.822224,False,True
37.120291,345,4510.685501,False,True
37.139921,345,4513.849895,False,True
37.14178,345,4517.181948,False,True
37.151374,345,4520.943866,False,True
37.120937,345,4524.141871,False,True
37.129784,345,4527.90551,False,True
37.133271,345,4530.935136,False,True
37.142791,345,4534.130709,False,True
37.136326,345,4537.782371,False,True
37.140925,345,4540.975191,False,True
37.127647,345,4544.846914,False,True
37.12126,345,4548.053868,False,True
37.135488,345,4551.112355,False,True
37.142377,345,4554.908383,False,True
37.154607,345,4558.179814,False,True
37.170105,345,4561.819891,False,True
37.126046,345,4565.178493,False,True
37.141334,345,4568.386179,False,True
37.145996,345,4572.126919,False,True
37.152971,345,4575.350384,False,True
37.094874,345,4578.513673,False,True
37.132721,345,4582.390374,False,True
37.130676,345,4585.65348,False,True
37.114802,345,4589.693082,False,True
37.144287,345,4593.197501,False,True
37.153795,345,4596.44137,False,True
37.159215,345,4600.414398,False,True
37.149117,345,4603.982238,False,True
37.147646,345,4608.318342,False,True
37.145452,345,4612.378684,False,True
37.12114,345,4616.087345,False,True
37.132784,345,4620.190331,False,True
37.138003,345,4623.481417,False,True
37.133935,345,4627.648773,False,True
37.149642,345,4631.119201,False,True
37.149296,345,4634.743167,False,True
37.130896,345,4638.755259,False,True
37.142698,345,4641.853858,False,True
37.156112,345,4645.692266,False,True
37.144236,345,4649.048529,False,True
37.14735,345,4652.247038,False,True
37.137242,345,4656.015622,False,True
37.139527,345,4659.39926,False,True
37.147458,345,4662.752338,False,True
37.16251,345,4666.797591,False,True
37.127293,345,4670.079679,False,True
37.140667,345,4674.005864,False,True
37.161876,345,4677.238545,False,True
37.151049,345,4680.332672,False,True
37.178323,345,4684.249257,False,True
37.154654,345,4687.396168,False,True
37.183536,345,4691.094,False,True
37.150858,345,4694.437694,False,True
37.163382,345,4697.712427,False,True
37.150633,345,4701.599328,False,True
37.160368,345,4704.706686,False,True
37.107343,345,4708.52205,False,True
37.161556,345,4711.679842,False,True
37.154991,345,4715.017553,False,True
37.153435,345,4718.908724,False,True
37.157015,345,4722.050917,False,True
37.153336,345,4725.413841,False,True
37.162454,345,4729.388884,False,True
37.163388,345,4732.643518,False,True
37.163025,345,4736.694269,False,True
37.151643,345,4739.866838,False,True
37.153943,345,4743.211742,False,True
37.166057,345,4747.358236,False,True
37.166119,345,4750.480018,False,True
37.167753,345,4754.392072,False,True
37.162965,345,4757.633382,False,True
37.17188,345,4760.934796,False,True
37.170956,345,4764.783715,False,True
37.164233,345,4768.143976,False,True
37.169018,345,4771.658205,False,True
37.161097,345,4775.07093,False,True
37.165021,345,4778.457629,False,True
37.17098,345,4782.851055,False,True
37.158171,345,4786.600019,False,True
37.155079,345,4791.220523,False,True
37.163872,345,4794.943183,False,True
37.16032,345,4798.649383,False,True
37.151786,345,4802.670595,False,True
37.160528,345,4806.147947,False,True
37.154221,345,4809.449085,False,True
37.17377,345,4813.055103,False,True
37.189778,345,4816.284335,False,True
37.164446,345,4819.988294,False,True
37.171279,345,4823.096361,False,True
37.171508,345,4826.268562,False,True
37.160131,345,4830.150342,False,True
37.162082,345,4833.380064,False,True
37.165039,345,4837.167186,False,True
37.179436,345,4840.548395,False,True
37.165564,345,4844.626029,False,True
37.162261,345,4848.430824,False,True
37.167175,345,4851.677635,False,True
37.170807,345,4855.41152,False,True
37.169192,345,4858.551725,False,True
37.164237,345,4861.673403,False,True
37.174638,345,4865.58373,False,True
37.175032,345,4868.72713,False,True
37.178896,345,4872.445453,False,True
37.171722,345,4875.495191,False,True
37.168222,345,4878.854043,False,True
37.169993,345,4882.636318,False,True
37.186443,345,4885.838941,False,True
37.184971,345,4888.983442,False,True
37.171507,345,4892.743581,False,True
37.167821,345,4895.849844,False,True
37.17029,345,4899.421698,False,True
37.176105,345,4902.512635,False,True
37.176822,345,4905.689389,False,True
37.176422,345,4909.928963,False,True
37.179034,345,4913.14921,False,True
37.176954,345,4917.109285,False,True
37.178891,345,4920.173712,False,True
37.171192,345,4923.342294,False,True
37.183982,345,4927.225736,False,True
37.176994,345,4930.415318,False,True
37.154287,345,4934.35502,False,True
37.169175,345,4937.719678,False,True
37.207366,345,4940.698766,False,True
37.162294,345,4944.473872,False,True
37.165884,345,4947.571854,False,True
37.180018,345,4950.575617,False,True
37.157696,345,4954.352091,False,True
37.173768,345,4957.424862,False,True
37.183199,345,4960.974479,False,True
37.18329,345,4964.105182,False,True
37.197958,345,4967.124363,False,True
37.190475,345,4970.812044,False,True
37.156596,345,4973.851916,False,True
37.182854,345,4977.536552,False,True
37.173089,345,4980.657378,False,True
37.187145,345,4983.651437,False,True
37.178309,345,4987.397515,False,True
37.172615,345,4990.390021,False,True
37.203974,345,4994.420875,False,True
37.180169,345,4997.813698,False,True
37.181262,345,5001.128506,False,True
37.155709,345,5005.438681,False,True
37.18022,345,5009.128246,False,True
37.188364,345,5013.572617,False,True
37.180685,345,5017.081289,False,True
37.192838,345,5020.793534,False,True
37.182254,345,5025.115362,False,True
37.175107,345,5029.382097,False,True
37.185335,345,5033.459755,False,True
37.178918,345,5037.694315,False,True
37.176124,345,5041.523963,False,True
37.169794,345,5046.079118,False,True
37.192631,345,5049.850815,False,True
37.186745,345,5053.637504,False,True
37.185874,345,5058.144268,False,True
37.183463,345,5062.033188,False,True
37.177076,345,5066.477258,False,True
37.190181,345,5070.162454,False,True
37.181429,345,5073.938855,False,True
37.177746,345,5078.504488,False,True
37.179848,345,5082.359812,False,True
37.186078,345,5086.933097,False,True
37.187644,345,5090.826517,False,True
37.178932,345,5095.245157,False,True
37.186968,345,5100.29497,False,True
37.172956,345,5104.214211,False,True
37.170659,345,5108.728075,False,True
37.181449,345,5112.77893,False,True
37.177285,345,5116.555909,False,True
37.183252,345,5121.07606,False,True
37.178935,345,5125.107118,False,True
37.178381,345,5128.970459,False,True
37.183747,345,5133.693864,False,True
37.175726,345,5137.432901,False,True
37.186758,345,5142.240543,False,True
37.173548,345,5146.097212,False,True
37.184847,345,5150.00363,False,True
37.17933,345,5154.700176,False,True
37.188965,345,5158.572814,False,True
37.178685,345,5163.300106,False,True
37.191372,345,5167.169476,False,True
37.181013,345,5170.861422,False,True
37.198632,345,5175.44048,False,True
37.180409,345,5179.081754,False,True
37.196446,345,5183.693057,False,True
37.17833,345,5187.491833,False,True
37.189981,345,5191.398344,False,True
37.196012,345,5195.874195,False,True
37.180349,345,5199.641578,False,True
37.185593,345,5203.482853,False,True
37.184423,345,5207.790276,False,True
37.177803,345,5211.517855,False,True
37.180739,345,5215.871733,False,True
37.194606,345,5219.344657,False,True
37.186234,345,5223.021332,False,True
37.187236,345,5227.752386,False,True
37.190417,345,5231.479522,False,True
37.183842,345,5235.765548,False,True
37.183337,345,5239.898686,False,True
37.186881,345,5243.545394,False,True
37.18515,345,5247.872195,False,True
37.199264,345,5251.642176,False,True
37.200551,345,5256.238582,False,True
37.187277,345,5260.177274,False,True
37.176839,345,5264.130818,False,True
37.18751,345,5268.633824,False,True
37.187386,345,5272.582518,False,True
37.188929,345,5277.022109,False,True
37.181854,345,5280.956768,False,True
37.188495,345,5284.792839,False,True
37.189058,345,5289.136114,False,True
37.18473,345,5292.860628,False,True
37.18263,345,5296.371688,False,True
37.189938,345,5300.993563,False,True
37.186333,345,5304.581988,False,True
37.185223,345,5309.01063,False,True
37.177524,345,5312.607771,False,True
37.197968,345,5316.166235,False,True
37.189366,345,5320.674704,False,True
37.188661,345,5324.173075,False,True
37.188522,345,5328.567291,False,True
37.187191,345,5332.430185,False,True
37.201818,345,5336.11476,False,True
37.171836,345,5340.420901,False,True
37.196467,345,5344.164909,False,True
37.178228,345,5348.423821,False,True
37.185508,345,5352.34213,False,True
37.187556,345,5356.196156,False,True
37.187013,345,5360.409429,False,True
37.178645,345,5364.107956,False,True
37.19949,345,5368.462407,False,True
37.199555,345,5372.068525,False,True
37.18743,345,5375.717729,False,True
37.198164,345,5380.063482,False,True
37.185323,345,5383.67833,False,True
37.199361,345,5387.014166,False,True
37.18916,345,5391.234036,False,True
37.197389,345,5394.809012,False,True
37.181666,345,5399.198749,False,True
37.188033,345,5402.804123,False,True
37.163577,345,5406.515259,False,True
37.185083,345,5411.012303,False,True
37.187558,345,5414.637285,False,True
37.184217,345,5419.186115,False,True
37.182408,345,5422.700637,False,True
37.192927,345,5426.490133,False,True
37.182189,345,5430.983195,False,True
37.191209,345,5434.65309,False,True
37.187504,345,5439.136215,False,True
37.190024,345,5442.65446,False,True
37.185934,345,5446.311154,False,True
37.196516,345,5450.71215,False,True
37.193024,345,5454.296953,False,True
37.175989,345,5458.025766,False,True
37.195857,345,5462.386143,False,True
37.190254,345,5466.188582,False,True
37.185684,345,5470.801195,False,True
37.192934,345,5474.472509,False,True
37.187396,345,5478.116282,False,True
37.186765,345,5482.560117,False,True
37.192954,345,5486.026771,False,True
37.192238,345,5490.734678,False,True
37.21308,345,5494.507342,False,True
37.19155,345,5498.094463,False,True
37.192547,345,5502.313724,False,True
37.199781,345,5506.03462,False,True
37.195116,345,5510.558394,False,True
37.200311,345,5514.226598,False,True
37.201003,345,5518.001908,False,True
37.20018,345,5522.59502,False,True
37.192018,345,5526.370828,False,True
37.197778,345,5530.651835,False,True
37.192566,345,5534.313396,False,True
37.189176,345,5537.913395,False,True
37.189766,345,5542.26897,False,True
37.181095,345,5545.959152,False,True
37.195656,345,5549.574977,False,True
37.194473,345,5553.83671,False,True
37.195638,345,5557.635338,False,True
37.198514,345,5561.933914,False,True
37.183526,345,5565.931031,False,True
37.196044,345,5570.063439,False,True
37.184865,345,5574.599275,False,True
37.200934,345,5578.110332,False,True
37.188425,345,5582.47815,False,True
37.177179,345,5586.226059,False,True
37.193988,345,5589.986349,False,True
37.202802,345,5594.663582,False,True
37.187824,345,5598.393777,False,True
37.188104,345,5602.616262,False,True
37.19291,345,5606.520251,False,True
37.197289,345,5610.4555,False,True
37.190723,345,5614.584171,False,True
37.186243,345,5617.76407,False,True
37.179171,345,5621.87266,False,True
37.190689,345,5625.290743,False,True
37.201951,345,5628.777551,False,True
37.190831,345,5632.661558,False,True
37.185641,345,5635.951289,False,True
37.19032,345,5639.373822,False,True
37.184355,345,5643.931917,False,True
37.197731,345,5647.963765,False,True
37.186256,345,5652.222834,False,True
37.2037,345,5655.930521,False,True
37.19632,345,5659.734352,False,True
37.187785,345,5664.071616,False,True
37.188979,345,5667.838172,False,True
37.177389,345,5672.502209,False,True
37.184418,345,5676.815073,False,True
37.204177,345,5680.826748,False,True
37.192439,345,5685.60426,False,True
37.195431,345,5689.510218,False,True
37.196561,345,5693.88332,False,True
37.191343,345,5697.952761,False,True
37.191054,345,5701.835159,False,True
37.189092,345,5706.549841,False,True
37.195143,345,5710.499109,False,True
37.190596,345,5714.426919,False,True
37.201836,345,5719.094161,False,True
37.191037,345,5722.514247,False,True
37.187523,345,5726.786733,False,True
37.188858,345,5730.373039,False,True
37.194194,345,5733.806041,False,True
37.197429,345,5737.941,False,True
37.181073,345,5741.872719,False,True
37.20374,345,5746.150695,False,True
37.189045,345,5749.732412,False,True
37.199813,345,5753.557468,False,True
37.197177,345,5758.027441,False,True
37.200614,345,5761.491998,False,True
37.188462,345,5766.72318,False,True
37.185205,345,5770.50679,False,True
37.196611,345,5774.116551,False,True
37.195587,345,5778.383437,False,True
37.197158,345,5782.186287,False,True
37.200099,345,5786.564283,False,True
37.182529,345,5790.236768,False,True
37.18798,345,5793.808309,False,True
37.183511,345,5798.572212,False,True
37.197362,345,5802.430829,False,True
37.192229,345,5806.148741,False,True
37.195178,345,5810.25231,False,True
37.160506,345,5813.891598,False,True
37.18952,345,5818.403653,False,True
37.196999,345,5822.194626,False,True
37.194283,345,5825.882584,False,True
37.2003,345,5830.55177,False,True
37.18758,345,5834.151035,False,True
37.179428,345,5838.620054,False,True
37.190911,345,5842.427691,False,True
37.192554,345,5846.077751,False,True
37.186024,345,5850.493761,False,True
37.196644,345,5854.080928,False,True
37.198043,345,5858.830059,False,True
37.217722,345,5862.664113,False,True
37.203954,345,5866.318415,False,True
37.198662,345,5870.64076,False,True
37.144015,345,5874.563038,False,True
37.212823,345,5879.356846,False,True
37.200974,345,5883.116291,False,True
37.201264,345,5886.733911,False,True
37.202309,345,5891.00695,False,True
37.189932,345,5894.579781,False,True
37.188694,345,5898.334333,False,True
37.193463,345,5902.760031,False,True
37.200934,345,5906.746356,False,True
37.197614,345,5912.236859,False,True
37.199695,345,5916.8979,False,True
37.214219,345,5921.614184,False,True
37.19106,345,5926.542967,False,True
37.19335,345,5930.88979,False,True
37.196064,345,5935.714978,False,True
37.211321,345,5940.115046,False,True
37.194546,345,5944.380043,False,True
37.196352,345,5949.574942,False,True
37.19585,345,5953.422135,False,True
37.228754,345,5958.735865,False,True
37.200152,345,5962.796655,False,True
37.191029,345,5967.014736,False,True
37.190722,345,5972.063812,False,True
37.192894,345,5976.275669,False,True
37.200134,345,5980.427381,False,True
37.196984,345,5985.389915,False,True
37.20345,345,5989.737574,False,True
37.220544,345,5994.687136,False,True
37.196923,345,5999.023521,False,True
37.194168,345,6003.198712,False,True
37.208574,345,6007.934406,False,True
37.196358,345,6011.927716,False,True
37.206415,345,6016.819681,False,True
37.191779,345,6020.752201,False,True
37.192644,345,6024.780486,False,True
37.194888,345,6029.842737,False,True
37.195848,345,6034.079682,False,True
37.201429,345,6039.080591,False,True
37.195678,345,6043.347046,False,True
37.194253,345,6047.527005,False,True
37.198427,345,6052.53367,False,True
37.206604,345,6056.813056,False,True
37.195553,345,6061.588326,False,True
37.205622,345,6065.680963,False,True
37.181932,345,6069.891867,False,True
37.196178,345,6074.884199,False,True
37.199702,345,6079.065895,False,True
37.198175,345,6083.148549,False,True
37.194714,345,6088.024538,False,True
37.220224,345,6092.211571,False,True
37.200658,345,6096.962372,False,True
37.199248,345,6101.481196,False,True
37.202491,345,6105.835822,False,True
37.200715,345,6110.994698,False,True
37.19472,345,6115.233772,False,True
37.201563,345,6120.2901,False,True
37.207034,345,6124.212349,False,True
37.193723,345,6128.573676,False,True
37.193504,345,6133.519722,False,True
37.195051,345,6137.575465,False,True
37.189274,345,6142.624378,False,True
37.203329,345,6146.710562,False,True
37.197337,345,6150.755471,False,True
37.196688,345,6155.825999,False,True
37.196046,345,6160.083181,False,True
37.197858,345,6165.098289,False,True
37.202672,345,6169.253933,False,True
37.198261,345,6173.548037,False,True
37.193572,345,6178.568958,False,True
37.205544,345,6183.077598,False,True
37.20328,345,6187.167464,False,True
37.201213,345,6192.452798,False,True
37.204393,345,6196.414653,False,True
37.205782,345,6201.632939,False,True
37.216075,345,6205.745723,False,True
37.207265,345,6210.274746,False,True
37.200227,345,6215.333399,False,True
37.195503,345,6219.647826,False,True
37.204441,345,6224.628049,False,True
37.212513,345,6228.752756,False,True
37.200801,345,6232.97465,False,True
37.20424,345,6238.057236,False,True
37.19988,345,6242.427534,False,True
37.197665,345,6247.615133,False,True
37.19933,345,6251.412574,False,True
37.194535,345,6255.240468,False,True
37.236708,345,6259.886573,False,True
37.200532,345,6263.690604,False,True
37.196049,345,6267.49208,False,True
37.212333,345,6272.181723,False,True
37.18827,345,6276.187394,False,True
37.207112,345,6280.777639,False,True
37.193521,345,6285.773825,False,True
37.194988,345,6289.62533,False,True
37.195852,345,6294.371476,False,True
37.195919,345,6298.09869,False,True
37.198951,345,6302.47869,False,True
37.201524,345,6306.167373,False,True
37.198261,345,6309.774649,False,True
37.199136,345,6314.06877,False,True
37.203201,345,6317.8599,False,True
37.195231,345,6322.356278,False,True
37.207173,345,6326.099872,False,True
37.203794,345,6329.759143,False,True
37.206319,345,6334.098854,False,True
37.194252,345,6337.865632,False,True
37.221756,345,6342.256111,False,True
37.204503,345,6345.950526,False,True
37.199488,345,6349.552603,False,True
37.202963,345,6353.968425,False,True
37.201432,345,6358.569694,False,True
37.199437,345,6363.631001,False,True
37.205778,345,6369.503907,False,True
37.203371,345,6374.578787,False,True
37.19787,345,6379.962619,False,True
37.208177,345,6384.19645,False,True
37.201293,345,6388.804441,False,True
37.195347,345,6393.676884,False,True
37.197772,345,6398.070693,False,True
37.200626,345,6402.991729,False,True
37.199704,345,6407.780821,False,True
37.245533,345,6411.982005,False,True
37.197599,345,6417.278747,False,True
37.202184,345,6421.45147,False,True
37.20102,345,6426.620315,False,True
37.203481,345,6430.746722,False,True
37.192942,345,6435.429137,False,True
37.202925,345,6440.615183,False,True
37.198651,345,6444.988575,False,True
37.199896,345,6449.850196,False,True
37.195664,345,6453.660661,False,True
37.191705,345,6457.363442,False,True
37.198067,345,6461.960929,False,True
37.208069,345,6466.071061,False,True
37.198549,345,6470.145306,False,True
37.210203,345,6474.662787,False,True
37.207152,345,6478.461665,False,True
37.196449,345,6483.001488,False,True
37.200118,345,6487.156055,False,True
37.201324,345,6491.034394,False,True
37.198896,345,6495.795319,False,True
37.209584,345,6499.683526,False,True
37.204553,345,6504.235206,False,True
37.206701,345,6508.0617,False,True
37.210313,345,6511.984004,False,True
37.201725,345,6516.903796,False,True
37.203031,345,6520.744007,False,True
37.193806,345,6525.399677,False,True
37.188075,345,6529.144816,False,True
37.197058,345,6533.181378,False,True
37.194309,345,6537.437828,False,True
37.204634,345,6541.325416,False,True
37.203788,345,6544.975547,False,True
37.213372,345,6549.302072,False,True
37.20109,345,6553.236871,False,True
37.188093,345,6558.010981,False,True
37.199107,345,6561.858098,False,True
37.193016,345,6565.943638,False,True
37.199231,345,6570.390726,False,True
37.201954,345,6574.384741,False,True
37.206602,345,6579.184099,False,True
37.187038,345,6583.334289,False,True
37.210406,345,6587.360836,False,True
37.19544,345,6591.941949,False,True
37.188548,345,6595.692803,False,True
37.21391,345,6600.328146,False,True
37.204423,345,6604.342279,False,True
37.198571,345,6608.114707,False,True
37.198545,345,6612.806204,False,True
37.216686,345,6616.761308,False,True
37.202667,345,6621.237134,False,True
37.197965,345,6625.235695,False,True
37.198499,345,6629.194992,False,True
37.207163,345,6633.838311,False,True
37.196459,345,6637.67611,False,True
37.196931,345,6641.57496,False,True
36.832774,345,6646.158093,False,True
37.221427,345,6649.974929,False,True
37.200894,345,6654.679456,False,True
37.20579,345,6658.62801,False,True
37.214916,345,6662.472502,False,True
37.203731,345,6666.973359,False,True
37.199317,345,6670.98,False,True
37.204657,345,6675.414997,False,True
37.205763,345,6679.379945,False,True
37.206676,345,6683.459462,False,True
37.199706,345,6687.995439,False,True
37.194674,345,6691.959297,False,True
37.211285,345,6696.515808,False,True
37.197502,345,6700.446937,False,True
37.204317,345,6704.301002,False,True
37.203453,345,6708.975116,False,True
37.202376,345,6712.779698,False,True
37.198361,345,6717.315876,False,True
37.199848,345,6721.118206,False,True
37.200279,345,6725.298957,False,True
37.193744,345,6729.790505,False,True
37.192985,345,6733.514893,False,True
37.202936,345,6737.390699,False,True
37.226843,345,6742.007554,False,True
37.197814,345,6745.835565,False,True
37.205486,345,6750.268058,False,True
37.201874,345,6754.296626,False,True
37.205815,345,6758.192037,False,True
37.205344,345,6763.047876,False,True
37.203578,345,6767.002394,False,True
37.205686,345,6771.592297,False,True
37.208386,345,6775.596282,False,True
37.206273,345,6779.491276,False,True
37.206527,345,6784.142419,False,True
37.198799,345,6788.007357,False,True
37.200162,345,6792.489647,False,True
37.210465,345,6796.474641,False,True
37.188798,345,6800.490171,False,True
37.203167,345,6804.969023,False,True
37.202806,345,6809.051713,False,True
37.202712,345,6812.825699,False,True
37.207914,345,6817.643219,False,True
37.223151,345,6821.452673,False,True
37.193461,345,6826.303085,False,True
37.1994,345,6830.168076,False,True
37.196094,345,6834.201714,False,True
37.194689,345,6838.917204,False,True
37.204171,345,6842.884822,False,True
37.214156,345,6847.380638,False,True
37.207838,345,6851.336847,False,True
37.2001,345,6855.199545,False,True
37.20448,345,6859.796058,False,True
37.197904,345,6863.924822,False,True
37.204318,345,6868.49256,False,True
37.201593,345,6872.380381,False,True
37.203902,345,6876.774415,False,True
37.200649,345,6881.146106,False,True
37.19437,345,6885.224301,False,True
37.206632,345,6889.969504,False,True
37.201484,345,6893.849778,False,True
37.200446,345,6897.895337,False,True
37.202543,345,6902.407563,False,True
37.198908,345,6906.320365,False,True
37.198761,345,6910.141512,False,True
37.194129,345,6914.936717,False,True
37.195774,345,6918.75627,False,True
37.206249,345,6923.285948,False,True
37.195326,345,6927.157074,False,True
37.205503,345,6930.924924,False,True
37.196404,345,6935.423724,False,True
37.202335,345,6940.440122,False,True
37.1973,345,6945.483194,False,True
37.203471,345,6949.359127,False,True
37.198746,345,6953.29639,False,True
37.196884,345,6957.717953,False,True
37.201923,345,6961.66721,False,True
37.200422,345,6966.594685,False,True
37.201542,345,6970.467985,False,True
37.197586,345,6974.620474,False,True
37.19892,345,6979.081536,False,True
37.195806,345,6982.951651,False,True
37.199384,345,6987.744694,False,True
37.202553,345,6991.674177,False,True
37.196442,345,6995.62089,False,True
37.197703,345,6999.997261,False,True
37.191069,345,7004.835608,False,True
37.198684,345,7008.920352,False,True
37.203852,345,7013.475651,False,True
37.196404,345,7017.910066,False,True
37.2018,345,7022.520371,False,True
37.199231,345,7026.51329,False,True
37.199674,345,7030.38384,False,True
37.195952,345,7035.030016,False,True
37.207684,345,7038.924765,False,True
37.197719,345,7044.298628,False,True
37.190466,345,7048.312565,False,True
37.194298,345,7052.20066,False,True
37.19754,345,7056.928087,False,True
37.194802,345,7060.864229,False,True
37.19822,345,7065.664128,False,True
37.199751,345,7069.642881,False,True
37.19835,345,7073.591381,False,True
37.206935,345,7078.117224,False,True
37.197605,345,7082.163831,False,True
37.193143,345,7086.102814,False,True
37.197274,345,7090.752919,False,True
37.213832,345,7094.640442,False,True
37.200202,345,7099.262821,False,True
37.205909,345,7103.220695,False,True
37.202564,345,7107.262677,False,True
37.202311,345,7111.845218,False,True
37.197796,345,7115.937404,False,True
37.199733,345,7120.478135,False,True
37.196939,345,7124.521157,False,True
37.208322,345,7128.261875,False,True
37.192414,345,7133.083059,False,True
37.200127,345,7136.976079,False,True
37.203515,345,7141.700627,False,True
37.206004,345,7145.672195,False,True
37.206805,345,7149.603208,False,True
37.203083,345,7154.321959,False,True
37.208865,345,7158.25824,False,True
37.220911,345,7163.005204,False,True
37.198644,345,7166.973237,False,True
37.204978,345,7170.925051,False,True
37.205188,345,7175.360969,False,True
37.197243,345,7179.249175,False,True
37.203338,345,7183.260584,False,True
37.20771,345,7187.812789,False,True
37.204287,345,7191.62566,False,True
37.200879,345,7196.150162,False,True
37.197118,345,7199.873778,False,True
37.205441,345,7203.791908,False,True
37.195448,345,7208.373585,False,True
37.198119,345,7212.404546,False,True
37.207158,345,7217.088396,False,True
37.203749,345,7220.967176,False,True
37.208775,345,7224.644423,False,True
37.200112,345,7229.218456,False,True
37.20088,345,7233.075862,False,True
37.194907,345,7237.74222,False,True
37.202158,345,7241.729675,False,True
37.202059,345,7245.621018,False,True
37.200847,345,7250.393785,False,True
37.197417,345,7254.53367,False,True
37.204879,345,7259.49083,False,True
37.199318,345,7263.273439,False,True
37.204656,345,7267.535231,False,True
37.201127,345,7272.077283,False,True
37.200725,345,7275.941096,False,True
37.205513,345,7279.802169,False,True
37.201208,345,7284.631963,False,True
37.203035,345,7288.861457,False,True
37.197102,345,7293.486063,False,True
37.197794,345,7297.496326,False,True
37.199762,345,7301.43409,False,True
37.204463,345,7306.022655,False,True
37.202158,345,7309.987105,False,True
37.205076,345,7314.605926,False,True
37.207376,345,7318.658263,False,True
37.196571,345,7322.637787,False,True
37.200751,345,7327.112155,False,True
37.199104,345,7331.167402,False,True
37.197093,345,7335.947658,False,True
37.203724,345,7339.912135,False,True
37.194598,345,7343.817691,False,True
37.201047,345,7348.902527,False,True
37.202677,345,7352.758268,False,True
37.199113,345,7359.041723,False,True
37.193796,345,7372.139859,False,True
37.199713,345,7376.286126,False,True
37.20259,345,7380.900533,False,True
37.202923,345,7385.423764,False,True
37.198146,345,7390.075188,False,True
37.204997,345,7394.727464,False,True
37.194847,345,7398.610499,False,True
37.204481,345,7404.573874,False,True
37.198108,345,7409.093299,False,True
37.209901,345,7412.995447,False,True
37.205104,345,7417.913197,False,True
37.202741,345,7421.950342,False,True
37.200607,345,7426.62386,False,True
37.193271,345,7430.483354,False,True
37.19768,345,7434.459902,False,True
37.198972,345,7439.109667,False,True
37.198071,345,7443.184763,False,True
37.206352,345,7447.829461,False,True
37.202332,345,7451.926948,False,True
37.201903,345,7455.850311,False,True
37.202665,345,7460.545192,False,True
37.203568,345,7464.585581,False,True
37.195664,345,7468.584313,False,True
37.207445,345,7473.266229,False,True
37.21631,345,7477.467704,False,True
37.211149,345,7482.051219,False,True
37.218888,345,7486.152974,False,True
37.203057,345,7490.034652,False,True
37.201802,345,7494.191127,False,True
37.208229,345,7497.906566,False,True
37.204213,345,7502.238681,False,True
37.198924,345,7505.812862,False,True
37.209722,345,7509.294887,False,True
37.208492,345,7513.228433,False,True
37.20061,345,7516.835255,False,True
37.204656,345,7521.050152,False,True
37.197,345,7524.529557,False,True
36.923202,345,7528.072689,False,True
36.456688,345,7532.334319,False,True
37.194828,345,7535.830074,False,True
37.199035,345,7540.187011,False,True
37.200428,345,7543.683345,False,True
37.198226,345,7547.346955,False,True
37.208363,345,7551.407009,False,True
37.212006,345,7555.028413,False,True
37.202651,345,7558.561868,False,True
37.200211,345,7562.729308,False,True
37.202801,345,7566.280959,False,True
37.205214,345,7570.496844,False,True
37.211829,345,7573.99722,False,True
37.202373,345,7577.564754,False,True
37.204548,345,7581.637714,False,True
37.201686,345,7585.256626,False,True
37.2031,345,7589.446872,False,True
37.200065,345,7593.000532,False,True
37.199975,345,7596.492791,False,True
37.198027,345,7600.722666,False,True
37.202171,345,7604.280118,False,True
37.204755,345,7608.507224,False,True
37.202635,345,7612.062019,False,True
37.206223,345,7615.652774,False,True
37.202064,345,7619.803432,False,True
37.208576,345,7623.301578,False,True
37.196717,345,7626.890343,False,True
37.20331,345,7631.10603,False,True
37.21031,345,7634.540053,False,True
37.199235,345,7638.604888,False,True
37.205383,345,7642.026335,False,True
37.2081,345,7645.664531,False,True
37.203316,345,7649.747019,False,True
37.196052,345,7653.249936,False,True
37.182343,345,7657.470148,False,True
37.217504,345,7660.96279,False,True
37.205335,345,7664.332454,False,True
37.204616,345,7668.384438,False,True
37.210542,345,7671.938047,False,True
37.201867,345,7676.14616,False,True
37.207218,345,7679.626257,False,True
37.202224,345,7683.082021,False,True
37.207092,345,7687.380637,False,True
37.194234,345,7690.826526,False,True
37.193202,345,7694.801008,False,True
37.207059,345,7698.199405,False,True
37.203335,345,7701.703415,False,True
37.200331,345,7705.75176,False,True
37.188915,345,7709.233821,False,True
37.203009,345,7712.584166,False,True
37.190724,345,7716.710317,False,True
37.200297,345,7720.371163,False,True
37.198425,345,7724.517124,False,True
37.198314,345,7728.152367,False,True
36.973416,345,7731.676783,False,True
37.202047,345,7735.711715,False,True
37.11408,345,7739.139868,False,True
37.20649,345,7743.220349,False,True
37.205029,345,7746.678331,False,True
37.226855,345,7750.213341,False,True
37.204299,345,7754.471262,False,True
37.198822,345,7757.911219,False,True
37.06367,345,7762.262828,False,True
37.20006,345,7765.769525,False,True
37.190887,345,7769.389197,False,True
37.210674,345,7773.608224,False,True
37.193925,345,7777.233775,False,True
37.197305,345,7781.356817,False,True
37.198344,345,7784.98911,False,True
37.200408,345,7788.437865,False,True
37.204338,345,7793.275345,False,True
37.214168,345,7796.753451,False,True
37.20392,345,7800.454393,False,True
37.201526,345,7804.556861,False,True
37.204685,345,7808.255987,False,True
37.207375,345,7812.758976,False,True
37.212129,345,7816.472588,False,True
37.200543,345,7819.874646,False,True
37.200098,345,7824.261454,False,True
37.20253,345,7827.753542,False,True
37.201399,345,7831.929144,False,True
37.203144,345,7835.496425,False,True
37.202491,345,7838.999246,False,True
37.196748,345,7843.243714,False,True
37.197777,345,7846.959556,False,True
37.208672,345,7850.98304,False,True
37.209508,345,7854.672283,False,True
37.203654,345,7858.144394,False,True
37.208596,345,7862.686526,False,True
37.196234,345,7866.238087,False,True
37.205292,345,7869.853949,False,True
37.203389,345,7874.020106,False,True
37.198161,345,7877.663629,False,True
37.203553,345,7881.775492,False,True
37.196548,345,7885.469641,False,True
37.204214,345,7888.948705,False,True
37.200587,345,7893.084691,False,True
37.19863,345,7896.459398,False,True
37.202794,345,7900.536517,False,True
37.205771,345,7903.848227,False,True
37.220982,345,7907.361473,False,True
37.20075,345,7911.462173,False,True
37.213544,345,7914.989066,False,True
37.200539,345,7919.055384,False,True
37.202545,345,7922.6084,False,True
37.211953,345,7926.06998,False,True
37.200995,345,7930.371929,False,True
37.206196,345,7933.77163,False,True
37.207105,345,7938.021024,False,True
37.195932,345,7941.428749,False,True
37.204803,345,7944.92019,False,True
37.205125,345,7949.034727,False,True
37.200031,345,7952.467228,False,True
37.202213,345,7956.110771,False,True
37.201913,345,7960.219782,False,True
37.205114,345,7963.646501,False,True
37.203597,345,7967.701647,False,True
37.198595,345,7971.205446,False,True
37.21115,345,7974.650891,False,True
37.2008,345,7978.758322,False,True
37.198039,345,7982.099172,False,True
37.209529,345,7986.102144,False,True
37.201844,345,7989.595335,False,True
37.202034,345,7992.966472,False,True
37.20535,345,7996.992311,False,True
37.210776,345,8000.509863,False,True
37.203662,345,8004.663698,False,True
37.206041,345,8008.098429,False,True
