Step,Time,X,Y,Z,Roll,Pitch,Yaw,Thrust,GimbalYaw,GimbalPitch,Mass,Reward
0,0,-0.9641732514423895,-1.4394871333537125,11.0,-0.30895307327688326,1.378361702089552,-0.003716422556626637,0.0,0.0,0.0,110.0,0.0
1,0.01,-0.9752834327943429,-1.4437162323985966,10.969882589066952,-0.3088365113129805,1.3785574946989754,-0.00787190562457704,0.0,-20.0,-20.0,110.0,-8.241167781888345
2,0.02,-0.9863942603223249,-1.4479446692220301,10.93976519011214,-0.30899395604532903,1.3786730667359004,-0.022094209833902454,0.0,-20.0,-20.0,110.0,-8.215146806397849
3,0.03,-0.9975050946131987,-1.4521730999152884,10.909647791284312,-0.309231784770818,1.3786279300713484,-0.031717748764789805,0.0,-20.0,-20.0,110.0,-8.187516120842648
4,0.04,-1.0086160030937863,-1.4564014551223248,10.879530393837317,-0.30948876205477177,1.37852728904828,-0.039390571975156524,0.0,-20.0,-20.0,110.0,-8.160618882630684
5,0.05,-1.019726923238546,-1.4606298017729602,10.849412996624878,-0.30975742481014695,1.3784118459350425,-0.04711043526424526,0.0,-20.0,-20.0,110.0,-8.13395109266654
6,0.06,-1.0308378317878288,-1.4648581659462785,10.819295599227472,-0.3100298770368107,1.3782991701618346,-0.055400418270369636,0.0,-20.0,-20.0,110.0,-8.107323529456933
7,0.07,-1.0419487219548966,-1.4690865537062645,10.78917820151457,-0.3102987171530032,1.3781958674931998,-0.06418944729969711,0.0,-20.0,-20.0,110.0,-8.080693193931873
8,0.08,-1.0530595942092082,-1.4733149636700795,10.75906080349016,-0.31055921556907506,1.3781033964643628,-0.07329467149304075,0.0,-20.0,-20.0,110.0,-8.054065430271516
9,0.09,-1.064170451388607,-1.4775433926152042,10.728943405205252,-0.3108100645636187,1.378020802143339,-0.08256908579876736,0.0,-20.0,-20.0,110.0,-8.027452267998743
10,0.1,-1.0752812968828986,-1.4817718362096204,10.698826006718111,-0.31105232314674697,1.3779461428986175,-0.09192377063516718,0.0,-20.0,-20.0,110.0,-8.00086388484641
11,0.11,-1.086392133781959,-1.4860002902499738,10.668708608080454,-0.3112878049578022,1.3778774856051406,-0.10131326622239041,0.0,-20.0,-20.0,110.0,-7.974306787960256
12,0.12,-1.0975029644726022,-1.4902287510769483,10.63859120932999,-0.31151854288473224,1.377813287341362,-0.11071667449132748,0.0,-20.0,-20.0,110.0,-7.947784408530458
13,0.13,-1.1086137906057112,-1.4944572158180496,10.608473810490965,-0.31174671383130403,1.3777523823322093,-0.12012534190872527,0.0,-20.0,-20.0,110.0,-7.921298458241743
14,0.14,-1.1197246134070367,-1.4986856822916135,10.57835641158111,-0.3119736911518662,1.3776938867656,-0.1295361655835748,0.0,-20.0,-20.0,110.0,-7.894849859203232
15,0.15,-1.1308354337821767,-1.502914149450971,10.548239012616571,-0.3122001073812309,1.3776371329977568,-0.13894801820964103,0.0,-20.0,-20.0,110.0,-7.868439138883994
16,0.16,-1.141946252403612,-1.5071426169048738,10.518121613611422,-0.3124262832680271,1.3775816298293833,-0.1483604558240809,0.0,-20.0,-20.0,110.0,-7.842066684498535
17,0.17,-1.153057069753566,-1.5113710844280719,10.488004214576053,-0.3126523977662116,1.3775270229306855,-0.1577732843376473,0.0,-20.0,-20.0,110.0,-7.8155501163959595
18,0.18,-1.164167886168504,-1.5155995518823921,10.457886815517814,-0.3128785578551282,1.3774730647232434,-0.16718640742120233,0.0,-20.0,-20.0,110.0,-7.7887916043643735
19,0.19,-1.1752787018734463,-1.5198280191876887,10.427769416441686,-0.31310482446536403,1.3774195903276754,-0.17659977142889444,0.0,-20.0,-20.0,110.0,-7.762065367558758
20,0.2,-1.1863895170179544,-1.5240564863073895,10.397652017351072,-0.313331224405704,1.3773664917462032,-0.18601334091045518,0.0,-20.0,-20.0,110.0,-7.735371644043166
21,0.21,-1.1975003317078048,-1.5282849532585272,10.367534618248612,-0.3135577463406253,1.3773136917619189,-0.19542708398276934,0.0,-20.0,-20.0,110.0,-7.708710672201641
22,0.22,-1.2086111460570175,-1.5325134201049462,10.33741721913739,-0.313784343833437,1.3772611156161996,-0.20484096106451535,0.0,-20.0,-20.0,110.0,-7.68208269155898
23,0.23,-1.2197219601579454,-1.5367418869142238,10.307299820019992,-0.3140109504543049,1.3772086701884387,-0.2142549218814388,0.0,-20.0,-20.0,110.0,-7.655487941864493
24,0.24,-1.2308327741195946,-1.5409703537587827,10.277182420899432,-0.314237523396649,1.3771562894766594,-0.2236689311546851,0.0,-20.0,-20.0,110.0,-7.62892667119725
25,0.25,-1.241943587997279,-1.545198820665408,10.247065021777189,-0.3144640441177175,1.3771039345070786,-0.23308296863079053,0.0,-20.0,-20.0,110.0,-7.6023991272081215
26,0.26,-1.2530544018215453,-1.549427287639268,10.216947622654022,-0.31469050812498794,1.3770515823455771,-0.24249702290156294,0.0,-20.0,-20.0,110.0,-7.57590555883893
27,0.27,-1.2641652156101397,-1.5536557546756682,10.186830223530336,-0.3149169184016627,1.3769992197343903,-0.2519110876243243,0.0,-20.0,-20.0,110.0,-7.5494462166469125
28,0.28,-1.275276029373204,-1.557884221765561,10.156712824406322,-0.31514328129774755,1.3769468390822655,-0.26132515925883676,0.0,-20.0,-20.0,110.0,-7.523021352973215
29,0.29,-1.28638684311664,-1.5621126888988144,10.12659542528207,-0.315369604060648,1.3768944359434023,-0.2707392357664659,0.0,-20.0,-20.0,110.0,-7.496631222054366
30,0.3,-1.2974976568441559,-1.5663411560659992,10.096478026157616,-0.3155958934776026,1.3768420075082144,-0.28015331589316406,0.0,-20.0,-20.0,110.0,-7.470276080091715
31,0.31,-1.3086084705583976,-1.5705696232591948,10.066360627032985,-0.3158221552668583,1.3767895517703452,-0.2895673987917228,0.0,-20.0,-20.0,110.0,-7.443956185294575
32,0.32,-1.3197192842615049,-1.5747980904721668,10.036243227908193,-0.3160483939380418,1.3767370671166006,-0.2989814838330471,0.0,-20.0,-20.0,110.0,-7.417671797908607
33,0.33,-1.3308300979553385,-1.5790265577002027,10.006125828783258,-0.3162746129052717,1.3766845521562805,-0.3083955705175253,0.0,-20.0,-20.0,110.0,-7.391423180236378
34,0.34,-1.3419409116415446,-1.5832550249398136,9.976008429658203,-0.3165008147005115,1.3766320056678956,-0.31780965843563375,0.0,-20.0,-20.0,110.0,-7.365210596653901
35,0.35000000000000003,-1.35305172532156,-1.5874834921884236,9.945891030533046,-0.3167270011953439,1.3765794265908693,-0.32722374725006803,0.0,-20.0,-20.0,110.0,-7.339034313625156
36,0.36,-1.364162538996608,-1.59171195944411,9.915773631407808,-0.31695317378748467,1.376526814025518,-0.3366378366856025,0.0,-20.0,-20.0,110.0,-7.312894599715538
37,0.37,-1.3752733526677035,-1.5959404267054105,9.885656232282507,-0.3171793335399591,1.376474167227142,-0.3460519265208275,0.0,-20.0,-20.0,110.0,-7.286791725604794
38,0.38,-1.3863841663356693,-1.6001688939711873,9.855538833157153,-0.3174054812774194,1.3764214855920787,-0.35546601658001764,0.0,-20.0,-20.0,110.0,-7.260725964099575
39,0.39,-1.3974949800011622,-1.6043973612405429,9.825421434031758,-0.31763161765011383,1.3763687686384738,-0.36488010672510146,0.0,-20.0,-20.0,110.0,-7.234697590145816
40,0.4,-1.408605793664702,-1.6086258285127584,9.795304034906334,-0.3178577431761085,1.376316015985424,-0.37429419684822324,0.0,-20.0,-20.0,110.0,-7.20870688084083
41,0.41000000000000003,-1.419716607326697,-1.6128542957872576,9.765186635780884,-0.318083858269985,1.3762632273332511,-0.3837082868652554,0.0,-20.0,-20.0,110.0,-7.182754115445201
42,0.42,-1.4308274209874683,-1.6170827630635771,9.735069236655415,-0.3183099632634838,1.3762104024464303,-0.39312237671048833,0.0,-20.0,-20.0,110.0,-7.1568395753944465
43,0.43,-1.441938234647269,-1.6213112303413455,9.70495183752993,-0.3185360584213061,1.376157541139629,-0.402536466332426,0.0,-20.0,-20.0,110.0,-7.130963544310397
44,0.44,-1.453049048306299,-1.6255396976202652,9.674834438404432,-0.31876214395379765,1.3761046432666968,-0.41195055569054184,0.0,-20.0,-20.0,110.0,-7.105126308012357
45,0.45,-1.4641598619647163,-1.6297681649000995,9.644717039278925,-0.3189882200273757,1.3760517087121413,-0.42136464475280516,0.0,-20.0,-20.0,110.0,-7.079328154527984
46,0.46,-1.4752706756226468,-1.6339966321806603,9.61459964015341,-0.31921428677314256,1.3759987373845688,-0.4307787334938211,0.0,-20.0,-20.0,110.0,-7.053569374103886
47,0.47000000000000003,-1.4863814892801899,-1.638225099461798,9.584482241027889,-0.31944034429396384,1.3759457292116186,-0.44019282189339753,0.0,-20.0,-20.0,110.0,-7.027850259215985
48,0.48,-1.4974923029374254,-1.642453566743394,9.554364841902363,-0.31966639267022195,1.3758926841360286,-0.449606909935453,0.0,-20.0,-20.0,110.0,-7.002171104579562
49,0.49,-1.5086031165944163,-1.6466820340253536,9.524247442776833,-0.3198924319644463,1.3758396021125403,-0.45902099760716225,0.0,-20.0,-20.0,110.0,-6.976532207159009
50,0.5,-1.5197139302512128,-1.6509105013076024,9.4941300436513,-0.3201184622250117,1.3757864831054538,-0.4684350848982784,0.0,-20.0,-20.0,110.0,-6.950933866177289
51,0.51,-1.530824743907855,-1.6551389685900806,9.464012644525763,-0.320344483489072,1.3757333270866838,-0.4778491718006003,0.0,-20.0,-20.0,110.0,-6.925376383125081
52,0.52,-1.5419355575643745,-1.6593674358727415,9.433895245400224,-0.32057049578488245,1.3756801340342053,-0.48726325830756345,0.0,-20.0,-20.0,110.0,-6.899860061769534
53,0.53,-1.553046371220797,-1.6635959031555472,9.403777846274684,-0.32079649913364083,1.3756269039308195,-0.4966773444139008,0.0,-20.0,-20.0,110.0,-6.874385208162758
54,0.54,-1.5641571848771416,-1.6678243704384683,9.373660447149144,-0.32102249355093726,1.3755736367631617,-0.5060914301153702,0.0,-20.0,-20.0,110.0,-6.848952130649857
55,0.55,-1.5752679985334248,-1.672052837721481,9.343543048023601,-0.32124847904790943,1.3755203325209173,-0.5155055154085442,0.0,-20.0,-20.0,110.0,-6.823561139876628
56,0.56,-1.5863788121896594,-1.6762813050045662,9.31342564889806,-0.3214744556321557,1.375466991196193,-0.5249196002906418,0.0,-20.0,-20.0,110.0,-6.79821254879684
57,0.5700000000000001,-1.597489625845855,-1.6805097722877091,9.283308249772515,-0.3217004233084643,1.3754136127830228,-0.5343336847594025,0.0,-20.0,-20.0,110.0,-6.772906672679094
58,0.58,-1.60860043950202,-1.684738239570898,9.253190850646972,-0.32192638207938545,1.3753601972769687,-0.5437477688129708,0.0,-20.0,-20.0,110.0,-6.747643829113209
59,0.59,-1.6197112531581603,-1.6889667068541234,9.223073451521428,-0.3221523319456929,1.3753067446748082,-0.553161852449813,0.0,-20.0,-20.0,110.0,-6.722424338016195
60,0.6,-1.6308220668142814,-1.6931951741373776,9.192956052395884,-0.32237827290674953,1.3752532549742837,-0.5625759356686586,0.0,-20.0,-20.0,110.0,-6.697248521637697
61,0.61,-1.641932880470387,-1.6974236414206547,9.16283865327034,-0.3226042049607953,1.3751997281739068,-0.5719900184684416,0.0,-20.0,-20.0,110.0,-6.672116704564933
62,0.62,-1.6530436941264801,-1.7016521087039498,9.132721254144794,-0.32283012810517875,1.375146164272797,-0.5814041008482569,0.0,-20.0,-20.0,110.0,-6.647029213727122
63,0.63,-1.6641545077825637,-1.7058805759872595,9.102603855019249,-0.32305604233653956,1.3750925632705597,-0.5908181828073283,0.0,-20.0,-20.0,110.0,-6.621986378399353
64,0.64,-1.6752653214386395,-1.7101090432705803,9.072486455893703,-0.32328194765095547,1.3750389251671857,-0.6002322643449847,0.0,-20.0,-20.0,110.0,-6.596988530205843
65,0.65,-1.686376135094709,-1.7143375105539105,9.042369056768157,-0.3235078440440564,1.3749852499629727,-0.6096463454606329,0.0,-20.0,-20.0,110.0,-6.572036003122622
66,0.66,-1.6974869487507738,-1.7185659778372477,9.012251657642611,-0.32373373151111706,1.3749315376584614,-0.6190604261537496,0.0,-20.0,-20.0,110.0,-6.547129133479592
67,0.67,-1.7085977624068345,-1.7227944451205903,8.982134258517066,-0.323959610047129,1.3748777882543866,-0.6284745064238526,0.0,-20.0,-20.0,110.0,-6.522268259961875
68,0.68,-1.7197085760628923,-1.7270229124039376,8.95201685939152,-0.32418547964686134,1.3748240017516384,-0.6378885862705153,0.0,-20.0,-20.0,110.0,-6.497453723610553
69,0.6900000000000001,-1.7308193897189477,-1.7312513796872884,8.921899460265974,-0.3244113403049049,1.3747701781512287,-0.6473026656933352,0.0,-20.0,-20.0,110.0,-6.472685867822612
70,0.7000000000000001,-1.741930203375001,-1.735479846970642,8.891782061140429,-0.3246371920157081,1.3747163174542678,-0.6567167446919366,0.0,-20.0,-20.0,110.0,-6.4479650383501985
71,0.71,-1.7530410170310529,-1.7397083142539975,8.861664662014883,-0.3248630347736072,1.374662419661944,-0.6661308232659633,0.0,-20.0,-20.0,110.0,-6.423291583299084
72,0.72,-1.7641518306871036,-1.7439367815373548,8.831547262889337,-0.3250888685728478,1.3746084847755058,-0.6755449014150776,0.0,-20.0,-20.0,110.0,-6.398665853126299
73,0.73,-1.775262644343153,-1.7481652488207133,8.801429863763792,-0.32531469340760755,1.3745545127962544,-0.6849589791389529,0.0,-20.0,-20.0,110.0,-6.374088200636963
74,0.74,-1.7863734579992019,-1.7523937161040728,8.771312464638246,-0.3255405092720066,1.3745005037255287,-0.6943730564372763,0.0,-20.0,-20.0,110.0,-6.349558980980219
75,0.75,-1.7974842716552502,-1.756622183387433,8.7411950655127,-0.32576631616012003,1.3744464575647026,-0.7037871333097435,0.0,-20.0,-20.0,110.0,-6.325078551644252
76,0.76,-1.808595085311298,-1.7608506506707937,8.711077666387155,-0.3259921140659855,1.3743923743151656,-0.7132012097560475,0.0,-20.0,-20.0,110.0,-6.300647272450388
77,0.77,-1.8197058989673454,-1.765079117954155,8.680960267261609,-0.3262179029836162,1.3743382539783386,-0.7226152857758938,0.0,-20.0,-20.0,110.0,-6.276265505546193
78,0.78,-1.8308167126233923,-1.7693075852375164,8.650842868136063,-0.32644368290700276,1.3742840965556542,-0.7320293613689849,0.0,-20.0,-20.0,110.0,-6.2519336153975384
79,0.79,-1.841927526279439,-1.773536052520878,8.620725469010518,-0.3266694538301163,1.3742299020485584,-0.7414434365350402,0.0,-20.0,-20.0,110.0,-6.227651968779675
80,0.8,-1.8530383399354855,-1.7777645198042398,8.590608069884972,-0.32689521574691444,1.3741756704585089,-0.750857511273774,0.0,-20.0,-20.0,110.0,-6.203420934767087
81,0.81,-1.864149153591532,-1.7819929870876015,8.560490670759426,-0.3271209686513444,1.3741214017869703,-0.7602715855848989,0.0,-20.0,-20.0,110.0,-6.17924088472235
82,0.8200000000000001,-1.8752599672475783,-1.7862214543709631,8.53037327163388,-0.3273467125373443,1.3740670960354167,-0.769685659468139,0.0,-20.0,-20.0,110.0,-6.155112192283672
83,0.8300000000000001,-1.8863707809036245,-1.7904499216543248,8.500255872508335,-0.3275724473988451,1.3740127532053257,-0.77909973292321,0.0,-20.0,-20.0,110.0,-6.131035233351315
84,0.84,-1.8974815945596706,-1.7946783889376865,8.47013847338279,-0.327798173229772,1.3739583732981815,-0.7885138059498381,0.0,-20.0,-20.0,110.0,-6.10701038607266
85,0.85,-1.9085924082157166,-1.798906856221048,8.440021074257244,-0.3280238900240473,1.3739039563154718,-0.7979278785477425,0.0,-20.0,-20.0,110.0,-6.083038030826011
86,0.86,-1.9197032218717627,-1.8031353235044094,8.409903675131698,-0.3282495977755886,1.3738495022586872,-0.8073419507166418,0.0,-20.0,-20.0,110.0,-6.059118550202996
87,0.87,-1.9308140355278087,-1.8073637907877707,8.379786276006152,-0.32847529647831136,1.3737950111293227,-0.8167560224562574,0.0,-20.0,-20.0,110.0,-6.035252328989575
88,0.88,-1.9419248491838548,-1.811592258071132,8.349668876880607,-0.3287009861261293,1.373740482928874,-0.8261700937663189,0.0,-20.0,-20.0,110.0,-6.011439754145549
89,0.89,-1.9530356628399006,-1.815820725354493,8.319551477755061,-0.3289266667129546,1.3736859176588403,-0.8355841646465457,0.0,-20.0,-20.0,110.0,-5.987681214782587
90,0.9,-1.9641464764959464,-1.8200491926378537,8.289434078629515,-0.3291523382326979,1.373631315320723,-0.8449982350966591,0.0,-20.0,-20.0,110.0,-5.963977102140659
91,0.91,-1.9752572901519923,-1.8242776599212143,8.25931667950397,-0.32937800067926915,1.3735766759160237,-0.854412305116391,0.0,-20.0,-20.0,110.0,-5.940327809562819
92,0.92,-1.986368103808038,-1.8285061272045748,8.229199280378424,-0.32960365404657826,1.3735219994462473,-0.8638263747054648,0.0,-20.0,-20.0,110.0,-5.916733732468349
93,0.93,-1.997478917464084,-1.8327345944879352,8.199081881252878,-0.32982929832853497,1.3734672859128998,-0.8732404438636054,0.0,-20.0,-20.0,110.0,-5.893195268324111
94,0.9400000000000001,-2.00858973112013,-1.8369630617712953,8.168964482127333,-0.330054933519046,1.3734125353174875,-0.8826545125905384,0.0,-20.0,-20.0,110.0,-5.8697128166141335
95,0.9500000000000001,-2.019700544776176,-1.8411915290546552,8.138847083001787,-0.3302805596120203,1.3733577476615186,-0.8920685808859886,0.0,-20.0,-20.0,110.0,-5.846286778807296
96,0.96,-2.030811358432222,-1.845419996338015,8.108729683876241,-0.3305061766013663,1.373302922946504,-0.9014826487496799,0.0,-20.0,-20.0,110.0,-5.8229175583231205
97,0.97,-2.041922172088268,-1.8496484636213746,8.078612284750696,-0.33073178448099155,1.3732480611739533,-0.9108967161813359,0.0,-20.0,-20.0,110.0,-5.799605560495537
98,0.98,-2.053032985744314,-1.853876930904734,8.04849488562515,-0.3309573832448043,1.3731931623453788,-0.9203107831806855,0.0,-20.0,-20.0,110.0,-5.776351192534587
99,0.99,-2.06414379940036,-1.8581053981880933,8.018377486499604,-0.3311829728867137,1.373138226462294,-0.9297248497474533,0.0,-20.0,-20.0,110.0,-5.753154863486049
100,1.0,-2.0752546130564062,-1.8623338654714523,7.988260087374059,-0.3314085534006274,1.3730832535262132,-0.939138915881363,0.0,-20.0,-20.0,110.0,-5.730016984188786
101,1.01,-2.0863654267124523,-1.866562332754811,7.958142688248513,-0.33163412478045473,1.3730282435386512,-0.9485529815821405,0.0,-20.0,-20.0,110.0,-5.706937967229873
102,1.02,-2.0974762403684983,-1.8707908000381697,7.928025289122967,-0.3318596870201037,1.372973196501125,-0.9579670468495097,0.0,-20.0,-20.0,110.0,-5.6839182268973785
103,1.03,-2.1085870540245444,-1.8750192673215282,7.8979078899974215,-0.33208524011348445,1.3729181124151546,-0.9673811116831996,0.0,-20.0,-20.0,110.0,-5.660958179130682
104,1.04,-2.1196978676805904,-1.8792477346048866,7.867790490871876,-0.33231078405450454,1.3728629912822528,-0.9767951760829352,0.0,-20.0,-20.0,110.0,-5.638058241468348
105,1.05,-2.1308086813366365,-1.8834762018882447,7.83767309174633,-0.332536318837074,1.3728078331039413,-0.9862092400484433,0.0,-20.0,-20.0,110.0,-5.615218832993374
106,1.06,-2.1419194949926825,-1.8877046691716026,7.8075556926207845,-0.3327618444551026,1.372752637881742,-0.9956233035794466,0.0,-20.0,-20.0,110.0,-5.592440374275806
107,1.07,-2.1530303086487286,-1.8919331364549603,7.777438293495239,-0.3329873609024998,1.3726974056171755,-1.0050373666756696,0.0,-20.0,-20.0,110.0,-5.569723287312589
108,1.08,-2.1641411223047746,-1.8961616037383178,7.747320894369693,-0.3332128681731748,1.3726421363117638,-1.0144514293368407,0.0,-20.0,-20.0,110.0,-5.5470679954646105
109,1.09,-2.1752519359608207,-1.900390071021675,7.7172034952441475,-0.33343836626103823,1.3725868299670312,-1.0238654915626861,0.0,-20.0,-20.0,110.0,-5.524474923390791
110,1.1,-2.1863627496168667,-1.9046185383050322,7.687086096118602,-0.33366385516000086,1.3725314865845026,-1.0332795533529313,0.0,-20.0,-20.0,110.0,-5.501944496979216
111,1.11,-2.1974735632729128,-1.9088470055883893,7.656968696993056,-0.33388933486397365,1.3724761061657031,-1.0426936147073032,0.0,-20.0,-20.0,110.0,-5.479477143275121
112,1.12,-2.208584376928959,-1.913075472871746,7.6268512978675105,-0.33411480536686766,1.3724206887121595,-1.0521076756255276,0.0,-20.0,-20.0,110.0,-5.457073290405699
113,1.1300000000000001,-2.219695190585005,-1.9173039401551026,7.596733898741965,-0.3343402666625931,1.372365234225399,-1.0615217361073308,0.0,-20.0,-20.0,110.0,-5.434733367501637
114,1.1400000000000001,-2.230806004241051,-1.921532407438459,7.566616499616419,-0.3345657187450626,1.3723097427069506,-1.0709357961524402,0.0,-20.0,-20.0,110.0,-5.41245780461523
115,1.1500000000000001,-2.241916817897097,-1.9257608747218151,7.5364991004908735,-0.3347911616081876,1.372254214158344,-1.0803498557605846,0.0,-20.0,-20.0,110.0,-5.390247032635044
116,1.16,-2.253027631553143,-1.9299893420051712,7.506381701365328,-0.3350165952458795,1.3721986485811097,-1.0897639149314917,0.0,-20.0,-20.0,110.0,-5.368101483196942
117,1.17,-2.264138445209189,-1.9342178092885272,7.476264302239782,-0.3352420196520503,1.3721430459767787,-1.099177973664888,0.0,-20.0,-20.0,110.0,-5.346021588591463
118,1.18,-2.275249258865235,-1.9384462765718828,7.446146903114236,-0.33546743482061336,1.3720874063468842,-1.1085920319604952,0.0,-20.0,-20.0,110.0,-5.324007781667371
119,1.19,-2.286360072521281,-1.9426747438552383,7.41602950398869,-0.33569284074548084,1.37203172969296,-1.1180060898180357,0.0,-20.0,-20.0,110.0,-5.302060495731268
120,1.2,-2.297470886177327,-1.9469032111385935,7.385912104863143,-0.33591823742056565,1.3719760160165404,-1.1274201472372374,0.0,-20.0,-20.0,110.0,-5.280180164443249
121,1.21,-2.3085816998333732,-1.9511316784219486,7.355794705737597,-0.3361436248397809,1.3719202653191607,-1.136834204217833,0.0,-20.0,-20.0,110.0,-5.258367221708349
122,1.22,-2.3196925134894193,-1.9553601457053034,7.32567730661205,-0.3363690029970403,1.3718644776023583,-1.1462482607595488,0.0,-20.0,-20.0,110.0,-5.2366221015637775
123,1.23,-2.3308033271454653,-1.9595886129886582,7.295559907486504,-0.33659437188625796,1.37180865286767,-1.1556623168621076,0.0,-20.0,-20.0,110.0,-5.21494523806176
124,1.24,-2.3419141408015114,-1.9638170802720127,7.265442508360957,-0.3368197315013472,1.3717527911166356,-1.1650763725252393,0.0,-20.0,-20.0,110.0,-5.193337065147912
125,1.25,-2.3530249544575574,-1.968045547555367,7.2353251092354105,-0.3370450818362234,1.3716968923507935,-1.1744904277486699,0.0,-20.0,-20.0,110.0,-5.171798016534951
126,1.26,-2.3641357681136035,-1.9722740148387212,7.205207710109864,-0.33727042288479936,1.3716409565716852,-1.1839044825321217,0.0,-20.0,-20.0,110.0,-5.150328525571726
127,1.27,-2.3752465817696495,-1.9765024821220751,7.175090310984317,-0.3374957546409913,1.3715849837808516,-1.193318536875323,0.0,-20.0,-20.0,110.0,-5.1289290251073245
128,1.28,-2.3863573954256956,-1.9807309494054288,7.144972911858771,-0.3377210770987131,1.371528973979836,-1.2027325907779993,0.0,-20.0,-20.0,110.0,-5.1075999473502165
129,1.29,-2.3974682090817416,-1.9849594166887823,7.114855512733224,-0.3379463902518803,1.3714729271701813,-1.212146644239881,0.0,-20.0,-20.0,110.0,-5.0863417237222555
130,1.3,-2.4085790227377877,-1.9891878839721358,7.084738113607678,-0.3381716940944096,1.3714168433534326,-1.2215606972606925,0.0,-20.0,-20.0,110.0,-5.065154784707405
131,1.31,-2.4196898363938337,-1.993416351255489,7.054620714482131,-0.3383969886202157,1.3713607225311355,-1.2309747498401655,0.0,-20.0,-20.0,110.0,-5.044039559695096
132,1.32,-2.4308006500498798,-1.997644818538842,7.024503315356585,-0.33862227382321497,1.3713045647048365,-1.240388801978025,0.0,-20.0,-20.0,110.0,-5.022996476818011
133,1.33,-2.441911463705926,-2.0018732858221946,6.994385916231038,-0.3388475496973234,1.3712483698760831,-1.2498028536739982,0.0,-20.0,-20.0,110.0,-5.00202596278421
134,1.34,-2.453022277361972,-2.0061017531055474,6.964268517105491,-0.33907281623645774,1.371192138046424,-1.259216904927811,0.0,-20.0,-20.0,110.0,-4.981128442703426
135,1.35,-2.464133091018018,-2.0103302203888997,6.934151117979945,-0.3392980734345349,1.3711358692174092,-1.26863095573919,0.0,-20.0,-20.0,110.0,-4.9603043399074025
136,1.36,-2.475243904674064,-2.014558687672252,6.904033718854398,-0.3395233212854718,1.3710795633905888,-1.2780450061078639,0.0,-20.0,-20.0,110.0,-4.939554075764122
137,1.37,-2.48635471833011,-2.018787154955604,6.873916319728852,-0.33974855978318613,1.3710232205675146,-1.2874590560335633,0.0,-20.0,-20.0,110.0,-4.918878069485746
138,1.3800000000000001,-2.497465531986156,-2.023015622238956,6.843798920603305,-0.3399737889215957,1.3709668407497397,-1.2968731055160172,0.0,-20.0,-20.0,110.0,-4.898276737930189
139,1.3900000000000001,-2.508576345642202,-2.0272440895223074,6.813681521477759,-0.3401990086946188,1.3709104239388168,-1.3062871545549544,0.0,-20.0,-20.0,110.0,-4.877750495396086
140,1.4000000000000001,-2.519687159298248,-2.031472556805659,6.783564122352212,-0.34042421909617315,1.3708539701363016,-1.3157012031500983,0.0,-20.0,-20.0,110.0,-4.857299753411076
141,1.41,-2.530797972954294,-2.0357010240890103,6.7534467232266655,-0.34064942012017685,1.370797479343749,-1.325115251301177,0.0,-20.0,-20.0,110.0,-4.836924920513195
142,1.42,-2.5419087866103403,-2.0399294913723613,6.723329324101119,-0.34087461176054823,1.3707409515627154,-1.334529299007919,0.0,-20.0,-20.0,110.0,-4.816626402025249
143,1.43,-2.5530196002663863,-2.0441579586557124,6.693211924975572,-0.3410997940112065,1.370684386794759,-1.3439433462700519,0.0,-20.0,-20.0,110.0,-4.796404599822003
144,1.44,-2.5641304139224323,-2.048386425939063,6.663094525850026,-0.34132496686607205,1.3706277850414412,-1.3533573930873042,0.0,-20.0,-20.0,110.0,-4.776259912089995
145,1.45,-2.5752412275784784,-2.0526148932224135,6.632977126724479,-0.3415501303190617,1.370571146304315,-1.3627714394593946,0.0,-20.0,-20.0,110.0,-4.756192733079902
146,1.46,-2.5863520412345244,-2.0568433605057637,6.602859727598933,-0.34177528436409643,1.370514470584945,-1.3721854853860627,0.0,-20.0,-20.0,110.0,-4.736203452851153
147,1.47,-2.5974628548905705,-2.061071827789114,6.572742328473386,-0.3420004289950973,1.3704577578848927,-1.3815995308670341,0.0,-20.0,-20.0,110.0,-4.716292457008791
148,1.48,-2.6085736685466165,-2.065300295072464,6.54262492934784,-0.34222556420598327,1.37040100820572,-1.3910135759020343,0.0,-20.0,-20.0,110.0,-4.696460126432282
149,1.49,-2.6196844822026626,-2.0695287623558136,6.512507530222293,-0.3424506899906747,1.3703442215489912,-1.4004276204907877,0.0,-20.0,-20.0,110.0,-4.6767068369961695
150,1.5,-2.6307952958587086,-2.0737572296391633,6.482390131096746,-0.3426758063430929,1.3702873979162706,-1.4098416646330223,0.0,-20.0,-20.0,110.0,-4.657032959282441
151,1.51,-2.6419061095147547,-2.0779856969225126,6.4522727319712,-0.34290091325715877,1.370230537309124,-1.4192557083284685,0.0,-20.0,-20.0,110.0,-4.637438858284338
152,1.52,-2.6530169231708007,-2.082214164205862,6.422155332845653,-0.34312601072679366,1.3701736397291178,-1.4286697515768592,0.0,-20.0,-20.0,110.0,-4.617924893101545
153,1.53,-2.664127736826847,-2.0864426314892106,6.392037933720107,-0.343351098745919,1.3701167051778196,-1.4380837943779232,0.0,-20.0,-20.0,110.0,-4.598491416626553
154,1.54,-2.675238550482893,-2.0906710987725594,6.36192053459456,-0.3435761773084573,1.3700597336567983,-1.4474978367313842,0.0,-20.0,-20.0,110.0,-4.579138775222006
155,1.55,-2.686349364138939,-2.094899566055908,6.331803135469014,-0.3438012464083292,1.3700027251676232,-1.4569118786369704,0.0,-20.0,-20.0,110.0,-4.559867308388904
156,1.56,-2.697460177794985,-2.0991280333392566,6.301685736343467,-0.3440263060394579,1.3699456797118648,-1.466325920094413,0.0,-20.0,-20.0,110.0,-4.540677348425476
157,1.57,-2.708570991451031,-2.103356500622605,6.2715683372179205,-0.3442513561957665,1.369888597291095,-1.4757399611034392,0.0,-20.0,-20.0,110.0,-4.521569220076554
158,1.58,-2.719681805107077,-2.107584967905953,6.241450938092374,-0.344476396871177,1.3698314779068865,-1.485154001663778,0.0,-20.0,-20.0,110.0,-4.502543240173304
159,1.59,-2.730792618763123,-2.1118134351893008,6.211333538966827,-0.34470142805961235,1.3697743215608127,-1.4945680417751583,0.0,-20.0,-20.0,110.0,-4.483599717263127
160,1.6,-2.741903432419169,-2.1160419024726482,6.181216139841281,-0.3449264497549963,1.3697171282544482,-1.5039820814373082,0.0,-20.0,-20.0,110.0,-4.46473895122958
161,1.61,-2.753014246075215,-2.1202703697559957,6.151098740715734,-0.3451514619512529,1.3696598979893686,-1.5133961206499542,0.0,-20.0,-20.0,110.0,-4.44596123290215
162,1.62,-2.764125059731261,-2.124498837039343,6.120981341590188,-0.3453764646423055,1.3696026307671507,-1.5228101594128252,0.0,-20.0,-20.0,110.0,-4.427266843655739
163,1.6300000000000001,-2.7752358733873073,-2.12872730432269,6.090863942464641,-0.3456014578220786,1.3695453265893716,-1.53222419772565,0.0,-20.0,-20.0,110.0,-4.40865605499968
164,1.6400000000000001,-2.7863466870433533,-2.132955771606037,6.060746543339095,-0.3458264414844964,1.3694879854576105,-1.5416382355881582,0.0,-20.0,-20.0,110.0,-4.390129128156142
165,1.6500000000000001,-2.7974575006993994,-2.137184238889384,6.030629144213548,-0.34605141562348324,1.3694306073734464,-1.5510522730000798,0.0,-20.0,-20.0,110.0,-4.371686313627761
166,1.6600000000000001,-2.8085683143554454,-2.1414127061727304,6.0005117450880014,-0.34627638023296475,1.36937319233846,-1.5604663099611438,0.0,-20.0,-20.0,110.0,-4.353327850754378
167,1.67,-2.8196791280114915,-2.1456411734560765,5.970394345962455,-0.34650133530686594,1.3693157403542335,-1.5698803464710758,0.0,-20.0,-20.0,110.0,-4.335053967258703
168,1.68,-2.8307899416675375,-2.1498696407394227,5.940276946836908,-0.3467262808391123,1.3692582514223488,-1.5792943825296057,0.0,-20.0,-20.0,110.0,-4.316864878780765
169,1.69,-2.8419007553235835,-2.154098108022769,5.910159547711362,-0.3469512168236298,1.3692007255443899,-1.588708418136466,0.0,-20.0,-20.0,110.0,-4.298760788401045
170,1.7,-2.8530115689796296,-2.1583265753061145,5.880042148585815,-0.3471761432543431,1.369143162721941,-1.5981224532913807,0.0,-20.0,-20.0,110.0,-4.280741886152118
171,1.71,-2.8641223826356756,-2.16255504258946,5.849924749460269,-0.3474010601251794,1.3690855629565877,-1.6075364879940814,0.0,-20.0,-20.0,110.0,-4.262808348518691
172,1.72,-2.8752331962917217,-2.1667835098728054,5.819807350334722,-0.3476259674300662,1.369027926249917,-1.6169505222442986,0.0,-20.0,-20.0,110.0,-4.24496033792591
173,1.73,-2.8863440099477677,-2.1710119771561507,5.7896899512091755,-0.347850865162929,1.3689702526035163,-1.6263645560417614,0.0,-20.0,-20.0,110.0,-4.227198002215828
174,1.74,-2.897454823603814,-2.1752404444394955,5.759572552083629,-0.34807575331769547,1.3689125420189743,-1.6357785893861994,0.0,-20.0,-20.0,110.0,-4.209521474111883
175,1.75,-2.90856563725986,-2.1794689117228403,5.729455152958082,-0.34830063188829286,1.3688547944978802,-1.6451926222773383,0.0,-20.0,-20.0,110.0,-4.191930870671338
176,1.76,-2.919676450915906,-2.183697379006185,5.699337753832536,-0.3485255008686488,1.3687970100418247,-1.6546066547149083,0.0,-20.0,-20.0,110.0,-4.174426292725504
177,1.77,-2.930787264571952,-2.1879258462895295,5.669220354706989,-0.34875036025269157,1.3687391886523996,-1.6640206866986362,0.0,-20.0,-20.0,110.0,-4.157007824307735
178,1.78,-2.941898078227998,-2.192154313572874,5.639102955581443,-0.3489752100343492,1.3686813303311975,-1.673434718228257,0.0,-20.0,-20.0,110.0,-4.139675532069035
179,1.79,-2.953008891884044,-2.1963827808562177,5.608985556455896,-0.3492000502075497,1.3686234350798119,-1.682848749303499,0.0,-20.0,-20.0,110.0,-4.1224294646812245
180,1.8,-2.96411970554009,-2.2006112481395617,5.57886815733035,-0.34942488076622097,1.3685655028998365,-1.6922627799240892,0.0,-20.0,-20.0,110.0,-4.105269652227629
181,1.81,-2.975230519196136,-2.2048397154229056,5.548750758204803,-0.3496497017042928,1.3685075337928678,-1.701676810089757,0.0,-20.0,-20.0,110.0,-4.088196105581136
182,1.82,-2.986341332852182,-2.2090681827062486,5.5186333590792565,-0.3498745130156946,1.368449527760502,-1.7110908398002347,0.0,-20.0,-20.0,110.0,-4.071208815769675
183,1.83,-2.997452146508228,-2.213296649989592,5.48851595995371,-0.35009931469435607,1.3683914848043375,-1.7205048690552502,0.0,-20.0,-20.0,110.0,-4.054307753328975
184,1.84,-3.0085629601642743,-2.217525117272935,5.458398560828163,-0.35032410673420705,1.3683334049259719,-1.7299188978545375,0.0,-20.0,-20.0,110.0,-4.037492867642645
185,1.85,-3.0196737738203203,-2.221753584556278,5.428281161702617,-0.35054888912917714,1.3682752881270048,-1.739332926197826,0.0,-20.0,-20.0,110.0,-4.020764086269459
186,1.86,-3.0307845874763664,-2.2259820518396207,5.39816376257707,-0.35077366187319586,1.3682171344090375,-1.748746954084842,0.0,-20.0,-20.0,110.0,-4.0041213142579295
187,1.87,-3.0418954011324124,-2.2302105191229633,5.368046363451524,-0.35099842496019396,1.3681589437736699,-1.7581609815153116,0.0,-20.0,-20.0,110.0,-3.987564433448101
188,1.8800000000000001,-3.0530062147884585,-2.234438986406306,5.337928964325977,-0.35122317838410266,1.3681007162225063,-1.767575008488965,0.0,-20.0,-20.0,110.0,-3.971093301760558
189,1.8900000000000001,-3.0641170284445045,-2.238667453689648,5.3078115652004305,-0.35144792213885373,1.36804245175715,-1.776989035005535,0.0,-20.0,-20.0,110.0,-3.954707752472722
190,1.9000000000000001,-3.0752278421005506,-2.24289592097299,5.277694166074884,-0.3516726562183782,1.367984150379205,-1.7864030610647554,0.0,-20.0,-20.0,110.0,-3.9384075934824065
191,1.9100000000000001,-3.0863386557565966,-2.247124388256332,5.247576766949337,-0.3518973806166073,1.367925812090277,-1.795817086666357,0.0,-20.0,-20.0,110.0,-3.922192606558713
192,1.92,-3.0974494694126427,-2.2513528555396736,5.217459367823791,-0.3521220953274728,1.367867436891972,-1.8052311118100697,0.0,-20.0,-20.0,110.0,-3.9060625465803
193,1.93,-3.1085602830686887,-2.255581322823015,5.187341968698244,-0.3523468003449078,1.3678090247859014,-1.8146451364956258,0.0,-20.0,-20.0,110.0,-3.8900171407610915
194,1.94,-3.1196710967247347,-2.259809790106356,5.157224569572698,-0.35257149566284285,1.3677505757736672,-1.8240591607227479,0.0,-20.0,-20.0,110.0,-3.8740560878635257
195,1.95,-3.130781910380781,-2.2640382573896973,5.127107170447151,-0.352796181275212,1.367692089856882,-1.8334731844911691,0.0,-20.0,-20.0,110.0,-3.858179057399399
196,1.96,-3.141892724036827,-2.268266724673038,5.096989771321605,-0.353020857175948,1.3676335670371567,-1.8428872078006175,0.0,-20.0,-20.0,110.0,-3.842385688818476
197,1.97,-3.153003537692873,-2.272495191956379,5.066872372196058,-0.3532455233589835,1.3675750073161022,-1.8523012306508277,0.0,-20.0,-20.0,110.0,-3.826675590684903
198,1.98,-3.164114351348919,-2.2767236592397193,5.0367549730705115,-0.3534701798182528,1.3675164106953313,-1.861715253041525,0.0,-20.0,-20.0,110.0,-3.811048339841648
199,1.99,-3.175225165004965,-2.2809521265230597,5.006637573944965,-0.3536948265476903,1.3674577771764576,-1.8711292749724402,0.0,-20.0,-20.0,110.0,-3.7955034805630636
200,2.0,-3.186335978661011,-2.2851805938063996,4.976520174819418,-0.35391946354122944,1.367399106761095,-1.880543296443299,0.0,-20.0,-20.0,110.0,-3.7800405236957606
201,2.0100000000000002,-3.197446792317057,-2.2894090610897395,4.946402775693872,-0.35414409079280434,1.36734039945086,-1.8899573174538387,0.0,-20.0,-20.0,110.0,-3.7646589457879687
202,2.02,-3.208557605973103,-2.2936375283730794,4.916285376568325,-0.3543687082963487,1.3672816552473683,-1.8993713380037867,0.0,-20.0,-20.0,110.0,-3.7493581882076024
203,2.0300000000000002,-3.219668419629149,-2.297865995656419,4.886167977442779,-0.35459331604579813,1.3672228741522379,-1.9087853580928795,0.0,-20.0,-20.0,110.0,-3.7341376562492017
204,2.04,-3.2307792332851952,-2.3020944629397584,4.856050578317232,-0.35481791403508883,1.367164056167087,-1.918199377720845,0.0,-20.0,-20.0,110.0,-3.7189967182300476
205,2.05,-3.2418900469412413,-2.3063229302230974,4.8259331791916855,-0.35504250225815553,1.3671052012935356,-1.9276133968874165,0.0,-20.0,-20.0,110.0,-3.7039347045756097
206,2.06,-3.2530008605972873,-2.3105513975064365,4.795815780066139,-0.35526708070893254,1.3670463095332028,-1.9370274155923226,0.0,-20.0,-20.0,110.0,-3.688950906894704
207,2.07,-3.2641116742533334,-2.314779864789775,4.765698380940592,-0.35549164938135663,1.3669873808877118,-1.9464414338352978,0.0,-20.0,-20.0,110.0,-3.6740445770444943
208,2.08,-3.2752224879093794,-2.3190083320731136,4.735580981815046,-0.3557162082693646,1.3669284153586838,-1.955855451616072,0.0,-20.0,-20.0,110.0,-3.6592149261857854
209,2.09,-3.2863333015654255,-2.323236799356452,4.705463582689499,-0.3559407573668932,1.3668694129477426,-1.9652694689343726,0.0,-20.0,-20.0,110.0,-3.6444611238288056
210,2.1,-3.2974441152214715,-2.3274652666397904,4.675346183563953,-0.3561652966678781,1.3668103736565131,-1.9746834857899347,0.0,-20.0,-20.0,110.0,-3.6297822968698443
211,2.11,-3.3085549288775176,-2.3316937339231285,4.645228784438406,-0.35638982616625653,1.3667512974866207,-1.984097502182487,0.0,-20.0,-20.0,110.0,-3.6151775286191157
212,2.12,-3.3196657425335636,-2.335922201206466,4.61511138531286,-0.3566143458559665,1.3666921844396915,-1.9935115181117593,0.0,-20.0,-20.0,110.0,-3.6006458578201572
213,2.13,-3.3307765561896097,-2.340150668489804,4.584993986187313,-0.3568388557309455,1.3666330345173532,-2.0029255335774794,0.0,-20.0,-20.0,110.0,-3.5861862776611915
214,2.14,-3.3418873698456557,-2.344379135773141,4.5548765870617665,-0.35706335578513043,1.366573847721234,-2.012339548579381,0.0,-20.0,-20.0,110.0,-3.5717977347787717
215,2.15,-3.3529981835017018,-2.3486076030564784,4.52475918793622,-0.35728784601245983,1.3665146240529638,-2.0217535631171986,0.0,-20.0,-20.0,110.0,-3.5574791282541844
216,2.16,-3.364108997157748,-2.3528360703398157,4.494641788810673,-0.35751232640687264,1.3664553635141727,-2.0311675771906583,0.0,-20.0,-20.0,110.0,-3.5432293086030078
217,2.17,-3.375219810813794,-2.3570645376231525,4.464524389685127,-0.35773679696230704,1.3663960661064924,-2.04058159079949,0.0,-20.0,-20.0,110.0,-3.5290470767582165
218,2.18,-3.38633062446984,-2.3612930049064893,4.43440699055958,-0.35796125767270137,1.366336731831555,-2.049995603943428,0.0,-20.0,-20.0,110.0,-3.5149311830473566
219,2.19,-3.397441438125886,-2.3655214721898257,4.404289591434033,-0.3581857085319957,1.3662773606909937,-2.059409616622212,0.0,-20.0,-20.0,110.0,-3.5008803261641757
220,2.2,-3.408552251781932,-2.369749939473162,4.374172192308485,-0.3584101495341298,1.366217952686444,-2.068823628835574,0.0,-20.0,-20.0,110.0,-3.4868931521352318
221,2.21,-3.419663065437978,-2.373978406756498,4.344054793182938,-0.3586345806730434,1.3661585078195404,-2.078237640583241,0.0,-20.0,-20.0,110.0,-3.4729682532819477
222,2.22,-3.430773879094024,-2.378206874039834,4.31393739405739,-0.35885900194267606,1.3660990260919197,-2.08765165186494,0.0,-20.0,-20.0,110.0,-3.45910416717861
223,2.23,-3.44188469275007,-2.38243534132317,4.283819994931843,-0.3590834133369677,1.3660395075052192,-2.0970656626804027,0.0,-20.0,-20.0,110.0,-3.4452993756068024
224,2.24,-3.452995506406116,-2.3866638086065053,4.2537025958062955,-0.3593078148498589,1.3659799520610771,-2.1064796730293605,0.0,-20.0,-20.0,110.0,-3.4315523035068196
225,2.25,-3.4641063200621622,-2.3908922758898408,4.223585196680748,-0.35953220647529116,1.3659203597611331,-2.1158936829115444,0.0,-20.0,-20.0,110.0,-3.4178613179265533
226,2.2600000000000002,-3.4752171337182083,-2.395120743173176,4.193467797555201,-0.35975658820720546,1.3658607306070276,-2.1253076923266905,0.0,-20.0,-20.0,110.0,-3.4042247269684154
227,2.27,-3.4863279473742543,-2.399349210456511,4.163350398429653,-0.359980960039543,1.3658010646004017,-2.1347217012745303,0.0,-20.0,-20.0,110.0,-3.390640778734799
228,2.2800000000000002,-3.4974387610303004,-2.4035776777398454,4.133232999304106,-0.36020532196624533,1.3657413617428984,-2.144135709754796,0.0,-20.0,-20.0,110.0,-3.3771076602726806
229,2.29,-3.5085495746863464,-2.40780614502318,4.103115600178558,-0.3604296739812552,1.3656816220361603,-2.1535497177672176,0.0,-20.0,-20.0,110.0,-3.3636234965178198
230,2.3000000000000003,-3.5196603883423925,-2.4120346123065146,4.072998201053011,-0.3606540160785141,1.3656218454818327,-2.1629637253115273,0.0,-20.0,-20.0,110.0,-3.350186349239211
231,2.31,-3.5307712019984385,-2.4162630795898488,4.042880801927463,-0.36087834825196446,1.3655620320815598,-2.172377732387459,0.0,-20.0,-20.0,110.0,-3.336794215984272
232,2.32,-3.5418820156544846,-2.420491546873183,4.012763402801916,-0.3611026704955503,1.3655021818369923,-2.1817917389947508,0.0,-20.0,-20.0,110.0,-3.323445029025352
233,2.33,-3.5529928293105306,-2.4247200141565166,3.982646003676369,-0.36132698280321346,1.365442294749771,-2.1912057451331286,0.0,-20.0,-20.0,110.0,-3.310136654308114
234,2.34,-3.5641036429665767,-2.4289484814398503,3.952528604550822,-0.36155128516889723,1.3653823708215473,-2.2006197508023297,0.0,-20.0,-20.0,110.0,-3.29686689040232
235,2.35,-3.5752144566226227,-2.4331769487231836,3.922411205425275,-0.36177557758654494,1.3653224100539703,-2.210033756002078,0.0,-20.0,-20.0,110.0,-3.283633467455623
236,2.36,-3.5863252702786688,-2.437405416006517,3.892293806299728,-0.3619998600501011,1.36526241244869,-2.219447760732109,0.0,-20.0,-20.0,110.0,-3.2704340461508385
237,2.37,-3.597436083934715,-2.44163388328985,3.862176407174181,-0.36222413255350966,1.3652023780073586,-2.228861764992156,0.0,-20.0,-20.0,110.0,-3.2572662166673023
238,2.38,-3.608546897590761,-2.445862350573183,3.832059008048634,-0.36244839509071464,1.3651423067316282,-2.2382757687819503,0.0,-20.0,-20.0,110.0,-3.2441274976468066
239,2.39,-3.619657711246807,-2.4500908178565157,3.801941608923087,-0.36267264765566204,1.3650821986231523,-2.2476897721012303,0.0,-20.0,-20.0,110.0,-3.231015335164639
240,2.4,-3.630768524902853,-2.454319285139848,3.77182420979754,-0.3628968902422958,1.3650220536835853,-2.2571037749497216,0.0,-20.0,-20.0,110.0,-3.2179271017062354
241,2.41,-3.641879338558899,-2.4585477524231805,3.741706810671993,-0.36312112284456144,1.364961871914582,-2.266517777327154,0.0,-20.0,-20.0,110.0,-3.2048600951500026
242,2.42,-3.652990152214945,-2.4627762197065124,3.711589411546446,-0.36334534545640457,1.3649016533177987,-2.275931779233263,0.0,-20.0,-20.0,110.0,-3.191811537756667
243,2.43,-3.664100965870991,-2.4670046869898443,3.681472012420899,-0.36356955807177016,1.364841397894893,-2.2853457806677815,0.0,-20.0,-20.0,110.0,-3.178778575165773
244,2.44,-3.675211779527037,-2.4712331542731762,3.6513546132953514,-0.36379376068460517,1.3647811056475236,-2.294759781630443,0.0,-20.0,-20.0,110.0,-3.165758275399644
245,2.45,-3.686322593183083,-2.4754616215565077,3.621237214169804,-0.3640179532888564,1.3647207765773497,-2.304173782120982,0.0,-20.0,-20.0,110.0,-3.1527476278753523
246,2.46,-3.6974334068391292,-2.479690088839839,3.5911198150442565,-0.364242135878469,1.3646604106860312,-2.313587782139127,0.0,-20.0,-20.0,110.0,-3.139743542425027
247,2.47,-3.7085442204951753,-2.4839185561231703,3.561002415918709,-0.3644663084473909,1.3646000079752287,-2.3230017816846127,0.0,-20.0,-20.0,110.0,-3.126742848324933
248,2.48,-3.7196550341512213,-2.4881470234065013,3.5308850167931616,-0.36469047098956986,1.3645395684466062,-2.3324157807571733,0.0,-20.0,-20.0,110.0,-3.1137422933336745
249,2.49,-3.7307658478072674,-2.492375490689832,3.500767617667614,-0.3649146234989528,1.3644790921018262,-2.3418297793565452,0.0,-20.0,-20.0,110.0,-3.111710892667407
250,2.5,-3.7418766614633134,-2.4966039579731625,3.4706502185420667,-0.36513876596948736,1.3644185789425527,-2.3512437774824577,0.0,-20.0,-20.0,110.0,-3.128820763089781
251,2.5100000000000002,-3.7529874751193595,-2.500832425256493,3.4405328194165192,-0.3653628983951211,1.364358028970451,-2.3606577751346434,0.0,-20.0,-20.0,110.0,-3.145929835829449
252,2.52,-3.7640982887754055,-2.5050608925398232,3.4104154202909718,-0.3655870207698029,1.3642974421871878,-2.3700717723128344,0.0,-20.0,-20.0,110.0,-3.163041355590406
253,2.5300000000000002,-3.7752091024314516,-2.5092893598231534,3.3802980211654243,-0.3658111330874817,1.3642368185944305,-2.379485769016765,0.0,-20.0,-20.0,110.0,-3.1801584845603608
254,2.54,-3.7863199160874976,-2.513517827106483,3.350180622039877,-0.3660352353421062,1.3641761581938467,-2.3888997652461703,0.0,-20.0,-20.0,110.0,-3.197284303060043
255,2.5500000000000003,-3.7974307297435437,-2.517746294389813,3.3200632229143294,-0.3662593275276248,1.3641154609871058,-2.398313761000783,0.0,-20.0,-20.0,110.0,-3.214421810204594
256,2.56,-3.8085415433995897,-2.521974761673142,3.289945823788782,-0.3664834096379875,1.3640547269758785,-2.407727756280336,0.0,-20.0,-20.0,110.0,-3.2315739245775044
257,2.57,-3.8196523570556358,-2.5262032289564713,3.2598284246632345,-0.3667074816671438,1.3639939561618355,-2.417141751084562,0.0,-20.0,-20.0,110.0,-3.248743484917507
258,2.58,-3.830763170711682,-2.5304316962398006,3.229711025537687,-0.36693154360904384,1.3639331485466497,-2.4265557454131965,0.0,-20.0,-20.0,110.0,-3.265933250818869
259,2.59,-3.841873984367728,-2.5346601635231294,3.1995936264121396,-0.3671555954576382,1.3638723041319938,-2.435969739265973,0.0,-20.0,-20.0,110.0,-3.2831459034453916
260,2.6,-3.852984798023774,-2.538888630806458,3.169476227286592,-0.3673796372068772,1.3638114229195422,-2.445383732642617,0.0,-20.0,-20.0,110.0,-3.3003840462584964
261,2.61,-3.86409561167982,-2.5431170980897866,3.1393588281610447,-0.3676036688507112,1.36375050491097,-2.454797725542864,0.0,-20.0,-20.0,110.0,-3.3176502057596067
262,2.62,-3.875206425335866,-2.547345565373115,3.1092414290354973,-0.3678276903830916,1.3636895501079536,-2.464211717966451,0.0,-20.0,-20.0,110.0,-3.3349468322471307
263,2.63,-3.886317238991912,-2.551574032656443,3.07912402990995,-0.3680517017979704,1.3636285585121701,-2.473625709913116,0.0,-20.0,-20.0,110.0,-3.352276300588181
264,2.64,-3.897428052647958,-2.555802499939771,3.0490066307844024,-0.36827570308929874,1.3635675301252979,-2.4830397013825922,0.0,-20.0,-20.0,110.0,-3.369640911005256
265,2.65,-3.908538866304004,-2.5600309672230988,3.018889231658855,-0.36849969425102874,1.363506464949016,-2.4924536923746143,0.0,-20.0,-20.0,110.0,-3.387042889877905
266,2.66,-3.91964967996005,-2.5642594345064262,2.9887718325333075,-0.36872367527711203,1.3634453629850045,-2.5018676828889164,0.0,-20.0,-20.0,110.0,-3.404484390559557
267,2.67,-3.9307604936160963,-2.5684879017897537,2.95865443340776,-0.36894764616150133,1.3633842242349443,-2.511281672925229,0.0,-20.0,-20.0,110.0,-3.4219674942094085
268,2.68,-3.9418713072721423,-2.5727163690730808,2.9285370342822126,-0.36917160689815026,1.3633230487005186,-2.520695662483288,0.0,-20.0,-20.0,110.0,-3.43949421063948
269,2.69,-3.9529821209281883,-2.576944836356408,2.898419635156665,-0.36939555748101144,1.36326183638341,-2.530109651562824,0.0,-20.0,-20.0,110.0,-3.4570664791766794
270,2.7,-3.9640929345842344,-2.5811733036397344,2.8683022360311177,-0.3696194979040379,1.3632005872853017,-2.539523640163576,0.0,-20.0,-20.0,110.0,-3.4746861695398485
271,2.71,-3.9752037482402804,-2.585401770923061,2.83818483690557,-0.3698434281611833,1.3631393014078803,-2.5489376282852767,0.0,-20.0,-20.0,110.0,-3.4923550827315846
272,2.72,-3.9863145618963265,-2.5896302382063876,2.8080674377800228,-0.37006734824640214,1.363077978752832,-2.558351615927656,0.0,-20.0,-20.0,110.0,-3.5100749519446635
273,2.73,-3.9974253755523725,-2.5938587054897138,2.7779500386544753,-0.3702912581536476,1.3630166193218425,-2.567765603090452,0.0,-20.0,-20.0,110.0,-3.527847443482878
274,2.74,-4.008536189208418,-2.59808717277304,2.747832639528928,-0.37051515787687506,1.3629552231166013,-2.577179589773397,0.0,-20.0,-20.0,110.0,-3.545674157695952
275,2.75,-4.019647002864464,-2.6023156400563656,2.7177152404033804,-0.3707390474100395,1.362893790138797,-2.5865935759762264,0.0,-20.0,-20.0,110.0,-3.5635566299282586
276,2.7600000000000002,-4.03075781652051,-2.6065441073396913,2.687597841277833,-0.3709629267470958,1.36283232039012,-2.5960075616986775,0.0,-20.0,-20.0,110.0,-3.5814963314809796
277,2.77,-4.041868630176556,-2.610772574623017,2.6574804421522855,-0.371186795881999,1.362770813872261,-2.6054215469404816,0.0,-20.0,-20.0,110.0,-3.5994946705873243
278,2.7800000000000002,-4.052979443832602,-2.6150010419063423,2.627363043026738,-0.37141065480870494,1.3627092705869148,-2.6148355317013796,0.0,-20.0,-20.0,110.0,-3.6175529934003516
279,2.79,-4.064090257488648,-2.6192295091896676,2.5972456439011906,-0.3716345035211688,1.3626476905357698,-2.624249515981095,0.0,-20.0,-20.0,110.0,-3.6356725849929794
280,2.8000000000000003,-4.075201071144694,-2.6234579764729924,2.567128244775643,-0.37185834201334683,1.362586073720522,-2.6336634997793684,0.0,-20.0,-20.0,110.0,-3.6538546703696113
281,2.81,-4.0863118848007405,-2.627686443756317,2.5370108456500957,-0.3720821702791958,1.3625244201428663,-2.6430774830959343,0.0,-20.0,-20.0,110.0,-3.672100415488911
282,2.82,-4.0974226984567865,-2.6319149110396416,2.5068934465245483,-0.3723059883126726,1.3624627298045002,-2.6524914659305234,0.0,-20.0,-20.0,110.0,-3.690410928297146
283,2.83,-4.108533512112833,-2.636143378322966,2.476776047399001,-0.37252979610773473,1.3624010027071194,-2.661905448282869,0.0,-20.0,-20.0,110.0,-3.708787259771446
284,2.84,-4.119644325768879,-2.6403718456062903,2.4466586482734534,-0.372753593658339,1.3623392388524227,-2.671319430152706,0.0,-20.0,-20.0,110.0,-3.7272304049724365
285,2.85,-4.130755139424925,-2.6446003128896143,2.416541249147906,-0.3729773809584425,1.3622774382421086,-2.6807334115397707,0.0,-20.0,-20.0,110.0,-3.7457413041055325
286,2.86,-4.141865953080971,-2.648828780172938,2.3864238500223585,-0.37320115800200326,1.3622156008778779,-2.6901473924437984,0.0,-20.0,-20.0,110.0,-3.7643208435902316
287,2.87,-4.152976766737017,-2.6530572474562617,2.356306450896811,-0.3734249247829801,1.3621537267614308,-2.6995613728645274,0.0,-20.0,-20.0,110.0,-3.782969857136703
288,2.88,-4.164087580393063,-2.657285714739585,2.3261890517712636,-0.37364868129533124,1.36209181589447,-2.70897535280169,0.0,-20.0,-20.0,110.0,-3.8016891268289696
289,2.89,-4.175198394049109,-2.6615141820229082,2.296071652645716,-0.3738724275330161,1.362029868278698,-2.7183893322550174,0.0,-20.0,-20.0,110.0,-3.8204793842138907
290,2.9,-4.186309207705155,-2.6657426493062313,2.2659542535201687,-0.37409616348999275,1.3619678839158196,-2.727803311224249,0.0,-20.0,-20.0,110.0,-3.839341311395237
291,2.91,-4.197420021361201,-2.6699711165895543,2.235836854394621,-0.3743198891602209,1.3619058628075393,-2.7372172897091267,0.0,-20.0,-20.0,110.0,-3.8582755421320334
292,2.92,-4.208530835017247,-2.674199583872877,2.2057194552690738,-0.37454360453765956,1.3618438049555635,-2.7466312677093856,0.0,-20.0,-20.0,110.0,-3.877282662940418
293,2.93,-4.219641648673293,-2.6784280511561995,2.1756020561435263,-0.37476730961626853,1.361781710361598,-2.75604524522476,0.0,-20.0,-20.0,110.0,-3.8963632141982045
294,2.94,-4.230752462329339,-2.6826565184395217,2.1454846570179784,-0.37499100439000915,1.3617195790273522,-2.7654592222549836,0.0,-20.0,-20.0,110.0,-3.9155176912513023
295,2.95,-4.241863275985385,-2.686884985722844,2.1153672578924305,-0.3752146888528411,1.3616574109545345,-2.774873198799787,0.0,-20.0,-20.0,110.0,-3.93474654552124
296,2.96,-4.252974089641431,-2.6911134530061656,2.0852498587668826,-0.37543836299872524,1.3615952061448544,-2.784287174858909,0.0,-20.0,-20.0,110.0,-3.9540501856129118
297,2.97,-4.264084903297477,-2.6953419202894873,2.0551324596413347,-0.3756620268216233,1.361532964600024,-2.7937011504320863,0.0,-20.0,-20.0,110.0,-3.973428978421739
298,2.98,-4.275195716953523,-2.699570387572809,2.025015060515787,-0.3758856803154956,1.3614706863217547,-2.803115125519054,0.0,-20.0,-20.0,110.0,-3.992883250239442
299,2.99,-4.286306530609569,-2.7037988548561303,1.9948976613902392,-0.37610932347430337,1.3614083713117588,-2.812529100119545,0.0,-20.0,-20.0,110.0,-4.012413287857568
300,3.0,-4.297417344265615,-2.7080273221394515,1.9647802622646915,-0.37633295629200875,1.3613460195717515,-2.8219430742332934,0.0,-20.0,-20.0,110.0,-4.0320193396679604
301,3.0100000000000002,-4.308528157921661,-2.7122557894227723,1.9346628631391438,-0.3765565787625746,1.3612836311034469,-2.831357047860038,0.0,-20.0,-20.0,110.0,-4.051701616759358
302,3.02,-4.3196389715777075,-2.716484256706093,1.9045454640135961,-0.3767801908799633,1.361221205908561,-2.8407710209995156,0.0,-20.0,-20.0,110.0,-4.071460294009317
303,3.0300000000000002,-4.3307497852337535,-2.7207127239894136,1.8744280648880485,-0.37700379263813694,1.3611587439888113,-2.8501849936514643,0.0,-20.0,-20.0,110.0,-4.0912955111706495
304,3.04,-4.3418605988898,-2.724941191272734,1.8443106657625008,-0.3772273840310595,1.3610962453459154,-2.8595989658156142,0.0,-20.0,-20.0,110.0,-4.111207373951588
305,3.0500000000000003,-4.352971412545846,-2.7291696585560543,1.8141932666369531,-0.37745096505269354,1.361033709981592,-2.869012937491704,0.0,-20.0,-20.0,110.0,-4.131195955088918
306,3.06,-4.364082226201892,-2.7333981258393742,1.7840758675114052,-0.377674535697003,1.3609711378975609,-2.8784269086794696,0.0,-20.0,-20.0,110.0,-4.151261295413281
307,3.0700000000000003,-4.375193039857938,-2.737626593122694,1.7539584683858576,-0.37789809595795193,1.3609085290955436,-2.8878408793786483,0.0,-20.0,-20.0,110.0,-4.171403404905953
308,3.08,-4.386303853513984,-2.7418550604060137,1.7238410692603097,-0.37812164582950436,1.3608458835772614,-2.897254849588974,0.0,-20.0,-20.0,110.0,-4.191622263746334
309,3.09,-4.39741466717003,-2.746083527689333,1.6937236701347618,-0.3783451853056243,1.3607832013444374,-2.9066688193101835,0.0,-20.0,-20.0,110.0,-4.211917823349448
310,3.1,-4.408525480826076,-2.750311994972652,1.6636062710092139,-0.378568714380277,1.3607204823987955,-2.916082788542014,0.0,-20.0,-20.0,110.0,-4.232290007392785
311,3.11,-4.419636294482122,-2.7545404622559713,1.633488871883666,-0.3787922330474273,1.3606577267420603,-2.925496757284201,0.0,-20.0,-20.0,110.0,-4.25273871283181
312,3.12,-4.430747108138168,-2.7587689295392903,1.603371472758118,-0.37901574130104004,1.3605949343759576,-2.934910725536478,0.0,-20.0,-20.0,110.0,-4.273263810903481
313,3.13,-4.441857921794214,-2.762997396822609,1.5732540736325702,-0.3792392391350821,1.3605321053022148,-2.9443246932985816,0.0,-20.0,-20.0,110.0,-4.293865148117198
314,3.14,-4.45296873545026,-2.7672258641059275,1.5431366745070223,-0.37946272654351865,1.3604692395225597,-2.9537386605702536,0.0,-20.0,-20.0,110.0,-4.314542547232562
315,3.15,-4.464079549106306,-2.7714543313892457,1.5130192753814744,-0.379686203520315,1.3604063370387205,-2.963152627351228,0.0,-20.0,-20.0,110.0,-4.335295808223384
316,3.16,-4.475190362762352,-2.775682798672564,1.4829018762559265,-0.37990967005943793,1.3603433978524273,-2.972566593641235,0.0,-20.0,-20.0,110.0,-4.356124709227431
317,3.17,-4.486301176418398,-2.7799112659558816,1.4527844771303786,-0.38013312615485606,1.3602804219654148,-2.981980559440024,0.0,-20.0,-20.0,110.0,-4.377029007481362
318,3.18,-4.497411990074444,-2.7841397332391993,1.4226670780048307,-0.38035657180053417,1.3602174093794075,-2.991394524747314,0.0,-20.0,-20.0,110.0,-4.398008440240428
319,3.19,-4.50852280373049,-2.788368200522517,1.3925496788792828,-0.38058000699044103,1.3601543600961419,-3.000808489562853,0.0,-20.0,-20.0,110.0,-4.4190627256823936
320,3.2,-4.519633617386536,-2.7925966678058343,1.362432279753735,-0.3808034317185444,1.3600912741173514,-3.0102224538863798,0.0,-20.0,-20.0,110.0,-4.440191563795401
321,3.21,-4.530744431042582,-2.7968251350891515,1.332314880628187,-0.38102684597881187,1.3600281514447714,-3.0196364177176305,0.0,-20.0,-20.0,110.0,-4.4613946372492235
322,3.22,-4.5418552446986284,-2.8010536023724684,1.3021974815026391,-0.38125024976521166,1.3599649920801373,-3.0290503810563414,0.0,-20.0,-20.0,110.0,-4.4826716122496855
323,3.23,-4.5529660583546745,-2.805282069655785,1.2720800823770912,-0.3814736430717117,1.3599017960251851,-3.038464343902244,0.0,-20.0,-20.0,110.0,-4.504022139375834
324,3.24,-4.5640768720107205,-2.8095105369391016,1.2419626832515434,-0.38169702589228083,1.3598385632816536,-3.047878306255077,0.0,-20.0,-20.0,110.0,-4.525445854399604
325,3.25,-4.575187685666767,-2.813739004222418,1.2118452841259955,-0.3819203982208883,1.3597752938512806,-3.057292268114582,0.0,-20.0,-20.0,110.0,-4.546942379087665
326,3.2600000000000002,-4.586298499322813,-2.8179674715057343,1.1817278850004476,-0.38214376005150447,1.3597119877358073,-3.0667062294804976,0.0,-20.0,-20.0,110.0,-4.568511321985286
327,3.27,-4.597409312978859,-2.8221959387890503,1.1516104858748997,-0.3823671113780985,1.359648644936973,-3.0761201903525612,0.0,-20.0,-20.0,110.0,-4.5901522791819085
328,3.2800000000000002,-4.608520126634905,-2.8264244060723662,1.1214930867493518,-0.3825904521946395,1.3595852654565197,-3.0855341507305054,0.0,-20.0,-20.0,110.0,-4.61186483505836
329,3.29,-4.619630940290951,-2.8306528733556817,1.0913756876238039,-0.38281378249509834,1.3595218492961905,-3.0949481106140646,0.0,-20.0,-20.0,110.0,-4.633648563015457
330,3.3000000000000003,-4.630741753946997,-2.834881340638997,1.061258288498256,-0.38303710227344634,1.3594583964577291,-3.1043620700029755,0.0,-20.0,-20.0,110.0,-4.65550302618393
331,3.31,-4.641852567603043,-2.8391098079223123,1.0311408893727079,-0.3832604115236535,1.3593949069428801,-3.1137760288969796,0.0,-20.0,-20.0,110.0,-4.677427778115581
332,3.3200000000000003,-4.652963381259089,-2.8433382752056273,1.0010234902471598,-0.38348371023969074,1.3593313807533893,-3.1231899872958135,0.0,-20.0,-20.0,110.0,-4.699422363455599
333,3.33,-4.664074194915135,-2.8475667424889424,0.9709060911216117,-0.38370699841552947,1.3592678178910027,-3.1326039451992145,0.0,-20.0,-20.0,110.0,-4.717372930519008
334,3.34,-4.675185008571181,-2.851795209772257,0.9407886919960637,-0.3839302760451421,1.3592042183574684,-3.142017902606924,0.0,-20.0,-20.0,110.0,-4.735310256820002
335,3.35,-4.686295822227227,-2.8560236770555716,0.9106712928705157,-0.38415354312250055,1.3591405821545353,-3.151431859518678,0.0,-20.0,-20.0,110.0,-4.753378709332502
336,3.36,-4.697406635883273,-2.8602521443388857,0.8805538937449677,-0.38437679964157717,1.3590769092839525,-3.1608458159342123,0.0,-20.0,-20.0,110.0,-4.771576866226048
337,3.37,-4.708517449539319,-2.8644806116222,0.8504364946194197,-0.3846000455963438,1.359013199747471,-3.1702597718532624,0.0,-20.0,-20.0,110.0,-4.789903313849282
338,3.38,-4.719628263195365,-2.8687090789055136,0.8203190954938716,-0.38482328098077356,1.3589494535468423,-3.1796737272755675,0.0,-20.0,-20.0,110.0,-4.808356647079965
339,3.39,-4.730739076851411,-2.8729375461888274,0.7902016963683235,-0.3850465057888396,1.358885670683819,-3.1890876822008667,0.0,-20.0,-20.0,110.0,-4.826935469659576
340,3.4,-4.741849890507457,-2.877166013472141,0.7600842972427754,-0.3852697200145157,1.3588218511601546,-3.1985016366288996,0.0,-20.0,-20.0,110.0,-4.845638394512534
341,3.41,-4.752960704163503,-2.8813944807554543,0.7299668981172273,-0.38549292365177584,1.3587579949776043,-3.2079155905594052,0.0,-20.0,-20.0,110.0,-4.864464044050187
342,3.42,-4.764071517819549,-2.8856229480387676,0.6998494989916791,-0.38571611669459366,1.3586941021379229,-3.217329543992119,0.0,-20.0,-20.0,110.0,-4.883411050459682
343,3.43,-4.7751823314755955,-2.8898514153220805,0.669732099866131,-0.3859392991369441,1.3586301726428676,-3.2267434969267796,0.0,-20.0,-20.0,110.0,-4.902478055977836
344,3.44,-4.7862931451316415,-2.8940798826053933,0.6396147007405829,-0.38616247097280254,1.3585662064941955,-3.2361574493631293,0.0,-20.0,-20.0,110.0,-4.921663713150234
345,3.45,-4.7974039587876876,-2.8983083498887057,0.6094973016150348,-0.38638563219614247,1.3585022036936651,-3.2455714013009027,0.0,-20.0,-20.0,110.0,-4.940966685075677
346,3.46,-4.808514772443734,-2.902536817172018,0.5793799024894867,-0.38660878280093924,1.3584381642430368,-3.2549853527398334,0.0,-20.0,-20.0,110.0,-4.960385645636216
347,3.47,-4.81962558609978,-2.9067652844553304,0.5492625033639386,-0.3868319227811685,1.3583740881440696,-3.2643993036796606,0.0,-20.0,-20.0,110.0,-4.979919279712964
348,3.48,-4.830736399755826,-2.9109937517386424,0.5191451042383904,-0.38705505213080615,1.3583099753985262,-3.2738132541201237,0.0,-20.0,-20.0,110.0,-4.999566283387913
349,3.49,-4.841847213411872,-2.9152222190219543,0.48902770511284227,-0.38727817084382765,1.3582458260081687,-3.2832272040609602,0.0,-20.0,-20.0,110.0,-4.893098669127536
350,3.5,-4.852698122375025,-2.9193843919030944,0.4730105313324724,-0.19063554002847702,0.9083485998653295,-3.2921697416036237,0.0,-20.0,-20.0,110.0,-4.357358401088341
351,3.5100000000000002,-4.863302600380091,-2.923497406591546,0.47345941971250227,0.20879936632732882,0.017121377988167,-3.307483309543608,0.0,-20.0,-20.0,110.0,-4.694752217838957
352,3.52,-4.873962732195682,-2.9276525204541053,0.4779557024480896,0.7218404895213715,-1.0896146478981525,-3.1326341116271004,0.0,-20.0,-20.0,110.0,-4.828342544129797
353,3.5300000000000002,-4.884645817042063,-2.9318223412206375,0.4832136010415753,1.268373955326765,-2.2757470244136186,-2.87253329913722,0.0,-20.0,-20.0,110.0,-4.855820703265318
354,3.54,-4.895355282488388,-2.936002390303795,0.4882686099996603,1.8079173507448925,-3.4783396455168814,-2.6022408571086078,0.0,-20.0,-20.0,110.0,-4.862506094022059
355,3.5500000000000003,-4.90605289620266,-2.9401767746867034,0.49309428450212056,2.3362630725062434,-4.686296120232761,-2.3428403611927435,0.0,-20.0,-20.0,110.0,-4.8733562678390125
356,3.56,-4.916747070453152,-2.9443496300932672,0.49787887272288206,2.853809250954692,-5.899431246961468,-2.094066981701128,0.0,-20.0,-20.0,110.0,-4.884427220356356
357,3.5700000000000003,-4.927436930081575,-2.948520593785352,0.5026224726439644,3.3609447061668094,-7.11756596020899,-1.8557198258873346,0.0,-20.0,-20.0,110.0,-4.895714463294312
358,3.58,-4.938121603727437,-2.952689309787028,0.5073252034990947,3.858070674615705,-8.340523051669278,-1.6276766022680202,0.0,-20.0,-20.0,110.0,-4.907218299270879
359,3.59,-4.948800222847801,-2.9568554319604017,0.5119872057387225,4.345581777904862,-9.568132943617615,-1.4097792531446942,0.0,-20.0,-20.0,110.0,-4.918940115430573
360,3.6,-4.959471922223965,-2.9610186097805684,0.5166086414047716,4.823863366708413,-10.800233169021617,-1.2018607166654722,0.0,-20.0,-20.0,110.0,-4.930879163499723
361,3.61,-4.970135840270907,-2.965178493535781,0.521189693977887,5.293294125127738,-12.036667581882751,-1.0037608585785154,0.0,-20.0,-20.0,110.0,-4.943034347784912
362,3.62,-4.98079111951943,-2.969334735069246,0.5257305682537872,5.754247590076177,-13.27728585790902,-0.8153319777529103,0.0,-20.0,-20.0,110.0,-4.955404373996954
363,3.63,-4.9914369070637825,-2.9734869880708015,0.5302314902297401,6.207093367413135,-14.521943092662237,-0.6364412526488069,0.0,-20.0,-20.0,110.0,-4.9679878023036625
364,3.64,-5.002072355008891,-2.977634908275236,0.5346927069863774,6.6521982608246235,-15.770499448117645,-0.46697194652209034,0.0,-20.0,-20.0,110.0,-4.980783049498541
365,3.65,-5.01269662091009,-2.981778153696718,0.5391144865553688,7.089927351569928,-17.022819845107772,-0.3068240837856169,0.0,-20.0,-20.0,110.0,-4.993788412596877
366,3.66,-5.023308868167188,-2.9859163847479073,0.5434971178031262,7.5206451387852855,-18.27877364516004,-0.15591510409339254,0.0,-20.0,-20.0,110.0,-5.007002049671271
367,3.67,-5.033908266502966,-2.990049264457037,0.5478409102727841,7.9447167688920795,-19.53823429843759,-0.01418069246194863,0.0,-20.0,-20.0,110.0,-5.020421978633506
368,3.68,-5.044493992358285,-2.994176458642124,0.5521461940375967,8.362509509455991,-20.801079041457363,0.11842419612903574,0.0,-20.0,-20.0,110.0,-5.034046119534484
369,3.69,-5.055065229375585,-2.99829763611541,0.5564133195140394,8.77439414341605,-22.067188662299184,0.2419247624335941,0.0,-20.0,-20.0,110.0,-5.047872280193802
370,3.7,-5.065621168844743,-3.0024124688922433,0.5606426572676202,9.180746392868109,-23.336447271333,0.3563257148801189,0.0,-20.0,-20.0,110.0,-5.061898165798526
371,3.71,-5.076161010130034,-3.00652063234525,0.5648345978195735,9.581948485202995,-24.608742067541176,0.46161038080248107,0.0,-20.0,-20.0,110.0,-5.076121372945763
372,3.72,-5.086683961094505,-3.0106218053739773,0.5689895514403972,9.978390869506846,-25.883963104635697,0.557739611408724,0.0,-20.0,-20.0,110.0,-5.090539389853173
373,3.73,-5.097189238519146,-3.014715670573271,0.573107947933079,10.370474103767316,-27.162003056921574,0.6446504741064328,0.0,-20.0,-20.0,110.0,-5.1051495970652985
374,3.74,-5.107676068516976,-3.01880191440001,0.5771902364060826,10.758610939163288,-28.442756983792506,0.7222547132597249,0.0,-20.0,-20.0,110.0,-5.119949268450602
375,3.75,-5.118143686942013,-3.0228802273379816,0.5812368850361871,11.143228633154346,-29.72612209118115,0.7904369520556759,0.0,-20.0,-20.0,110.0,-5.1349355723980565
376,3.7600000000000002,-5.12859133979301,-3.0269503040607804,0.5852483808212755,11.524771528932991,-31.01199748792833,0.84905260097093,0.0,-20.0,-20.0,110.0,-5.150105573170487
377,3.77,-5.139018283611774,-3.0310118435926126,0.5892252293231907,11.903703945561817,-32.30028393472831,0.8979254308821112,0.0,-20.0,-20.0,110.0,-5.165456232391141
378,3.7800000000000002,-5.149423785875909,-3.035064549466914,0.5931679544007794,12.280513431208675,-33.59088358296991,0.9368447603401407,0.0,-20.0,-20.0,110.0,-5.18098441064754
379,3.79,-5.159807125385753,-3.039108129882669,0.5970770979332666,12.655714441718434,-34.883699700380504,0.9655621963802506,0.0,-20.0,-20.0,110.0,-5.196686869200043
380,3.8000000000000003,-5.170167592645335,-3.0431422978583305,0.6009532195341027,13.029852518762537,-36.17863637986575,0.9837878559786207,0.0,-20.0,-20.0,110.0,-5.212560271784841
381,3.81,-5.180504490237129,-3.0471667713832424,0.60479689625544,13.40350905651879,-37.475598227295045,0.991185980349866,0.0,-20.0,-20.0,110.0,-5.22860118650302
382,3.8200000000000003,-5.190817133190423,-3.051181273566476,0.608608722283393,13.77730676392494,-38.77449002318583,0.987369836029357,0.0,-20.0,-20.0,110.0,-5.244806087789223
383,3.83,-5.201104849341533,-3.055185532732708,0.6123893086442731,14.151916107186452,-40.07521627213495,0.9718954427643369,0.0,-16.985387802124023,-20.0,110.0,-5.2611713267406595
384,3.84,-5.211366979687623,-3.059179282301548,0.6161392829848176,14.52806411743548,-41.37768021350326,0.9442519926469426,0.0,-7.584148049354553,-20.0,110.0,-5.277693003603353
385,3.85,-5.221602878819523,-3.0631622606604276,0.6198592892748843,14.906547183649622,-42.68178222439121,0.9038476097410101,0.0,2.126123309135437,-20.0,110.0,-5.2943669097772466
386,3.86,-5.231811915829607,-3.0671342112488347,0.623549987026021,15.28825608179712,-43.987415629798924,0.8499789954337766,0.0,12.102527618408203,-20.0,110.0,-5.311188801115996
387,3.87,-5.241993472274855,-3.0710948889449217,0.6272120504808154,15.674144889558463,-45.29447921332646,0.7818903969607311,0.0,20.0,-20.0,110.0,-5.328155922842721
388,3.88,-5.2521469450808675,-3.0750440525036478,0.6308461691869603,16.06524207506578,-46.602874288596155,0.6987485878065776,0.0,20.0,-20.0,110.0,-5.345265345742366
389,3.89,-5.26227174620639,-3.0789814626523766,0.6344530486825485,16.462691288121214,-47.91249782267752,0.5995930165603018,0.0,20.0,-20.0,110.0,-5.362511994760617
390,3.9,-5.272367302866191,-3.082906887826702,0.6380334082955643,16.86777898085227,-49.223239709803025,0.483308998715229,0.0,20.0,-20.0,110.0,-5.379891414734091
391,3.91,-5.28243305762245,-3.086820103206448,0.6415879812857358,17.28195270752722,-50.534982974258966,0.34861202775330463,0.0,20.0,-20.0,110.0,-5.397399238339196
392,3.92,-5.292468468724205,-3.0907208905705503,0.6451175145184528,17.70684637369299,-51.8476031385104,0.1940238149111845,0.0,20.0,-20.0,110.0,-5.415031090161204
393,3.93,-5.302473010419645,-3.0946090383255545,0.6486227680809226,18.14431249474731,-53.160966998984435,0.01784070420108957,0.0,20.0,-20.0,110.0,-5.432782554912651
394,3.94,-5.312446173248113,-3.0984843415800616,0.6521045148822054,18.59646235544813,-54.474930904252616,-0.1819061009514054,0.0,20.0,-20.0,110.0,-5.450649164517688
395,3.95,-5.322387464317019,-3.102346602235018,0.65556354024443,19.065715713238177,-55.78933852690851,-0.4074999926507663,0.0,20.0,-20.0,110.0,-5.468626392918923
396,3.96,-5.3322964075659405,-3.1061956290795703,0.6590006414875758,19.554862427991896,-57.10401805375054,-0.6616004058670314,0.0,20.0,-20.0,110.0,-5.486709654855417
397,3.97,-5.34217254401938,-3.1100312378882946,0.662416627508377,20.067139273173,-58.41877866328365,-0.9473194769032284,0.0,20.0,-20.0,110.0,-5.504894306977958
398,3.98,-5.3520154320291775,-3.1138532515175577,0.6658123183533953,20.60632632667717,-59.73340609761058,-1.2683182934093824,0.0,20.0,-20.0,110.0,-5.523175650320712
399,3.99,-5.361824647507214,-3.117661499999519,0.6691885447862964,21.176868903005893,-61.04765705616994,-1.6289286900519542,0.0,20.0,-20.0,110.0,-5.541548933456027
400,4.0,-5.37159978414874,-3.121455820632812,0.6725461478494535,21.784033168097928,-62.36125203060755,-2.034308729196909,0.0,20.0,-20.0,110.0,-5.560009355901822
401,4.01,-5.38134045364641,-3.12523605806936,0.6758859784200518,22.434106660801813,-63.673866048448275,-2.490643091149209,0.0,20.0,-20.0,110.0,-5.578552071549643
402,4.0200000000000005,-5.391046285895,-3.1290020643970986,0.6792088967609144,23.134659364862515,-64.98511657543321,-3.0054040191237026,0.0,20.0,-20.0,110.0,-5.597172192020852
403,4.03,-5.400716929186662,-3.1327536992185245,0.6825157720662932,23.894887400391152,-66.29454750682555,-3.5876948890942666,0.0,20.0,-20.0,110.0,-5.615864789938782
404,4.04,-5.410352050396584,-3.136490829725091,0.6858074820028801,24.72607087407225,-67.60160770017319,-4.248707944545057,0.0,20.0,-20.0,110.0,-5.634624902139787
405,4.05,-5.4199513351589035,-3.1402133307674727,0.6890849122463067,25.642191581713316,-68.90562177452165,-5.002341890101618,0.0,20.0,-20.0,110.0,-5.653447532853736
406,4.0600000000000005,-5.429514488032741,-3.1439210849217134,0.6923489560133966,26.66077770707047,-70.20574977301452,-5.866046488065478,0.0,20.0,-20.0,110.0,-5.672327656879086
407,4.07,-5.439041232658245,-3.1476139825512686,0.6956005135904291,27.804075607010034,-71.50093050309682,-6.86199424784277,0.0,20.0,-20.0,110.0,-5.691260222768615
408,4.08,-5.448531311902568,-3.1512919218649174,0.698840491857672,29.10069999582794,-72.78980049480802,-8.01873052094682,0.0,20.0,-20.0,110.0,-5.710240156033752
409,4.09,-5.457984487995666,-3.154954808970532,0.7020698038104392,30.587994232356625,-74.07057578957068,-9.373533705044512,0.0,20.0,-20.0,110.0,-5.729262362369791
410,4.1,-5.467400542655885,-3.158602557924675,0.7052893680769232,32.31545904655217,-75.34087583230742,-10.9758438935846,0.0,20.0,-20.0,110.0,-5.748321730901023
411,4.11,-5.476779277205234,-3.162235090777999,0.7085001084330591,34.34980589954696,-76.59745514931838,-12.8923161648548,0.0,20.0,-20.0,110.0,-5.767413137443403
412,4.12,-5.486120512674315,-3.165852337616422,0.7117029533146731,36.78248994202285,-77.83578487082718,-15.214353475198768,0.0,20.0,-20.0,110.0,-5.7865314477818455
413,4.13,-5.495424089896836,-3.169454236598063,0.7148988353271738,39.74098533330752,-79.04938483188094,-18.069381918686695,0.0,20.0,-20.0,110.0,-5.805671520959324
414,4.14,-5.504689869593664,-3.1730407339859057,0.7180886907530428,43.40545430730638,-80.22873573640646,-21.637519739255286,0.0,20.0,-20.0,110.0,-5.824828212575032
415,4.15,-5.513917732446384,-3.1766117841761887,0.7212734590573848,48.032143628130676,-81.35948598011376,-26.174973738090298,0.0,20.0,-20.0,110.0,-5.843996378089131
416,4.16,-5.523107579160309,-3.180167349722491,0.7244540823917983,53.98118519862505,-82.41952177547843,-32.04183983937998,0.0,20.0,-20.0,110.0,-5.863170876131596
417,4.17,-5.532259330516914,-3.1837074013555138,0.7276315050968281,61.731171285113966,-83.37446229765631,-39.716678277692644,0.0,20.0,-20.0,110.0,-5.8823465718127705
418,4.18,-5.5413729274156776,-3.187231917998541,0.7308066732032621,71.81710116632938,-84.1720480868211,-49.73446021488449,0.0,20.0,-20.0,110.0,-5.901518340033248
419,4.19,-5.550448330905284,-3.1907408867785714,0.7339805339325369,84.54788106133918,-84.7398368359936,-62.404067641314015,0.0,20.0,-20.0,110.0,-5.920681068790579
420,4.2,-5.559485522204204,-3.1942343030331206,0.7371540351965141,99.42038531253061,-84.99859208127204,-77.222354537381,0.0,20.0,-20.0,110.0,-5.939829662480422
421,4.21,-5.568484502710603,-3.1977121703126845,0.7403281250968927,114.77196090605362,-84.90074717076106,-92.52665137777399,0.0,20.0,-20.0,110.0,-5.958959045189581
422,4.22,-5.57744529400161,-3.2011745003788645,0.7435037514245216,128.61418700904417,-84.46494036280339,-106.32852465773345,0.0,20.0,-20.0,110.0,-5.97806416397841
423,4.23,-5.586367937821919,-3.20462131319816,0.7466818611588759,139.89420459281112,-83.76141952625639,-117.57510651051541,0.0,20.0,-20.0,110.0,-5.997139992150095
424,4.24,-5.595252496061747,-3.2080526369314217,0.749863399967963,148.62888186308305,-82.86885099824491,-126.28326013716033,0.0,20.0,-20.0,110.0,-6.01618153250421
425,4.25,-5.604099050724146,-3.2114685079189838,0.7530493117089204,155.30400658023962,-81.84901207335416,-132.93877213151953,0.0,20.0,-20.0,110.0,-6.035183820571998
426,4.26,-5.612907703881703,-3.2148689706614713,0.7562405379295704,160.44096389239357,-80.74381409830936,-138.0630303234363,0.0,20.0,-20.0,110.0,-6.054141927830857
427,4.2700000000000005,-5.621678577622629,-3.218254077796301,0.759438017371194,164.45501661541888,-79.58034741212644,-142.07130407422775,0.0,20.0,-20.0,110.0,-6.073050964895434
428,4.28,-5.630411813986293,-3.221623890069884,0.7626426854727876,167.64691554841693,-78.37607969353868,-145.2643546130177,0.0,20.0,-20.0,110.0,-6.0919060846828055
429,4.29,-5.639107574888206,-3.224978476305547,0.7658554738770632,170.22856795660155,-77.14247088474472,-147.85410354597556,0.0,20.0,-20.0,110.0,-6.110702485549206
430,4.3,-5.647766042034516,-3.228317913367186,0.7690773099384536,172.34925054763264,-75.88722712442521,-149.9898458645764,0.0,20.0,-20.0,110.0,-6.1294354143958
431,4.3100000000000005,-5.656387416826052,-3.2316422861186753,0.7723091162333825,174.11530476763554,-74.61566867611998,-151.77794527921935,0.0,20.0,-20.0,110.0,-6.148100169741001
432,4.32,-5.664971920251963,-3.2349516873790534,0.7755518100730571,175.60368204852747,-73.33156395504604,-153.29537950994012,0.0,20.0,-20.0,110.0,-6.166692104756871
433,4.33,-5.673519792773016,-3.2382462178735034,0.7788063030190423,176.87101840433405,-72.03764696329714,-154.59881493202843,0.0,20.0,-20.0,110.0,-6.1852066302671735
434,4.34,-5.682031294194609,-3.2415259861801626,0.7820735004018705,177.9597026281792,-70.73594552115392,-155.73067482837658,0.0,20.0,-20.0,110.0,-6.203639217704687
435,4.3500000000000005,-5.690506703529573,-3.2447911086727825,0.785354300842942,178.90196970703317,-69.42799440950458,-156.7232328658053,0.0,20.0,-20.0,110.0,-6.221985402025414
436,4.36,-5.698946318850823,-3.248041709459272,0.788649595779969,179.7226992939672,-68.11497699002062,-157.60141163528723,0.0,20.0,-20.0,110.0,-6.240240784577362
437,4.37,-5.70735045713395,-3.2512779203161584,0.7919602689962129,-179.5586418232056,-66.79782137296915,-158.38472519514266,0.0,20.0,-20.0,110.0,-6.258401035921665
438,4.38,-5.715719454089825,-3.254499880618995,0.7952871961537636,-178.92663021649597,-65.47726705920873,-159.08864865782334,0.0,20.0,-20.0,110.0,-6.276461898603781
439,4.39,-5.724053663987318,-3.25770773726876,0.7986312443311087,-178.36890537459627,-64.15391199679736,-159.72559872142753,0.0,20.0,-20.0,110.0,-6.294419189872669
440,4.4,-5.7323534594662044,-3.2609016446142776,0.8019932715652335,-177.87545742168444,-62.82824638833997,-160.30564604654046,0.0,20.0,-20.0,110.0,-6.312268804345762
441,4.41,-5.740619231340381,-3.2640817643707076,0.8053741263984984,-177.43810242500888,-61.500677369946075,-160.83704005183262,0.0,20.0,-20.0,110.0,-6.330006716617797
442,4.42,-5.748851388391477,-3.267248265534144,0.8087746474305281,-177.05009082143738,-60.171547293378815,-161.32660059852327,0.0,20.0,-20.0,110.0,-6.347628983811431
443,4.43,-5.757050357152982,-3.2704013242923717,0.8121956628753528,-176.70581161017574,-58.8411474546358,-161.78001391681548,0.0,20.0,-20.0,110.0,-6.365131748067792
444,4.44,-5.765216581684991,-3.2735411239318197,0.8156379901240342,-176.40056633773025,-57.509728533639205,-162.20205874856302,0.0,20.0,-20.0,110.0,-6.382511238975116
445,4.45,-5.773350523339705,-3.2766678547407713,0.8191024353130048,-176.130394570322,-56.17750862632083,-162.5967810113235,0.0,20.0,-20.0,110.0,-6.399763775933682
446,4.46,-5.781452660517789,-3.2797817139088723,0.8225897928983542,-175.89193778808428,-54.84467949216488,-162.96763004985266,0.0,20.0,-20.0,110.0,-6.416885770455374
447,4.47,-5.789523488415735,-3.2828829054229973,0.8261008452362807,-175.68233226149943,-53.51141146368733,-163.31756591499774,0.0,20.0,-20.0,110.0,-6.433873728396203
448,4.48,-5.797563518764353,-3.285971639959525,0.8296363621699345,-175.49912401188118,-52.177857341839236,-163.64914456862968,0.0,20.0,-20.0,110.0,-6.450724252120308
449,4.49,-5.805573279558522,-3.289048134773082,0.8331971006228679,-175.34020076017856,-50.844155515215405,-163.96458611081158,0.0,20.0,-20.0,110.0,-6.4674340425938786
450,4.5,-5.813553314778367,-3.292112613581812,0.8367838041993091,-175.2037370613782,-49.51043247965959,-164.26582983243662,0.0,20.0,-20.0,110.0,-6.483999901407642
451,4.51,-5.821504184101983,-3.29516530644923,0.8403972027914696,-175.0881497593383,-48.17680489071685,-164.55457895904408,0.0,20.0,-20.0,110.0,-6.500418732726581
452,4.5200000000000005,-5.829426462609875,-3.2982064496627297,0.8440380121940924,-174.9920615836764,-46.843381249246285,-164.83233726477187,0.0,20.0,-20.0,110.0,-6.516687545165609
453,4.53,-5.837320740481255,-3.3012362856087996,0.8477069337264455,-174.91427121830418,-45.51026329686473,-165.1004392274717,0.0,20.0,-20.0,110.0,-6.532803453589994
454,4.54,-5.845187622682383,-3.3042550626450216,0.85140465386196,-174.8537285503603,-44.1775471803313,-165.36007501689568,0.0,20.0,-20.0,110.0,-6.5487636808394845
455,4.55,-5.8530277286470795,-3.307263034968914,0.855131843865707,-174.80951409376783,-42.84532443081917,-165.61231132243358,0.0,20.0,-20.0,110.0,-6.564565559374954
456,4.5600000000000005,-5.860841691949607,-3.3102604624836927,0.8588891594399073,-174.78082179834811,-41.513682794070824,-165.85810881021882,0.0,20.0,-20.0,110.0,-6.580206532846713
457,4.57,-5.8686301599700865,-3.313247610661016,0.8626772403776595,-174.7669446212172,-40.18270693984881,-166.09833683367785,0.0,20.0,-20.0,110.0,-6.595684157583455
458,4.58,-5.876393793552619,-3.3162247504007922,0.8664967102250684,-174.76726236496887,-38.852479073271816,-166.33378589387203,0.0,20.0,-20.0,110.0,-6.610996104001016
459,4.59,-5.884133266656301,-3.3191921578881187,0.8703481759519551,-174.78123138632913,-37.5230794661227,-166.56517824685463,0.0,20.0,-20.0,110.0,-6.6261401579301165
460,4.6000000000000005,-5.891849265999303,-3.32215011444743,0.8742322276313198,-174.8083758564605,-36.1945869227102,-166.79317697783137,0.0,20.0,-20.0,110.0,-6.641114221862331
461,4.61,-5.899542490696227,-3.325098906393932,0.8781494381277276,-174.84828031503451,-34.86707919212077,-167.0183938010351,0.0,20.0,-20.0,110.0,-6.6559163161135695
462,4.62,-5.907213651888901,-3.3280388248824027,0.8821003627947831,-174.9005833084049,-33.540633336534334,-167.24139579607694,0.0,20.0,-20.0,110.0,-6.670544579904414
463,4.63,-5.914863472370834,-3.3309701657534316,0.886085539181851,-174.96497194057838,-32.215326063565186,-167.46271125323946,0.0,20.0,-20.0,110.0,-6.684997272356685
464,4.64,-5.922492686205515,-3.3338932293771917,0.8901054867501801,-175.04117719638313,-30.89123402922675,-167.68283476955082,0.0,20.0,-20.0,110.0,-6.699272773405687
465,4.65,-5.9301020383387515,-3.3368083204948134,0.8941607065985786,-175.1289699209319,-29.568434117030463,-167.90223171285612,0.0,20.0,-20.0,110.0,-6.7133695846275625
466,4.66,-5.937692284205276,-3.3397157480574537,0.8982516811987876,-175.22815735944803,-28.247003697855767,-168.12134215121384,0.0,20.0,-20.0,110.0,-6.727286329981298
467,4.67,-5.945264189329801,-3.342615825063142,0.9023788741406907,-175.3385801777517,-26.92702087452656,-168.3405843288026,0.0,20.0,-20.0,110.0,-6.741021756464901
468,4.68,-5.9528185289227515,-3.3455088683914864,0.9065427298874947,-175.46010989695225,-25.608564714463608,-168.560357756363,0.0,20.0,-20.0,110.0,-6.754574734685367
469,4.69,-5.960356087470882,-3.3483951986363305,0.9107436735410117,-175.59264668676127,-24.291715473326317,-168.7810459734271,0.0,20.0,-20.0,110.0,-6.767944259341976
470,4.7,-5.967877658322995,-3.3512751399364533,0.9149821106171654,-175.73611747079337,-22.976554812189384,-169.0030190307326,0.0,20.0,-20.0,110.0,-6.781129449622691
471,4.71,-5.975384043270973,-3.35414901980439,0.9192584268318411,-175.89047430463089,-21.663166010503947,-169.22663573391418,0.0,20.0,-20.0,110.0,-6.794129549513206
472,4.72,-5.9828760521263655,-3.3570171689534773,0.9235729878971908,-176.0556929935834,-20.351634176855548,-169.4522456835152,0.0,20.0,-20.0,110.0,-6.806943928018514
473,4.73,-5.990354502292726,-3.359879921123204,0.9279261393285038,-176.23177192220933,-19.042046459342732,-169.68019114133858,0.0,20.0,-20.0,110.0,-6.819572079296625
474,4.74,-5.997820218333948,-3.362737612902967,0.9323182062617417,-176.4187310719683,-17.734492257251723,-169.91080874896778,0.0,20.0,-20.0,110.0,-6.832013622704342
475,4.75,-6.005274031538823,-3.3655905835543183,0.9367494932818361,-176.6166112069911,-16.4290634355882,-170.14443112078845,0.0,20.0,-20.0,110.0,-6.844268302754864
476,4.76,-6.012716779482032,-3.368439174831805,0.9412202842618399,-176.82547321100702,-15.125854543941337,-170.38138833090647,0.0,20.0,-20.0,110.0,-6.856335988987158
477,4.7700000000000005,-6.020149305581838,-3.3712837308024906,0.9457308422130147,-177.04539756105603,-13.82496304109406,-170.62200931089282,0.0,20.0,-20.0,110.0,-6.868216675746988
478,4.78,-6.027572458654677,-3.3741245976642547,0.9502814091459375,-177.27648392581156,-12.526489526753295,-170.86662317320526,0.0,20.0,-20.0,110.0,-6.879910481879607
479,4.79,-6.034987092466902,-3.3769621235629685,0.9548722059426948,-177.5188508782171,-11.23053798175236,-171.1155604733822,0.0,20.0,-20.0,110.0,-6.891417650334147
480,4.8,-6.042394065280138,-3.379796658405286,0.9595034322395664,-177.77263571866987,-9.937216013824655,-171.36915441129597,0.0,20.0,-19.627622365951538,110.0,-6.902738547768018
481,4.8100000000000005,-6.049794239397319,-3.3826285536743645,0.9641752663214527,-178.03799438983046,-8.646635123819213,-171.62774198559154,0.0,20.0,-19.179049730300903,110.0,-6.913873662072348
482,4.82,-6.057188480718946,-3.3854581622540243,0.9688878650309771,-178.31510147508928,-7.358910982085587,-171.89166516748435,0.0,20.0,-18.70085477828979,110.0,-6.924823605408466
483,4.83,-6.06457765828131,-3.388285838238046,0.9736413636836758,-178.60415029396037,-6.074163713229442,-172.16127204516584,0.0,20.0,-18.19217801094055,110.0,-6.93558911728451
484,4.84,-6.071962643740842,-3.391111936690332,0.9784358759837786,-178.9053530321322,-4.792518258933778,-172.43691811600152,0.0,20.0,-17.652748823165894,110.0,-6.946171018064789
485,4.8500000000000005,-6.079344311278698,-3.3939368137734984,0.9832714940325715,-179.21894116805674,-3.5141045048622166,-172.71896696776562,0.0,20.0,-17.08322048187256,110.0,-6.956570323108372
486,4.86,-6.086723536294145,-3.3967608258379896,0.9881482881284542,-179.54516564258614,-2.239057836227241,-173.00779168594377,0.0,20.0,-16.485354900360107,110.0,-6.966788142837789
487,4.87,-6.094101195849225,-3.3995843300076136,0.9930663068904817,-179.88429734996694,-0.9675193739849066,-173.3037757613412,0.0,20.0,-15.86192488670349,110.0,-6.97682569735973
488,4.88,-6.101478167480554,-3.402407683400504,0.998025577143605,179.76337244101182,0.3003635699033302,-173.6073139585411,0.0,20.0,-15.216327905654905,110.0,-6.986684191540688
489,4.89,-6.108855329794821,-3.4052312437763494,1.0030261039626998,179.39753153053434,1.5644371515041364,-173.91881408385024,0.0,20.0,-14.552139043807983,110.0,-6.997281253075235
490,4.9,-6.116230563730567,-3.4080539252271453,1.0079862300858722,179.01782100797274,2.824519799349858,-174.23869794077248,261.4650573730469,20.0,-13.872491121292114,109.99893379211426,-7.054234692639988
491,4.91,-6.123595318898561,-3.4108717858238533,1.0127384826576127,178.62383270900816,4.080403321861566,-174.56740256175362,536.8499755859375,20.0,-13.229535818099974,109.9967451095581,-7.106572993820318
492,4.92,-6.130933626124714,-3.4136778623572446,1.0171144985258758,178.21513461861778,5.331875331118894,-174.90538161030756,802.7825927734375,20.0,-12.630354166030884,109.9934720993042,-7.149230664024445
493,4.93,-6.138222814697484,-3.4164624796298333,1.0209521758381301,177.79127284566556,6.578719511445814,-175.25310658446784,1060.544189453125,20.0,-12.07618236541748,109.98914813995361,-7.181972419366469
494,4.94,-6.145433850030886,-3.4192133846508264,1.0240952831618249,177.35177094752393,7.820714034138767,-175.61106802694303,1310.838134765625,20.0,-11.567721366882324,109.98380279541016,-7.204365922496675
495,4.95,-6.152531637785659,-3.421915867572088,1.0263933688081945,176.89612902838462,9.057630250827986,-175.97977677070867,1553.9407958984375,20.0,-11.105473041534424,109.97746658325195,-7.2158298388372275
496,4.96,-6.1594753409410945,-3.4245528879848437,1.0277018746671691,176.42382269216347,10.289231564693429,-176.35976521319157,1789.8521728515625,20.0,-10.68992257118225,109.9701681137085,-7.215678509208015
497,4.97,-6.166218714890302,-3.427105208451489,1.0278823529003205,175.93430191584193,11.515272361533354,-176.7515886137161,2018.4669189453125,20.0,-10.321292877197266,109.96193790435791,-7.203156493949535
498,4.98,-6.172713000070692,-3.4295526032120915,1.0268147875314821,175.42699370889633,12.735498992661723,-177.1558265275581,2200.0,20.0,-9.99959409236908,109.9529676437378,-7.170870089603072
499,4.99,-6.1789200316941795,-3.4318793450280856,1.0244504135605421,174.901317563032,13.949657228584947,-177.5730846997817,2200.0,20.0,-9.714874625205994,109.94399738311768,-7.097519293779782
500,5.0,-6.184812116753462,-3.4340741181965666,1.0207967716733912,174.35667931130808,15.157488085207255,-178.0039961638145,2200.0,20.0,-9.425104260444641,109.93502712249756,-7.019112541994073
501,5.01,-6.190361931432102,-3.436125746738357,1.0158620407995276,173.79245224107936,16.35871751933716,-178.44922182368182,2200.0,20.0,-9.128506779670715,109.92605686187744,-6.976646146317563
502,5.0200000000000005,-6.195542337603564,-3.43802312077223,1.0096550759256167,173.2079757946647,17.553055748697922,-178.90945190583062,2200.0,20.0,-8.822930455207825,109.91708660125732,-7.020099721875878
503,5.03,-6.20032639694752,-3.4397552023797973,1.0021854033766269,172.60255426911868,18.740196496074148,-179.38540742172222,2200.0,20.0,-8.505797982215881,109.9081163406372,-7.058283498892576
504,5.04,-6.204687384972255,-3.4413110314321775,0.9934632157726614,171.97545553636164,19.919816115603837,-179.87784162325414,2200.0,20.0,-8.17409098148346,109.89914608001709,-7.088663645145428
505,5.05,-6.208598804932295,-3.442679731375169,0.9834993666606233,171.32590979427223,21.091572600493834,179.61245856653812,2200.0,20.0,-7.824309468269347,109.89017581939697,-7.113017609580217
506,5.0600000000000005,-6.21203440163149,-3.4438505149702867,0.9723053648210225,170.65310835910975,22.25510448574858,179.0846711661262,2200.0,20.0,-7.452505230903625,109.88120555877686,-7.132464653470254
507,5.07,-6.214968175102802,-3.4448126899894826,0.9598933682516929,169.9562025148396,23.410029660363666,178.5379378128931,2200.0,20.0,-7.054482102394104,109.87223529815674,-7.1471931097657055
508,5.08,-6.217374394156762,-3.4455556648616286,0.9462761778314547,169.2343024425028,24.555944098879333,177.97136253111844,2200.0,20.0,-6.62604033946991,109.86326503753662,-7.157392524156765
509,5.09,-6.21922760979097,-3.4460689542690455,0.93146723066763,168.48647626115826,25.692420516609477,177.3840106222386,2200.0,20.0,-6.163349747657776,109.8542947769165,-7.1632503307775295
510,5.1000000000000005,-6.22050266845324,-3.4463421846924387,0.9154805931318327,167.71174922058506,26.81900694830336,176.7749077162687,2200.0,20.0,-5.663239359855652,109.84532451629639,-7.164949527225072
511,5.11,-6.221174725151313,-3.446365099902755,0.8983309535885422,166.90910309308066,27.935225252416803,176.14303903034224,2200.0,20.0,-5.123490691184998,109.83635425567627,-7.162667170836761
512,5.12,-6.221219256404327,-3.446127566399171,0.8800336148205993,166.07747578289795,29.040569650581283,175.48734885739498,2200.0,20.0,-4.542859196662903,109.82738399505615,-7.156573587367624
513,5.13,-6.220612073014982,-3.445619578789453,0.860604486184065,165.21576125503012,30.134505180165405,174.80674036864363,2200.0,20.0,-3.9210540056228633,109.81841373443604,-7.146831620744634
514,5.14,-6.219329332720478,-3.4448312651286175,0.8400600754531509,164.32280963803447,31.21646673682264,174.10007558614956,2200.0,20.0,-3.2583779096603394,109.80944347381592,-7.133596958027644
515,5.15,-6.217347552600743,-3.443752892196693,0.8184174804736296,163.39742797100854,32.285857488590764,173.36617593617623,2200.0,20.0,-2.555299401283264,109.8004732131958,-7.117017642153144
516,5.16,-6.214643621350543,-3.4423748707243593,0.7956943805019021,162.43838161128886,33.34204720092628,172.6038233851193,2200.0,20.0,-1.8117280304431915,109.79150295257568,-7.097234438981344
517,5.17,-6.211194811263867,-3.440687760563074,0.7719090273264853,161.44439655049123,34.38436975817461,171.81176252796865,2200.0,20.0,-1.026274710893631,109.78253269195557,-7.074380835347432
518,5.18,-6.2069787900499485,-3.438682275803668,0.7470802360656635,160.41416249467983,35.41212086473313,170.9887035205868,2200.0,20.0,-0.19558385014533997,109.77356243133545,-7.04858351624663
519,5.19,-6.201973632440883,-3.436349289827504,0.7212273756578884,159.34633719029264,36.42455499357511,170.13332648452575,2200.0,20.0,0.6859998404979706,109.76459217071533,-7.019962222160913
520,5.2,-6.196157831149809,-3.4336798402888045,0.6943703592034782,158.2395536103488,37.42087785290557,169.24428935260073,2200.0,20.0,1.625996083021164,109.75562191009521,-6.988628858909068
521,5.21,-6.189510308424889,-3.4306651339061864,0.6665296331904494,157.09242588323013,38.400247960319994,168.320233502572,2200.0,20.0,2.632196545600891,109.7466516494751,-6.954693382640636
522,5.22,-6.1820104264955535,-3.4272965513360845,0.6377261674285157,155.9035578955026,39.36177346281158,167.35979283450703,2200.0,20.0,3.7102967500686646,109.73768138885498,-6.918257218969924
523,5.23,-6.173637998795269,-3.423565651900332,0.6079814440433486,154.671551396074,40.30451617251898,166.3616010359164,2200.0,20.0,4.861622452735901,109.72871112823486,-6.879418810534421
524,5.24,-6.164373300667912,-3.41946417830852,0.5773174466492541,153.3950167970373,41.22749275974364,165.32430168086697,2200.0,20.0,6.081898808479309,109.71974086761475,-6.838271746859985
525,5.25,-6.154197079915757,-3.4149840613679507,0.5457566493893203,152.07258700000452,42.12967355410283,164.24656198807298,2200.0,20.0,7.362259030342102,109.71077060699463,-6.794905247922506
526,5.26,-6.143090566962626,-3.410117424618128,0.5133220057049882,150.70293427181764,43.00997968897582,163.12709021886505,2200.0,20.0,8.69230329990387,109.70180034637451,-6.749403913423548
527,5.2700000000000005,-6.131035484751181,-3.4048565888777,0.4800369368343514,149.28478953992376,43.86728189156509,161.96465525465956,2200.0,20.0,10.063693523406982,109.6928300857544,-6.701848405401997
528,5.28,-6.1180140583490425,-3.399194076697334,0.44592532002628515,147.81696425284622,44.700400695524955,160.75810860132725,2200.0,20.0,11.472766399383545,109.68385982513428,-6.652315804006393
529,5.29,-6.104009024375943,-3.3931226165208597,0.41101147654684483,146.29837527092232,45.508107976312644,159.5064095418678,2200.0,20.0,12.921066284179688,109.67488956451416,-6.600879812127559
530,5.3,-6.089003639832902,-3.386635148054432,0.37532015926928236,144.7280663353301,46.28912615021099,158.20865453567166,2200.0,20.0,14.414238929748535,109.66591930389404,-6.547611806003083
531,5.3100000000000005,-6.07298169180379,-3.3797248239786706,0.33887654059438854,143.10524724155187,47.042137313571374,156.86410253511622,2200.0,20.0,15.959866046905518,109.65694904327393,-6.492579264011937
532,5.32,-6.055927505390932,-3.3723850165493325,0.3017061993799483,141.4293216696111,47.76578513813188,155.47220925877318,2200.0,20.0,17.566251754760742,109.64797878265381,-6.43584797673971
533,5.33,-6.037825952420852,-3.3646093207836634,0.2638351082398682,139.6999209579199,48.4586799596125,154.0326643628496,2200.0,20.0,19.24166440963745,109.63900852203369,-6.37748157073101
534,5.34,-6.018662460250289,-3.3563915564506335,0.22528962080123888,137.9169469308904,49.11941005946159,152.54542268387866,2200.0,19.029409885406494,20.0,109.63003826141357,-6.317539910766507
535,5.3500000000000005,-5.999412236893328,-3.347892606926465,0.1998712766238062,129.2451104901834,47.91940493300599,143.97128115838706,2200.0,16.321918964385986,20.0,109.62106800079346,-7.179811130511784
536,5.36,-5.979840170886003,-3.339466057288118,0.1672487304267934,114.2091788502642,42.13955360172839,129.64760373320763,2200.0,-20.0,5.571394562721252,109.61209774017334,-7.717072339629965
537,5.37,-5.960361665082033,-3.3308919655564195,0.14518076495722515,102.45104509934971,33.889374834590335,119.9962514710802,2200.0,-20.0,-14.272522926330566,109.60312747955322,-7.8787090916636995
538,5.38,-5.941057211943865,-3.3205012492980894,0.12394097725129694,99.1005090394709,47.97401502417757,118.15986937780572,2200.0,-20.0,-20.0,109.5941572189331,-17.425974367950886
539,5.39,-5.9212726108230225,-3.3098837280183107,0.1054229686176359,100.96376131038967,54.57176236912951,119.38417781459657,2200.0,19.599783420562744,1.1772279441356657,109.58518695831299,-10.66296831353197
540,5.4,-5.906469549717391,-3.3019781317305017,0.09472352305626058,104.30970852970115,52.753849313969994,122.69494414274561,2200.0,-20.0,20.0,109.57621669769287,-105.87842610178252
